"Status","Clearing Status","Doc Status","Cmt","Priority","Post Clearing Event","Account","Cpty Trade Id","Cpty(s)","Deal ID","Description","Direction","Cpty Ref ID","Execution Timestamp","Fee","Fee CCY","Last Activity","Maturity Date","Notional","CCY","Product","My Product Type Id","Trade Date","Trade ID","Trader Name","Type","A (Amended)","Fixed Rate (1st Leg Rate)","Floating Rate (2nd Leg Rate)","FV Notional","Independent Amount $","Independent Amount %","Index/Underlying","M (Modified)","Novation Date","STP","Strategy","Strike Price","# Shares / Options","Additional Trade Id","Confirmed","Multiplier/Option Entitlement","Purchase Cash Amount","Repurchase Cash Amount","Repo Rate (%)","Repo Spread (bp)","Purchase Security Nominal","Purchase Security Quantity","SA Name"
"CLEARED","CLR-LCH_EUR","Doc(s) Req'd","","N","N","Block","42107621_1","M.BANK","","IRS USD 15Y","Recv Fixed","42107621","01-Jul-2026 02:36:48 PM","0","USD","03-Jul-2026 02:32:08 AM","06-Jul-2041","592719410","USD","IRS","IRS","02-Jul-2026","","","New","","5.2","","0","0","","USD-SOFR CME Term","M","02-Jul-2026","STP","two-way","","","","","","0","0","","","0","0","",
"CLEARED","CLR-LCH_EUR","Doc(s) Req'd","","N","N","MWMF_FUND1","42107494_1","MWMF","","IRS AUD 15Y","Recv Fixed","42107494","01-Jul-2026 01:52:21 PM","0","AUD","03-Jul-2026 02:31:10 AM","02-Jul-2041","152576800","AUD","IRS","IRS","01-Jul-2026","","","New","","5.2","","0","0","","AUD-BBSW","","01-Jul-2026","STP","two-way","","","","","","0","0","","","0","0","",
"CLEARED","CLR-LCH_EUR","Doc(s) Req'd","","N","N","MWMF_FUND1","42107483_1","MWMF","","IRS AUD 15Y","Recv Fixed","42107483","01-Jul-2026 01:50:37 PM","0","AUD","03-Jul-2026 02:31:01 AM","02-Jul-2041","291907990","AUD","IRS","IRS","01-Jul-2026","","","New","","5.2","","0","0","","AUD-BBSW","","01-Jul-2026","STP","two-way","","","","","","0","0","","","0","0","",
"AWAIT EB","RDY-LCH_EUR","","","N","N","MWMF_FUND1","42107470_1","MWMF","","OIS USD 6m","Pay Fixed","42107470","01-Jul-2026 01:44:21 PM","0","USD","03-Jul-2026 02:30:54 AM","06-Jan-2027","549220150","USD","OIS","IRS","01-Jul-2026","","","New","","5","","0","0","","USD-SOFR-OIS Compound","","01-Jul-2026","STP","two-way","","","","","","0","0","","","0","0","",
"AWAIT EB","RDY-DCMER","","","N","N","Block","42107439_1","M.BANK","","IRS AUD 15Y","Recv Fixed","42107439","01-Jul-2026 01:40:37 PM","0","AUD","03-Jul-2026 02:30:39 AM","02-Jul-2041","931317260","AUD","IRS","IRS","01-Jul-2026","","","New","","5.2","","0","0","","AUD-BBSW","M","01-Jul-2026","STP","two-way","","","","","","0","0","","","0","0","",
"CLEARED","CLR-LCH_EUR","Doc(s) Req'd","","N","N","Block","42107403_1","M.BANK","","FRA EUR 6 x 12","Buy","42107403","01-Jul-2026 01:37:27 PM","0","EUR","03-Jul-2026 02:30:18 AM","05-Jul-2027","936899040","EUR","FRA","FRA","01-Jul-2026","","","New","","1.234568","","0","0","","EUR-EURIBOR","M","01-Jul-2026","STP","two-way","","","","","","0","0","","","0","0","",
"CLEARED","CLR-LCH_EUR","Doc(s) Req'd","","N","N","Block","42107368_1","M.BANK","","IRS AUD 15Y","Recv Fixed","42107368","01-Jul-2026 01:34:32 PM","0","AUD","03-Jul-2026 02:29:54 AM","02-Jul-2041","348217200","AUD","IRS","IRS","01-Jul-2026","","","New","","5.2","","0","0","","AUD-BBSW","M","01-Jul-2026","STP","two-way","","","","","","0","0","","","0","0","",
"CLEARED","CLR-LCH_EUR","Doc(s) Req'd","","N","N","MWMF_FUND1","42107355_1","M.BANK","","ZC Inflation Swap USD 1Y","Pay Fixed","42107355","01-Jul-2026 01:32:26 PM","0","USD","03-Jul-2026 02:08:27 AM","03-Jul-2027","747724620","USD","IFS","IFS","01-Jul-2026","","","New","","5.2","","0","0","","USA-CPI-U","","01-Jul-2026","STP","two-way","","","","","","0","0","","","0","0","",
"CLEARED","CLR-LCH_EUR","Doc(s) Req'd","","N","N","MWMF_FUND1","42107346_1","M.BANK","","FRA EUR 6 x 12","Buy","42107346","01-Jul-2026 01:30:28 PM","0","EUR","03-Jul-2026 02:08:16 AM","05-Jul-2027","733332860","EUR","FRA","FRA","01-Jul-2026","","","New","","1.234568","","0","0","","EUR-EURIBOR","","01-Jul-2026","STP","two-way","","","","","","0","0","","","0","0","",
"CLEARED","CLR-LCH_EUR","Doc(s) Req'd","","N","N","MWMF_FUND1","42107335_1","M.BANK","","IRS AUD 15Y","Recv Fixed","42107335","01-Jul-2026 01:28:35 PM","0","AUD","03-Jul-2026 02:08:13 AM","02-Jul-2041","999822320","AUD","IRS","IRS","01-Jul-2026","","","New","","5.2","","0","0","","AUD-BBSW","","01-Jul-2026","STP","two-way","","","","","","0","0","","","0","0","",
"CLEARED","CLR-LCH_EUR","Doc(s) Req'd","","N","N","Block","42106697_1","M.BANK","","IRS USD 15Y","Recv Fixed","42106697","01-Jul-2026 07:52:09 AM","0","USD","03-Jul-2026 02:06:59 AM","03-Jul-2041","636857390","USD","IRS","IRS","01-Jul-2026","","","New","","5.2","","0","0","","USD-SOFR CME Term","M","01-Jul-2026","STP","two-way","","","","","","0","0","","","0","0","",
"CLEARED","CLR-LCH_EUR","Doc(s) Req'd","","N","N","MWMF_FUND1","42106632_1","MWMF","","IRS AUD 15Y","Recv Fixed","42106632","01-Jul-2026 07:04:39 AM","0","AUD","03-Jul-2026 02:06:39 AM","02-Jul-2041","976516340","AUD","IRS","IRS","01-Jul-2026","","","New","","5.2","","0","0","","AUD-BBSW","","01-Jul-2026","STP","two-way","","","","","","0","0","","","0","0","",
"AWAIT EB","RDY-LCH_EUR","","","N","N","MWMF_FUND1","42106627_1","MWMF","","OIS USD 6m","Pay Fixed","42106627","01-Jul-2026 06:58:23 AM","0","USD","03-Jul-2026 02:06:35 AM","06-Jan-2027","242867540","USD","OIS","IRS","01-Jul-2026","","","New","","5","","0","0","","USD-SOFR-OIS Compound","","01-Jul-2026","STP","two-way","","","","","","0","0","","","0","0","",
"CLEARED","CLR-LCH_EUR","Doc(s) Req'd","","N","N","Block","42106593_1","M.BANK","","IRS AUD 15Y","Recv Fixed","42106593","01-Jul-2026 06:48:33 AM","0","AUD","03-Jul-2026 02:06:28 AM","02-Jul-2041","277146560","AUD","IRS","IRS","01-Jul-2026","","","New","","5.2","","0","0","","AUD-BBSW","M","01-Jul-2026","STP","two-way","","","","","","0","0","","","0","0","",
"CLEARED","CLR-LCH_EUR","Doc(s) Req'd","","N","N","MWMF_FUND1","42106581_1","M.BANK","","FRA EUR 6 x 12","Buy","42106581","01-Jul-2026 06:44:23 AM","0","EUR","03-Jul-2026 02:06:23 AM","05-Jul-2027","361802770","EUR","FRA","FRA","01-Jul-2026","","","New","","1.234568","","0","0","","EUR-EURIBOR","","01-Jul-2026","STP","two-way","","","","","","0","0","","","0","0","",
"AWAIT EB","RDY-LCH_EUR","","","N","N","MWMF_FUND1","42106319_1","MWMF","","IRS AUD 15Y","Recv Fixed","42106319","01-Jul-2026 02:57:18 AM","0","AUD","03-Jul-2026 02:06:03 AM","02-Jul-2041","307453470","AUD","IRS","IRS","01-Jul-2026","","","New","","5.2","","0","0","","AUD-BBSW","","01-Jul-2026","STP","two-way","","","","","","0","0","","","0","0","",
"CLEARED","CLR-LCH_EUR","Doc(s) Req'd","","N","N","MWMF_FUND1","42106638_1","MWMF","","IRS AUD 15Y","Recv Fixed","42106638","01-Jul-2026 07:06:21 AM","0","AUD","03-Jul-2026 02:06:02 AM","02-Jul-2041","434534770","AUD","IRS","IRS","01-Jul-2026","","","New","","5.2","","0","0","","AUD-BBSW","","01-Jul-2026","STP","two-way","","","","","","0","0","","","0","0","",
"CLEARED","CLR-DCMER","Doc(s) Req'd","","N","N","Block","42106618_1","M.BANK","","IRS AUD 15Y","Recv Fixed","42106618","01-Jul-2026 06:55:26 AM","0","AUD","03-Jul-2026 02:05:58 AM","02-Jul-2041","525612320","AUD","IRS","IRS","01-Jul-2026","","","New","","5.2","","0","0","","AUD-BBSW","M","01-Jul-2026","STP","two-way","","","","","","0","0","","","0","0","",
"AWAIT EB","RDY-LCH_EUR","","","N","N","MWMF_FUND2","42106609_1","M.BANK","","FRA EUR 6 x 12","Buy","42106609","01-Jul-2026 06:52:03 AM","0","EUR","03-Jul-2026 02:05:50 AM","05-Jul-2027","340079430","EUR","FRA","FRA","01-Jul-2026","","","New","","1.234568","","0","0","","EUR-EURIBOR","","01-Jul-2026","STP","two-way","","","","","","0","0","","","0","0","",
"CLEARED","CLR-LCH_EUR","Doc(s) Req'd","","N","N","MWMF_FUND1","42106587_1","M.BANK","","ZC Inflation Swap USD 1Y","Pay Fixed","42106587","01-Jul-2026 06:46:28 AM","0","USD","03-Jul-2026 02:05:43 AM","03-Jul-2027","781257050","USD","IFS","IFS","01-Jul-2026","","","New","","5.2","","0","0","","USA-CPI-U","","01-Jul-2026","STP","two-way","","","","","","0","0","","","0","0","",
"CLEARED","CLR-LCH_EUR","Doc(s) Req'd","","N","N","MWMF_FUND1","42106575_1","M.BANK","","IRS AUD 15Y","Recv Fixed","42106575","01-Jul-2026 06:41:53 AM","0","AUD","03-Jul-2026 02:05:40 AM","02-Jul-2041","796565280","AUD","IRS","IRS","01-Jul-2026","","","New","","5.2","","0","0","","AUD-BBSW","","01-Jul-2026","STP","two-way","","","","","","0","0","","","0","0","",
"AWAIT EB","RDY-LCH_EUR","","","N","N","MWMF_FUND2","42106413_1","M.BANK","","IRS USD 15Y","Recv Fixed","42106413","01-Jul-2026 03:23:04 AM","0","USD","03-Jul-2026 02:05:31 AM","03-Jul-2041","184656708","USD","IRS","IRS","01-Jul-2026","","","New","","5.2","","0","0","","USD-SOFR CME Term","","01-Jul-2026","STP","two-way","","","","","","0","0","","","0","0","",
"AWAIT EB","RDY-LCH_EUR","","","N","N","MWMF_FUND1","42106414_1","M.BANK","","IRS USD 15Y","Recv Fixed","42106414","01-Jul-2026 03:23:03 AM","0","USD","03-Jul-2026 02:05:29 AM","03-Jul-2041","123104472","USD","IRS","IRS","01-Jul-2026","","","New","","5.2","","0","0","","USD-SOFR CME Term","","01-Jul-2026","STP","two-way","","","","","","0","0","","","0","0","",
"AWAIT EB","RDY-LCH_EUR","","","N","N","MWMF_FUND1","42106325_1","MWMF","","IRS AUD 15Y","Recv Fixed","42106325","01-Jul-2026 02:57:49 AM","0","AUD","03-Jul-2026 02:05:13 AM","02-Jul-2041","892922340","AUD","IRS","IRS","01-Jul-2026","","","New","","5.2","","0","0","","AUD-BBSW","","01-Jul-2026","STP","two-way","","","","","","0","0","","","0","0","",
"AWAIT EB","RDY-LCH_EUR","","","N","N","MWMF_FUND1","42106309_1","MWMF","","OIS USD 6m","Pay Fixed","42106309","01-Jul-2026 02:56:43 AM","0","USD","03-Jul-2026 02:05:03 AM","06-Jan-2027","980471330","USD","OIS","IRS","01-Jul-2026","","","New","","5","","0","0","","USD-SOFR-OIS Compound","","01-Jul-2026","STP","two-way","","","","","","0","0","","","0","0","",
"AWAIT EB","RDY-LCH_EUR","","","N","N","MWMF_FUND1","42106247_1","M.BANK","","IRS AUD 15Y","Recv Fixed","42106247","01-Jul-2026 02:47:59 AM","0","AUD","03-Jul-2026 02:04:45 AM","02-Jul-2041","168529760","AUD","IRS","IRS","01-Jul-2026","","","New","","5.2","","0","0","","AUD-BBSW","","01-Jul-2026","STP","two-way","","","","","","0","0","","","0","0","",
"AWAIT EB","RDY-DCMER","","","N","N","MWMF_FUND1","42106288_1","M.BANK","","IRS AUD 15Y","Recv Fixed","42106288","01-Jul-2026 02:50:32 AM","0","AUD","03-Jul-2026 02:04:41 AM","02-Jul-2041","184902904","AUD","IRS","IRS","01-Jul-2026","","","New","","5.2","","0","0","","AUD-BBSW","","01-Jul-2026","STP","two-way","","","","","","0","0","","","0","0","",
"AWAIT EB","RDY-LCH_EUR","","","N","N","MWMF_FUND2","42106279_1","M.BANK","","FRA EUR 6 x 12","Buy","42106279","01-Jul-2026 02:50:02 AM","0","EUR","03-Jul-2026 02:04:38 AM","05-Jul-2027","318195624","EUR","FRA","FRA","01-Jul-2026","","","New","","1.234568","","0","0","","EUR-EURIBOR","","01-Jul-2026","STP","two-way","","","","","","0","0","","","0","0","",
"AWAIT EB","RDY-LCH_EUR","","","N","N","Block","42106267_1","M.BANK","","IRS AUD 15Y","Recv Fixed","42106267","01-Jul-2026 02:49:26 AM","0","AUD","03-Jul-2026 02:04:33 AM","02-Jul-2041","888842950","AUD","IRS","IRS","01-Jul-2026","","","New","","5.2","","0","0","","AUD-BBSW","M","01-Jul-2026","STP","two-way","","","","","","0","0","","","0","0","",
"AWAIT EB","RDY-LCH_EUR","","","N","N","MWMF_FUND1","42106260_1","M.BANK","","ZC Inflation Swap USD 1Y","Pay Fixed","42106260","01-Jul-2026 02:48:52 AM","0","USD","03-Jul-2026 02:04:24 AM","03-Jul-2027","457489830","USD","IFS","IFS","01-Jul-2026","","","New","","5.2","","0","0","","USA-CPI-U","","01-Jul-2026","STP","two-way","","","","","","0","0","","","0","0","",
"AWAIT EB","RDY-LCH_EUR","","","N","N","MWMF_FUND1","42106254_1","M.BANK","","FRA EUR 6 x 12","Buy","42106254","01-Jul-2026 02:48:26 AM","0","EUR","03-Jul-2026 02:04:22 AM","05-Jul-2027","408243570","EUR","FRA","FRA","01-Jul-2026","","","New","","1.234568","","0","0","","EUR-EURIBOR","","01-Jul-2026","STP","two-way","","","","","","0","0","","","0","0","",
"CPTY ALLEGED","N/A","Doc(s) Req'd","03-Jul-2026 at 01:46:54 AM EDT - MarkitWire -  ' MarkitWire Template Changed for fields : Autocallable Direction B, Autocallable Option Type A, Autocallable Strike %, Autocallable Strike Date, Conditional Coupon, Coupon Determination Dates, Coupon Payment Dates, Equity End Dates, Equity Notio(...) '|","N","N","MWMF_FUND1","42110094_1","M.BANK","","Autocallable Master EQ SH SW","Rec Equity,Pay Interest","42110094","","0","USD","03-Jul-2026 01:46:54 AM","17-Jul-2026","200000","USD","EQS","EQS","03-Jul-2026","","","New","","","","0","0","","GOOG.OQ","","03-Jul-2026","STP","two-way","","Qty 100","","","","0","0","","","0","0","",
"CPTY ALLEGED","N/A","Doc(s) Req'd","03-Jul-2026 at 01:46:26 AM EDT - MarkitWire -  ' MarkitWire Template Changed for fields : Autocallable Direction B, Autocallable Option Type A, Autocallable Strike, Equity End Dates, Equity Notional Reset, Option Style '|","N","N","MWMF_FUND1","42110092_1","M.BANK","","Autocallable Master EQ IN SW","Rec Equity,Pay Interest","42110092","","0","USD","03-Jul-2026 01:46:27 AM","04-Aug-2026","930000","USD","EQS","EQS","03-Jul-2026","","","New","","","","0","0","",".SPX","","03-Jul-2026","STP","two-way","","Qty 600","","","","0","0","","","0","0","",
"CPTY ALLEGED","N/A","Doc(s) Req'd","03-Jul-2026 at 01:31:39 AM EDT - MarkitWire -  ' MarkitWire Template Changed for fields : Autocallable Direction B, Autocallable Option Type A, Autocallable Strike, Equity End Dates, Equity Notional Reset, Option Style '|","N","N","MWMF_FUND1","42110090_1","M.BANK","","Autocallable Master EQ IN SW","Rec Equity,Pay Interest","42110090","","0","USD","03-Jul-2026 01:31:39 AM","04-Aug-2026","930000","USD","EQS","EQS","03-Jul-2026","","","New","","","","0","0","",".SPX","","03-Jul-2026","STP","two-way","","Qty 600","","","","0","0","","","0","0","",
"CPTY ALLEGED","N/A","Doc(s) Req'd","","N","N","Block","38123408_1","M.BANK","","Basis Swap HUF 1Y","Recv","38123408","08-Jun-2026 11:59:06 PM","1000","HUF","08-Jun-2026 11:59:23 PM","11-Jun-2027","193582580","HUF","BSWP","BSWP","09-Jun-2026","","","New","","","","0","0","","HUF-HUFONIA","","09-Jun-2026","STP","two-way","","","","","","0","0","","","0","0","",
"ERROR","N/A","Doc(s) Req'd","08-Jun-2026 at 11:51:42 PM EDT - System -  ' Disputed Field(s): Leg2 Date Offset (Client : -8D),Initial Fixing Business Centers (Client : USGS).Status updated to Disputed '|08-Jun-2026 at 11:51:42 PM EDT - System -  ' Disputed Field(s): Leg2 Date Offset (Dealer : -2D),Initial Fixing Business Centers (Dealer : USNY). Status updated to Disputed '|","N","N","1683","38123407_1","M.BANK","S38123407_1","","Pay Fixed","38123407","08-Jun-2026 11:49:56 PM","0","USD","08-Jun-2026 11:51:51 PM","11-Jun-2027","421247960","USD","IRS","IRSW","09-Jun-2026","TAUTO38123407_1","","New","","5.2","","","","","USD-SOFR CME Term","M","09-Jun-2026","STP","","","","","","","","","","","","","",
"CPTY ALLEGED","N/A","Doc(s) Req'd","","N","N","MWMF_FUND1","38123406_1","M.BANK","","IRS USD 10Y","Recv Fixed","38123406","08-Jun-2026 11:41:14 PM","0","USD","08-Jun-2026 11:41:39 PM","11-Jun-2027","683736710","USD","IRS","IRS","09-Jun-2026","","","New","","5.2","","0","0","","USD-SOFR CME Term","","09-Jun-2026","STP","two-way","","","","","","0","0","","","0","0","",
"CPTY ALLEGED","N/A","Doc(s) Req'd","08-Jun-2026 at 08:04:41 AM EDT - MarkitWire -  ' MarkitWire Template Changed for fields : Interp Index Tenor 1, Interp Index Tenor 1 2, Linear Interpolation, Linear Interpolation 2 '|","N","N","MWMF_FUND1","38123405_1","M.BANK","","Cross Currency Basis Swap AUD v CAD 1Y","Recv","38123405","08-Jun-2026 08:04:29 AM","0","CAD","08-Jun-2026 08:04:43 AM","09-Aug-2026","992743930","CAD","CCBSWP","CCBSWP","08-Jun-2026","","","New","","","","0","0","","AUD-BBSY Bid","","08-Jun-2026","STP","two-way","","","","","","0","0","","","0","0","",
"CPTY ALLEGED","N/A","Doc(s) Req'd","08-Jun-2026 at 08:03:25 AM EDT - MarkitWire -  ' MarkitWire Template Changed for fields : Interp Index Tenor 1, Interp Index Tenor 1 2, Linear Interpolation, Linear Interpolation 2 '|","N","N","MWMF_FUND1","38123404_1","M.BANK","","Cross Currency Basis Swap AUD v CAD 1Y","Recv","38123404","08-Jun-2026 08:03:12 AM","0","CAD","08-Jun-2026 08:03:27 AM","09-Aug-2026","534131660","CAD","CCBSWP","CCBSWP","08-Jun-2026","","","New","","","","0","0","","AUD-BBSY Bid","","08-Jun-2026","STP","two-way","","","","","","0","0","","","0","0","",
"CPTY ALLEGED","N/A","Doc(s) Req'd","08-Jun-2026 at 07:59:07 AM EDT - MarkitWire -  ' MarkitWire Template Changed for fields : Interp Index Tenor 1, Interp Index Tenor 1 2, Linear Interpolation, Linear Interpolation 2 '|","N","N","MWMF_FUND1","38123403_1","M.BANK","","Cross Currency Basis Swap AUD v CAD 1Y","Recv","38123403","08-Jun-2026 07:58:37 AM","0","CAD","08-Jun-2026 07:59:10 AM","09-Aug-2026","568143900","CAD","CCBSWP","CCBSWP","08-Jun-2026","","","New","","","","0","0","","AUD-BBSY Bid","","08-Jun-2026","STP","two-way","","","","","","0","0","","","0","0","",
"CPTY ALLEGED","N/A","Doc(s) Req'd","","N","N","MWMF_FUND1","38123388_1","M.BANK","","IRS AUD 1Y","Pay Fixed","38123388","05-Jun-2026 07:25:01 AM","0","AUD","05-Jun-2026 07:25:38 AM","09-Jun-2027","5000000","AUD","IRS","IRS","05-Jun-2026","","","New","","5","","0","0","","AUD-BBR-BBSW","","05-Jun-2026","STP","two-way","","","","","","0","0","","","0","0","",
"CPTY ALLEGED","N/A","Doc(s) Req'd","","N","N","Block","42094958_1","M.BANK","","European Master EQ IN OP","Buy","42094958","05-Jun-2026 04:11:14 AM","9100","EUR","05-Jun-2026 04:12:07 AM","19-Jun-2026","0","EUR","EQO","EQO","05-Jun-2026","","","New","","","","0","0","",".AEX","","05-Jun-2026","STP","two-way","9","Qty 7","","","1","0","0","","","0","0","",
"CONFIRMED","N/A","Executed","05-Jun-2026 at 04:09:51 AM EDT - mw.demo@markitserv.com -  ' Trade manually affirmed '|05-Jun-2026 at 04:09:41 AM EDT - System -  ' Disputed Field(s): Fixed Rate (Dealer : 7), [ Allocations-->|1684:MWMF_FUND2:Independent Amount (Dealer : NOT PROVIDED)|1683:MWMF_FUND1:Independent Amount (Dealer : NOT PROVIDED) ]. Status updated to Disputed '|05-Jun-2026 at 04:09:41 AM EDT - System -  ' Disputed Field(s): Fixed Rate (Client : 6), [ Allocations-->|1684:MWMF_FUND2:Independent Amount|1683:MWMF_FUND1:Independent Amount ].Status updated to Disputed '|","N","N","Block","42094954_1","M.BANK","IFS_ALCT_05062026","","Recv Fixed","42094954","05-Jun-2026 04:10:02 AM","0","USD","05-Jun-2026 04:10:14 AM","09-Jun-2027","12000000","USD","IFS","IFS","05-Jun-2026","IFS_ALCT_05062026","","New","","6","","","14358795.4","119","USA-CPI-U","M","05-Jun-2026","STP","","","","","C-MWIRE","","","","","","","","",
"CONFIRMED","N/A","Executed","05-Jun-2026 at 03:13:00 AM EDT - MarkitWire -  ' Allocations have been uploaded. Please affirm:affirming the trade '|05-Jun-2026 at 03:12:47 AM EDT - mw.demo@markitserv.com -  ' Trade manually affirmed with the message - affirming the trade '|05-Jun-2026 at 03:10:44 AM EDT - MarkitWire -  ' Disputed Field(s): Fixed Rate (Client : 5),Maturity Date (Client : 29-Jan-2027),2nd Leg Effective Date (Client : 29-Jan-2027).Status updated to Disputed '|","N","N","Block","42094949_1","M.BANK","IRS_ALCT_05062026","","Recv Fixed","42094949","05-Jun-2026 03:18:20 AM","0","USD","05-Jun-2026 03:18:32 AM","29-Jan-2027","18000000","USD","IRS","IRSW","05-Jun-2026","IRS_ALCT_05062026","","New","","5","","0","0","","USD-SOFR CME Term","M","05-Jun-2026","STP","","","","","C-MWIRE","","0","0","","","0","0","",
"CPTY ALLEGED","N/A","Doc(s) Req'd","","N","N","Block","42094945_1","M.BANK","","OIS USD 6m","Pay Fixed","42094945","05-Jun-2026 03:01:07 AM","0","USD","05-Jun-2026 03:05:35 AM","09-Dec-2026","839751030","USD","OIS","IRS","05-Jun-2026","S42094945_1_06052026_N","","New","","5","","0","0","","USD-SOFR-OIS Compound","","05-Jun-2026","STP","two-way","","","","R","","0","0","","","0","0","",
"CPTY ALLEGED","N/A","Doc(s) Req'd","","N","N","Block","42094942_1","M.BANK","","OIS USD 6m","Pay Fixed","42094942","05-Jun-2026 02:58:18 AM","0","USD","05-Jun-2026 03:03:30 AM","09-Dec-2026","610439410","USD","OIS","IRS","05-Jun-2026","S42094942_1_06052026_N","","New","","5","","0","0","","USD-SOFR-OIS Compound","","05-Jun-2026","STP","two-way","","","","","","0","0","","","0","0","",
"CPTY ALLEGED","N/A","Doc(s) Req'd","","N","N","Block","42094940_1","M.BANK","","OIS USD 6m","Pay Fixed","42094940","05-Jun-2026 02:55:08 AM","0","USD","05-Jun-2026 02:59:18 AM","09-Dec-2026","493589840","USD","OIS","IRS","05-Jun-2026","S42094940_1_06052026_N","","New","","5","","0","0","","USD-SOFR-OIS Compound","","05-Jun-2026","STP","two-way","","","","","","0","0","","","0","0","",
"CPTY ALLEGED","N/A","Doc(s) Req'd","","N","N","Block","42094933_1","M.BANK","","OIS USD 6m","Pay Fixed","42094933","05-Jun-2026 02:32:16 AM","0","USD","05-Jun-2026 02:36:16 AM","09-Dec-2026","790217880","USD","OIS","IRS","05-Jun-2026","S42094933_1_06052026_N","","New","","5","","0","0","","USD-SOFR-OIS Compound","","05-Jun-2026","STP","two-way","","","","R","","0","0","","","0","0","",
"CPTY ALLEGED","N/A","Doc(s) Req'd","","N","N","Block","42094925_1","M.BANK","","OIS USD 6m","Pay Fixed","42094925","05-Jun-2026 02:19:30 AM","0","USD","05-Jun-2026 02:24:49 AM","09-Dec-2026","575322130","USD","OIS","IRS","05-Jun-2026","S42094925_1_06052026_N","","New","","5","","0","0","","USD-SOFR-OIS Compound","","05-Jun-2026","STP","two-way","","","","","","0","0","","","0","0","",
"CONFIRMED","N/A","Executed","05-Jun-2026 at 02:20:19 AM EDT - MarkitWire -  ' Allocations have been uploaded. Please affirm:Affirmed trade. '|05-Jun-2026 at 02:20:03 AM EDT - mw.demo@markitserv.com -  ' Trade manually affirmed with the message - Affirmed trade. '|05-Jun-2026 at 02:19:21 AM EDT - MarkitWire -  ' Disputed Field(s): Contractual Definitions (Client : ISDA2006),Float calculation frequency (Client : 1Y).Status updated to Disputed '|","N","N","Block","42094924_1","M.BANK","FFS_05062026_ALCT","","Recv Fixed","42094924","05-Jun-2026 02:20:57 AM","","EUR","05-Jun-2026 02:21:06 AM","09-Jun-2027","14000000","EUR","FIXED","FIXED","05-Jun-2026","FFS_05062026_ALCT","","New","","5","8","","","","","M","05-Jun-2026","STP","","","","","C-MWIRE","","","","","","","","",
"CPTY ALLEGED","N/A","Doc(s) Req'd","","N","N","Block","42094919_1","M.BANK","","OIS USD 6m","Pay Fixed","42094919","05-Jun-2026 01:52:06 AM","0","USD","05-Jun-2026 01:56:21 AM","09-Dec-2026","850353960","USD","OIS","IRS","05-Jun-2026","S42094919_1_06052026_N","","New","","5","","0","0","","USD-SOFR-OIS Compound","","05-Jun-2026","STP","two-way","","","","R","","0","0","","","0","0","",
"CPTY ALLEGED","IFC-LCH_EUR","Doc(s) Req'd","","N","N","MWMF_FUND1","42094913_1","M.BANK","","IRS AUD 15Y","Recv Fixed","42094913","05-Jun-2026 01:08:17 AM","0","AUD","05-Jun-2026 01:12:07 AM","09-Jun-2041","710911650","AUD","IRS","IRS","05-Jun-2026","A42094913_1_2_06052026_N","","New","","5.2","","0","0","","AUD-BBSW","","05-Jun-2026","STP","two-way","","","","","","0","0","","","0","0","",
"ERROR","N/A","Doc(s) Req'd","05-Jun-2026 at 12:06:52 AM EDT - System -  ' Disputed Field(s): Trade Date (Client : 11-Mar-2026),Notional (Client : USD 22000000),Fixed Rate (Client : 5),Maturity Date (Client : 13-Mar-2027),2nd Leg Effective Date (Client : 13-Mar-2026),Effective Date (Client : 13-Mar-2026),Fee 1(w/ tole(...) '|05-Jun-2026 at 12:06:52 AM EDT - System -  ' Disputed Field(s): Trade Date (Dealer : 09-Jan-2025),Notional (Dealer : USD 13000000),Fixed Rate (Dealer : 1),Maturity Date (Dealer : 13-Jan-2026),2nd Leg Effective Date (Dealer : 13-Jan-2025),Effective Date (Dealer : 13-Jan-2025),Fee 1(w/ tole(...) '|11-Mar-2026 at 06:10:27 AM EDT - System -  ' Disputed Field(s): Fee 1(w/ tolerance btwn 0.0 and 8.0) (Client : USD 100), [ Allocations-->|1684:MWMF_FUND2:Fee (Client : USD 100) ].Status updated to Disputed '|","N","N","1684","38093897_1","M.BANK","IRS_Test_11032026_DemoC","","Recv Fixed","38093897","09-Jan-2025 02:18:44 AM","100","USD","05-Jun-2026 12:06:53 AM","13-Mar-2027","22000000","USD","IRS","IRSW","11-Mar-2026","IRS_Test_11032026_DemoC","","New","","5","","","","","USD-SOFR CME Term","M","11-Mar-2026","STP","","","","","","","","","","","","","",
"DISPUTED","N/A","Doc(s) Req'd","05-Jun-2026 at 12:06:51 AM EDT - System -  ' Disputed Field(s): Trade Date (Client : 12-Mar-2026),Notional (Client : AUD 548168760),Fixed Rate (Client : 5),Maturity Date (Client : 13-Sep-2026),Float calculation frequency (Client : 3M),Fixed calculation frequency (Client : 3M),Float leg re(...) '|05-Jun-2026 at 12:06:51 AM EDT - System -  ' Disputed Field(s): Trade Date (Dealer : 12-Feb-2026),Notional (Dealer : AUD 517787460),Fixed Rate (Dealer : 5.2),Maturity Date (Dealer : 13-Feb-2041),Float calculation frequency (Dealer : 6M),Fixed calculation frequency (Dealer : 6M),Float leg (...) '|12-Mar-2026 at 06:25:12 AM EDT - System -  ' Disputed Field(s): Cannot upload fees where mismatch exists. Fee 1 (Dealer : AUD 1000). Status updated to Disputed '|","N","N","Block","42030139_1","M.BANK","S42049076_1","","Pay Fixed","42030139","12-Feb-2026 06:07:33 AM","96","AUD","05-Jun-2026 12:06:51 AM","13-Sep-2026","548168760","AUD","IRS","IRSW","12-Mar-2026","TAUTO42049076_1","","New","","5","","","","","AUD-BBSW","M","12-Mar-2026","","","","","","","","","","","","","","",
"ERROR","N/A","Doc(s) Req'd","05-Jun-2026 at 12:06:47 AM EDT - System -  ' Disputed Field(s): Fixed Rate (Client : 8),Fee 1(w/ tolerance btwn 0.0 and 7.0) (Client : USD 100), [ Allocations-->|1684:MWMF_FUND2:Fee (Client : USD 100) ].Status updated to Disputed '|05-Jun-2026 at 12:06:47 AM EDT - System -  ' Disputed Field(s): Fixed Rate (Dealer : 6),Fee 1(w/ tolerance btwn 0.0 and 7.0) (Dealer : USD 109), [ Allocations-->|1684:MWMF_FUND2:Fee (Dealer : USD 109) ]. Status updated to Disputed '|10-Mar-2026 at 07:57:14 AM EDT - System -  ' Disputed Field(s): Fixed Rate (Dealer : 6). Status updated to Disputed '|","N","N","1684","38123133_1","M.BANK","IRS_Test_10032026_T2","","Recv Fixed","38123133","10-Mar-2026 01:27:28 AM","100","USD","05-Jun-2026 12:06:48 AM","12-Mar-2027","15000000","USD","IRS","IRSW","10-Mar-2026","IRS_Test_10032026_T2","","New","","8","","","","","USD-SOFR CME Term","M","10-Mar-2026","STP","","","","","","","","","","","","","",
"ALLOC UPLOAD","N/A","Doc(s) Req'd","04-Jun-2026 at 01:42:27 PM EDT - mw.demo@markitserv.com -  ' Trade manually affirmed with the message - ok '|","N","N","Block","42094705_1","M.BANK","FFS_02062026_ALCT_2","","Pay Fixed","42094705","04-Jun-2026 01:29:01 PM","","EUR","04-Jun-2026 07:33:17 PM","04-Jun-2027","18000000","EUR","FIXED","FIXED","02-Jun-2026","FFS_02062026_ALCT_2","","New","","7","6","","","","","M","02-Jun-2026","","","","","","","","","","","","","","",
"DISPUTED","N/A","Doc(s) Req'd","04-Jun-2026 at 05:56:44 PM EDT - System -  ' Disputed Field(s): Trade Date (Dealer : 18-Feb-2026),Notional (Dealer : EUR 336031640),Maturity Date (Dealer : 22-Feb-2027),Effective Date (Dealer : 20-Aug-2026),Fee 1(w/ tolerance btwn 0.0 and 7.0) (Dealer : EUR 1000),Fee 1 Direction (Dealer :(...) '|04-Jun-2026 at 05:56:44 PM EDT - System -  ' Disputed Field(s): Trade Date (Client : 10-Mar-2026),Notional (Client : EUR 210100640),Maturity Date (Client : 12-Mar-2027),Effective Date (Client : 14-Sep-2026),Fee 1(w/ tolerance btwn 0.0 and 7.0) (Client : EUR 49),Fee 1 Direction (Client : P(...) '|10-Mar-2026 at 08:31:17 AM EDT - System -  ' Disputed Field(s): Fee 1(w/ tolerance btwn 0.0 and 8.0) (Client : EUR 49), [ Allocations-->|1683:MWMF_FUND1:Fee (Client : EUR 49) ].Status updated to Disputed '|","N","N","1683","42035351_1","M.BANK","S42048425_1","","Buy","42035351","18-Feb-2026 06:08:27 AM","49","EUR","04-Jun-2026 05:56:44 PM","12-Mar-2027","210100640","EUR","FRA","FRA","10-Mar-2026","TAUTO42048425_1","","New","","5","","","4202012.8","2","EUR-EURIBOR","M","10-Mar-2026","","","","","","","","","","","","","","",
"ERROR","N/A","Doc(s) Req'd","04-Jun-2026 at 05:46:09 PM EDT - System -  ' Disputed Field(s): Trade Date (Client : 11-Mar-2026),Cash Settlement Payment Date Offset (Client : 1),Multiplier (Client : 2),Fee(w/ tolerance btwn 0.0 and 1.0) (Client : EUR 7807),Number of Options (Client : 6),Strike Price (Client : 7),Expira(...) '|04-Jun-2026 at 05:46:09 PM EDT - System -  ' Disputed Field(s): Trade Date (Dealer : 29-Feb-2016),Cash Settlement Payment Date Offset (Dealer : 2),Multiplier (Dealer : 1),Fee(w/ tolerance btwn 0.0 and 1.0) (Dealer : EUR 1100),Number of Options (Dealer : 100),Strike Price (Dealer : 1),Expi(...) '|11-Mar-2026 at 08:38:22 AM EDT - System -  ' Disputed Field(s): Fee(w/ tolerance btwn 0.0 and 1.0) (Dealer : EUR 7800),Cash Settlement Payment Date Offset (Dealer : 2),Multiplier (Dealer : 1), [ Allocations-->|1683:Account Id (Dealer : no matching account) ]. Status updated to Disputed '|","N","N","1683","3398718_1","M.BANK","EQO_11032026_Test","","Sell","3398718","29-Feb-2016 09:16:34 AM","7807","EUR","04-Jun-2026 05:46:10 PM","26-Mar-2026","0","EUR","EQO","EQO","11-Mar-2026","EQO_11032026_Test","","New","","","","","","",".AEX","M","11-Mar-2026","STP","","7","Qty 6","","","2","","","","","","","",
"ERROR","N/A","Doc(s) Req'd","04-Jun-2026 at 05:46:08 PM EDT - System -  ' Disputed Field(s): Trade Date (Dealer : 05-Mar-2026),Expiration Date (Dealer : 06-Mar-2028 00:00),Fee Payment Date (Dealer : 09-Mar-2026). Status updated to Disputed '|04-Jun-2026 at 05:46:08 PM EDT - System -  ' Disputed Field(s): Trade Date (Client : 13-Mar-2026),Expiration Date (Client : 13-Mar-2028 00:00),Fee Payment Date (Client : 17-Mar-2026).Status updated to Disputed '|","N","N","Block","38123066_1","M.BANK","S42049375_1","","Sell","38123066","05-Mar-2026 05:40:53 AM","89168","USD","04-Jun-2026 05:46:09 PM","13-Mar-2028","0","USD","EQO","EQO","13-Mar-2026","TAUTO42049375_1","","New","","","","","6000","","GOOG.OQ","M","13-Mar-2026","STP","","10","Qty 5573","","","","","","","","","","",
"DISPUTED","N/A","Doc(s) Req'd","04-Jun-2026 at 05:22:26 PM EDT - System -  ' Disputed Field(s): Float leg roll convention (Dealer : 26),Fixed leg roll convention (Dealer : 26),Trade Date (Dealer : 24-Feb-2026),Scheduled Termination Date (Dealer : 26-Feb-2047),ETC Initial Period (Dealer : 10Y),Fee 2 Payment Date (Dealer (...) '|04-Jun-2026 at 05:22:26 PM EDT - System -  ' Disputed Field(s): Float leg roll convention (Client : 11),Fixed leg roll convention (Client : 11),Trade Date (Client : 10-Mar-2026),Scheduled Termination Date (Client : 11-Mar-2047),ETC Initial Period (Client : NOT PROVIDED),Fee 2 Payment Date(...) '|10-Mar-2026 at 08:16:34 AM EDT - System -  ' Disputed Field(s): Fee(w/ tolerance btwn 0.0 and 8.0) (Client : CAD 49), [ Allocations-->|1683:MWMF_FUND1:Fee (Client : CAD 49) ].Status updated to Disputed '|","N","N","1683","42038645_1","M.BANK","S42048420_1","","Recv Fixed","42038645","24-Feb-2026 05:50:58 AM","49","CAD","04-Jun-2026 05:22:26 PM","11-Mar-2047","200000","CAD","SWO","SWO","10-Mar-2026","TAUTO42048420_1","","New","","5","","","4000","2","CAD-CORRA-OIS Compound","M","10-Mar-2026","","","","","","","","","","","","","","",
"CLEARED","CLR-LCH_EUR","Doc(s) Req'd","04-Jun-2026 at 02:23:11 PM EDT - MarkitWire -  ' PreAgreed - BetaCleared;MW Id: 42094789;CCP Id: 42094785_2_0 '|04-Jun-2026 at 02:21:11 PM EDT - MarkitWire -  ' PreAgreed - BetaCleared;MW Id: 42094790;CCP Id: 42094786_2_0 '|","N","N","Block","42094783_1","M.BANK","","IRS USD 15Y","Recv Fixed","42094783","04-Jun-2026 02:20:49 PM","0","USD","04-Jun-2026 02:23:11 PM","08-Jun-2041","539173960","USD","IRS","IRS","04-Jun-2026","","","New","","5.2","","0","0","","USD-SOFR CME Term","M","04-Jun-2026","STP","two-way","","","","","","0","0","","","0","0","",
"CPTY ALLEGED","IFC-LCH_EUR","Doc(s) Req'd","","N","N","MWMF_FUND1","42094772_1","M.BANK","","OIS USD 6m","Pay Fixed","42094772","04-Jun-2026 02:12:37 PM","0","USD","04-Jun-2026 02:17:55 PM","08-Dec-2026","286091310","USD","OIS","IRS","04-Jun-2026","A42094772_1_2_06042026_N","","New","","5","","0","0","","USD-SOFR-OIS Compound","","04-Jun-2026","STP","two-way","","","","","","0","0","","","0","0","",
"CPTY ALLEGED","IFC-LCH_EUR","Doc(s) Req'd","","N","N","MWMF_FUND1","42094758_1","M.BANK","","ZC Inflation Swap USD 1Y","Pay Fixed","42094758","04-Jun-2026 02:04:47 PM","0","USD","04-Jun-2026 02:09:32 PM","08-Jun-2027","296150780","USD","IFS","IFS","04-Jun-2026","A42094758_1_2_06042026_N","","New","","5.2","","0","0","","USA-CPI-U","","04-Jun-2026","STP","two-way","","","","","","0","0","","","0","0","",
"CPTY ALLEGED","IFC-LCH_EUR","Doc(s) Req'd","","N","N","MWMF_FUND1","42094747_1","MWMF","","IRS AUD 15Y","Recv Fixed","42094747","04-Jun-2026 02:01:00 PM","0","AUD","04-Jun-2026 02:02:38 PM","05-Jun-2041","585584750","AUD","IRS","IRS","04-Jun-2026","","","New","","5.2","","0","0","","AUD-BBSW","","04-Jun-2026","STP","two-way","","","","","","0","0","","","0","0","",
"CPTY ALLEGED","IFC-LCH_EUR","Doc(s) Req'd","","N","N","MWMF_FUND1","42094740_1","MWMF","","Basis Swap EUR 1Y","Recv","42094740","04-Jun-2026 01:59:14 PM","0","EUR","04-Jun-2026 02:00:47 PM","08-Jun-2027","879346150","EUR","BSWP","BSWP","04-Jun-2026","","","New","","","","0","0","","EUR-EURIBOR","","04-Jun-2026","STP","two-way","","","","","","0","0","","","0","0","",
"CPTY ALLEGED","N/A","Doc(s) Req'd","","N","N","MWMF_FUND1","42094729_1","M.BANK","","IRS USD 15Y","Recv Fixed","42094729","04-Jun-2026 01:44:20 PM","0","USD","04-Jun-2026 01:48:39 PM","08-Jun-2041","526587550","USD","IRS","IRS","04-Jun-2026","A42094729_1_2_06042026_N","","New","","5.2","","0","0","","USD-SOFR CME Term","","04-Jun-2026","STP","two-way","","","","","","0","0","","","0","0","",
"ALLEGED","N/A","Doc(s) Req'd","","N","N","Block","","M.BANK","FFS_02062026_ALCT","","Pay Fixed","","","","EUR","04-Jun-2026 01:38:34 PM","04-Jun-2027","18000000","EUR","FIXED","FIXED","02-Jun-2026","FFS_02062026_ALCT","","New","","7","6","","","","","M","02-Jun-2026","","","","","","","","","","","","","","",
"CLEARED","CLR-LCH_EUR","Doc(s) Req'd","04-Jun-2026 at 01:36:15 PM EDT - MarkitWire -  ' PreAgreed - BetaCleared;MW Id: 42094717;CCP Id: 42094713_2_0 '|","N","N","MWMF_FUND1","42094713_1","MWMF","","IRS AUD 15Y","Recv Fixed","42094713","04-Jun-2026 01:34:25 PM","0","AUD","04-Jun-2026 01:36:15 PM","05-Jun-2041","457777350","AUD","IRS","IRS","04-Jun-2026","","","New","","5.2","","0","0","","AUD-BBSW","M","04-Jun-2026","STP","two-way","","","","","","0","0","","","0","0","",
"CLEARED","CLR-LCH_EUR","Doc(s) Req'd","04-Jun-2026 at 01:35:22 PM EDT - MarkitWire -  ' PreAgreed - BetaCleared;MW Id: 42094710;CCP Id: 42094707_2_0 '|","N","N","MWMF_FUND1","42094707_1","MWMF","","IRS AUD 15Y","Recv Fixed","42094707","04-Jun-2026 01:32:58 PM","0","AUD","04-Jun-2026 01:35:22 PM","05-Jun-2041","204594970","AUD","IRS","IRS","04-Jun-2026","","","New","","5.2","","0","0","","AUD-BBSW","M","04-Jun-2026","STP","two-way","","","","","","0","0","","","0","0","",
"CLEARED","CLR-LCH_EUR","Doc(s) Req'd","04-Jun-2026 at 01:35:03 PM EDT - MarkitWire -  ' PreAgreed - BetaCleared;MW Id: 42094701;CCP Id: 42094698_2_0 '|","N","N","MWMF_FUND1","42094698_1","MWMF","","OIS USD 6m","Pay Fixed","42094698","04-Jun-2026 01:24:45 PM","0","USD","04-Jun-2026 01:35:03 PM","08-Dec-2026","896865900","USD","OIS","IRS","04-Jun-2026","","","New","","5","","0","0","","USD-SOFR-OIS Compound","M","04-Jun-2026","STP","two-way","","","","","","0","0","","","0","0","",
"CPTY ALLEGED","N/A","Doc(s) Req'd","","N","N","MWMF_FUND1","42094696_1","M.BANK","","Cross Currency IRS USD v EUR 1Y","Pay","42094696","04-Jun-2026 01:22:15 PM","1000","USD","04-Jun-2026 01:34:50 PM","17-Jun-2027","668402850","USD","CCIRS","IRS","04-Jun-2026","","","New","","4.2","","0","13368057","2","EUR-EuroSTR-OIS Compound","","04-Jun-2026","STP","two-way","","","","","","0","0","","","0","0","LCHSGB2L",
"ALLEGED","N/A","Doc(s) Req'd","10-Mar-2026 at 05:59:57 AM EDT - System -  ' Disputed Field(s): [ Allocations-->Account Ids ].Status updated to Disputed '|10-Mar-2026 at 05:59:57 AM EDT - System -  ' Disputed Field(s): [ Allocations-->|1684:Account Id (Dealer : no matching account) ]. Status updated to Disputed '|10-Mar-2026 at 05:45:11 AM EDT - System -  ' Disputed Field(s): Fee 1(w/ tolerance btwn 0.0 and 1.0) (Client : USD 100), [ Allocations-->Account Ids ].Status updated to Disputed '|","N","N","1684","","M.BANK","IRS_Test_10032026_DemoC","","Recv Fixed","","","100","USD","04-Jun-2026 01:34:35 PM","12-Mar-2027","16000000","USD","IRS","IRSW","10-Mar-2026","IRS_Test_10032026_DemoC","","New","","8","","","","","USD-SOFR CME Term","M","10-Mar-2026","","","","","","","","","","","","","","",
"CLEARED","CLR-DCMER","Doc(s) Req'd","","N","N","Block","42094676_1","M.BANK","","IRS AUD 15Y","Recv Fixed","42094676","04-Jun-2026 01:15:32 PM","0","AUD","04-Jun-2026 01:33:09 PM","05-Jun-2041","513850950","AUD","IRS","IRS","04-Jun-2026","","","New","","5.2","","0","0","","AUD-BBSW","M","04-Jun-2026","STP","two-way","","","","","","0","0","","","0","0","",
"CLEARED","CLR-LCH_EUR","Doc(s) Req'd","","N","N","Block","42094662_1","M.BANK","","FRA EUR 6 x 12","Buy","42094662","04-Jun-2026 01:09:34 PM","0","EUR","04-Jun-2026 01:32:59 PM","08-Jun-2027","728161270","EUR","FRA","FRA","04-Jun-2026","","","New","","1.234568","","0","0","","EUR-EURIBOR","M","04-Jun-2026","STP","two-way","","","","","","0","0","","","0","0","",
"CLEARED","CLR-LCH_EUR","Doc(s) Req'd","","N","N","Block","42094648_1","M.BANK","","IRS AUD 15Y","Recv Fixed","42094648","04-Jun-2026 01:04:40 PM","0","AUD","04-Jun-2026 01:32:51 PM","05-Jun-2041","776747140","AUD","IRS","IRS","04-Jun-2026","","","New","","5.2","","0","0","","AUD-BBSW","M","04-Jun-2026","STP","two-way","","","","","","0","0","","","0","0","",
"CLEARED","CLR-LCH_EUR","Doc(s) Req'd","","N","N","MWMF_FUND1","42094642_1","M.BANK","","ZC Inflation Swap USD 1Y","Pay Fixed","42094642","04-Jun-2026 01:02:28 PM","0","USD","04-Jun-2026 01:32:41 PM","08-Jun-2027","666520400","USD","IFS","IFS","04-Jun-2026","","","New","","5.2","","0","0","","USA-CPI-U","","04-Jun-2026","STP","two-way","","","","","","0","0","","","0","0","",
"CLEARED","CLR-LCH_EUR","Doc(s) Req'd","","N","N","MWMF_FUND1","42094635_1","M.BANK","","FRA EUR 6 x 12","Buy","42094635","04-Jun-2026 01:00:37 PM","0","EUR","04-Jun-2026 01:32:38 PM","08-Jun-2027","836742770","EUR","FRA","FRA","04-Jun-2026","","","New","","1.234568","","0","0","","EUR-EURIBOR","","04-Jun-2026","STP","two-way","","","","","","0","0","","","0","0","",
"CLEARED","CLR-LCH_EUR","Doc(s) Req'd","","N","N","MWMF_FUND1","42094627_1","M.BANK","","IRS AUD 15Y","Recv Fixed","42094627","04-Jun-2026 12:59:11 PM","0","AUD","04-Jun-2026 01:32:35 PM","05-Jun-2041","986381090","AUD","IRS","IRS","04-Jun-2026","","","New","","5.2","","0","0","","AUD-BBSW","","04-Jun-2026","STP","two-way","","","","","","0","0","","","0","0","",
"CPTY ALLEGED","IFC-FICC","Doc(s) Req'd","","N","N","MWMF_FUND1","42048361_1","M.BANK","","","","42048361","","0","","04-Jun-2026 01:32:14 PM","31-Jan-2026","0","","REPU","Repurchase","10-Mar-2026","","","New","","","","0","0","","","M","10-Mar-2026","STP","two-way","","","","","","40000000000","42000000000","2","","40000000000","0","",
"CPTY ALLEGED","N/A","Doc(s) Req'd","","N","N","MWMF_FUND1","42094686_1","M.BANK","","Cross Currency IRS USD v EUR 1Y","Pay","42094686","04-Jun-2026 01:16:01 PM","1000","USD","04-Jun-2026 01:21:53 PM","25-Jul-2029","668402850","USD","CCIRS","IRS","04-Jun-2026","","","New","","4.2","","0","13368057","2","EUR-EuroSTR-OIS Compound","","04-Jun-2026","STP","two-way","","","","","","0","0","","","0","0","LCHSGB2L",
"CPTY ALLEGED","IFC-FICC","Doc(s) Req'd","","N","N","MWMF_FUND1","42048360_1","M.BANK","","","","42048360","","0","","04-Jun-2026 01:18:34 PM","31-Jan-2026","0","","REPU","Repurchase","10-Mar-2026","","","New","","","","0","0","","","M","10-Mar-2026","STP","two-way","","","","","","40000000000","42000000000","2","","40000000000","0","",
"CPTY ALLEGED","N/A","Doc(s) Req'd","","N","N","MWMF_FUND1","41941108_1","M.BANK","","","","41941108","","0","","04-Jun-2026 01:18:16 PM","09-Nov-2025","0","","BYSE","BuySellback","16-Oct-2025","","","New","","","","0","0","","","M","16-Oct-2025","STP","two-way","","","","","","1000","0","","10","0","100","",
"CPTY ALLEGED","N/A","Doc(s) Req'd","","N","N","MWMF_FUND1","42069459_1","M.BANK","","IRS CAD 1Y","Recv Fixed","42069459","30-Apr-2026 05:50:57 AM","1000","CAD","04-Jun-2026 01:08:53 PM","30-Apr-2027","605451770","CAD","IRS","IRS","30-Apr-2026","","","New","","8.2","","0","12109035.4","","CAD-CDOR","","30-Apr-2026","STP","two-way","","","","","","0","0","","","0","0","",
"CPTY ALLEGED","N/A","Doc(s) Req'd","","N","N","Block","38123387_1","M.BANK","","Fixed Fixed Swap GBP v EUR 1Y","Recv Fixed","38123387","04-Jun-2026 10:40:55 AM","0","EUR","04-Jun-2026 10:44:45 AM","08-Jun-2027","18000000","EUR","FIXED","FIXED","04-Jun-2026","","","New","","8","6","0","0","","","","04-Jun-2026","STP","two-way","","","","","","0","0","","","0","0","",
"ERROR","N/A","Doc(s) Req'd","04-Jun-2026 at 09:45:57 AM EDT - System -  ' Disputed Field(s): Float leg roll convention (Client : 29),Fixed leg roll convention (Client : 29),Fixed Rate (Client : 6),Maturity Date (Client : 29-Jan-2027),2nd Leg Effective Date (Client : 29-Jan-2027),Cannot upload fees where mismatch exis(...) '|04-Jun-2026 at 09:45:57 AM EDT - System -  ' Disputed Field(s): Float leg roll convention (Dealer : 8),Fixed leg roll convention (Dealer : 8),Fixed Rate (Dealer : 5),Maturity Date (Dealer : 08-Jun-2027),2nd Leg Effective Date (Dealer : 08-Jun-2026),Cannot upload fees where mismatch exists(...) '|","N","N","Block","38123386_1","M.BANK/M.BANK","IRS_ALCT_04062026","","Recv Fixed","38123386","04-Jun-2026 09:42:57 AM","100","USD","04-Jun-2026 09:45:58 AM","29-Jan-2027","16000000","USD","IRS","IRSW","04-Jun-2026","IRS_ALCT_04062026","","New","","6","","","","","USD-SOFR CME Term","M","04-Jun-2026","STP","","","","","","","","","","","","","",
"ERROR","N/A","Doc(s) Req'd","04-Jun-2026 at 09:37:56 AM EDT - System -  ' Disputed Field(s): Fixed Rate (Dealer : 8),Contractual Definitions (Dealer : ISDA2021),Float calculation frequency (Dealer : 6M). Status updated to Disputed '|04-Jun-2026 at 09:37:56 AM EDT - System -  ' Disputed Field(s): Fixed Rate (Client : 7),Contractual Definitions (Client : ISDA2006),Float calculation frequency (Client : 1Y).Status updated to Disputed '|","N","N","Block","38123384_1","M.BANK","FFS_04062026_ALCT","","Pay Fixed","38123384","04-Jun-2026 09:16:50 AM","","EUR","04-Jun-2026 09:37:59 AM","08-Jun-2027","18000000","EUR","FIXED","FIXED","04-Jun-2026","FFS_04062026_ALCT","","New","","7","6","","","","","M","04-Jun-2026","STP","","","","","","","","","","","","","",
"ALLEGED","N/A","Doc(s) Req'd","","N","N","1683","","M.BANK","MD_OPTIRS_02062026","","Pay Fixed","","","","USD","03-Jun-2026 07:02:26 AM","02-Jun-2027","886836800","USD","IRS","IRSW","29-May-2026","MD_OPTIRS_02062026","","New","","5.2","","","","","USD-SOFR CME Term","M","29-May-2026","","","","","","","","","","","","","","",
"ERROR","N/A","Doc(s) Req'd","25-May-2026 at 01:20:15 PM EDT - System -  ' Disputed Field(s): Number of Options (Client : 421.0006), [ Allocations-->|1683:MWMF_FUND1:Number of Shares/Options (Client : 421.0006) ].Status updated to Disputed '|25-May-2026 at 01:20:15 PM EDT - System -  ' Disputed Field(s): Number of Options (Dealer : 421), [ Allocations-->|1683:MWMF_FUND1:Number of Shares/Options (Dealer : 421) ]. Status updated to Disputed '|","N","N","1683","38123283_1","M.BANK","S38123283_1","","Sell","38123283","25-May-2026 12:33:42 PM","8420","USD","25-May-2026 01:20:18 PM","15-Sep-2026","0","USD","EQO","EQO","25-May-2026","TAUTO38123283_1","","New","","","","","","",".SPXAV10P","M","25-May-2026","STP","","10","Qty 421.0006","","","1","","","","","","","",
"ERROR","N/A","Doc(s) Req'd","25-May-2026 at 01:20:16 PM EDT - System -  ' Disputed Field(s): Trade Date (Client : 18-Sep-2025),Fee(w/ tolerance btwn 0.0 and 1.0) (Client : USD 1000),Number of Options (Client : 422164940),Strike Price (Client : 1),Expiration Date (Client : 15-Sep-2026 00:00),Effective Date (Client : 1(...) '|25-May-2026 at 01:20:16 PM EDT - System -  ' Disputed Field(s): Trade Date (Dealer : 27-Feb-2026),Fee(w/ tolerance btwn 0.0 and 1.0) (Dealer : USD 18462169250),Number of Options (Dealer : 738486770),Strike Price (Dealer : 15),Expiration Date (Dealer : 15-Sep-2027 00:00),Effective Date (De(...) '|11-Nov-2025 at 02:27:01 AM EST - System -  ' Disputed Field(s): Trade Date (Client : 18-Sep-2025),Business Day Convention (Client : NOT PROVIDED),Fee Payment Date (Client : 19-Sep-2025),Fee(w/ tolerance btwn 0.0 and 1.0) (Client : USD 1000),Number of Options (Client : 422164940),Strike Pr(...) '|","N","N","1683","42040967_1","M.BANK","S38109976_1","","Sell","42040967","27-Feb-2026 04:49:01 AM","1000","USD","25-May-2026 01:20:16 PM","15-Sep-2026","0","USD","EQO","EQO","18-Sep-2025","TAUTO38109976_1","","New","","","","","1000","",".SPXAV10P","M","18-Sep-2025","STP","","1","Qty 422164940","","","","","","","","","","",
"ALLOC DELIV","N/A","Doc(s) Req'd","","N","N","Block","38123263_1","M.BANK","S38123263_1","","Sell","38123263","18-May-2026 04:53:26 AM","7962792000","USD","18-May-2026 04:55:13 AM","15-Sep-2026","0","USD","EQO","EQO","18-May-2026","TAUTO38123263_1","","New","","","","","","",".SPXAV10P","M","18-May-2026","","","10","Qty 398139600","","","1","","","","","","","",
"ALLEGED","N/A","Doc(s) Req'd","24-Mar-2026 at 03:52:10 PM EDT - System -  ' Disputed Field(s): Trade Date (Client : 17-Mar-2026),Maturity Date (Client : 19-Mar-2027),Float leg roll convention (Client : 19),Fixed leg roll convention (Client : 19),2nd Leg Effective Date (Client : 19-Mar-2026),Effective Date (Client : 19-(...) '|24-Mar-2026 at 03:52:10 PM EDT - System -  ' Disputed Field(s): Trade Date (Dealer : 24-Mar-2026),Maturity Date (Dealer : 26-Mar-2027),Float leg roll convention (Dealer : 26),Fixed leg roll convention (Dealer : 26),2nd Leg Effective Date (Dealer : 26-Mar-2026),Effective Date (Dealer : 26-(...) '|24-Mar-2026 at 08:49:14 AM EDT - System -  ' Disputed Field(s): Float leg roll convention (Dealer : 26),Fixed leg roll convention (Dealer : 26),Trade Date (Dealer : 24-Mar-2026),Maturity Date (Dealer : 26-Mar-2027),2nd Leg Effective Date (Dealer : 26-Mar-2026),Effective Date (Dealer : 26-(...) '|","N","N","1684","","M.BANK","Test_IRS_2403","","Recv Fixed","","","0","USD","14-May-2026 07:33:40 PM","19-Mar-2027","12345678","USD","IRS","IRSW","17-Mar-2026","Test_IRS_2403","","New","","6","","","","","USD-SOFR CME Term","M","17-Mar-2026","","","","","","","","","","","","","","",
"CONFIRMED","N/A","Executed","","N","N","1683","38123249_1","M.BANK","S38123249_1","","Pay Fixed","38123249","14-May-2026 07:04:04 AM","0","CAD","14-May-2026 07:04:45 AM","14-May-2027","266654960","CAD","IRS","IRSW","14-May-2026","TAUTO38123249_1","","New","","8.2","","0","0","","CAD-CDOR","M","14-May-2026","STP","","","","","C-MWIRE","","0","0","","","0","0","",
"CONFIRMED","N/A","Executed","","N","N","1683","38123248_1","M.BANK","S38123248_1","","Pay Fixed","38123248","14-May-2026 07:00:24 AM","0","CAD","14-May-2026 07:01:05 AM","14-May-2027","108115430","CAD","IRS","IRSW","14-May-2026","TAUTO38123248_1","","New","","8.2","","0","0","","CAD-CDOR","M","14-May-2026","STP","","","","","C-MWIRE","","0","0","","","0","0","",
"CONFIRMED","N/A","Executed","","N","N","Block","38123245_1","M.BANK","S38123245_1","","Pay Fixed","38123245","14-May-2026 06:57:24 AM","0","CAD","14-May-2026 06:57:43 AM","14-May-2027","588409260","CAD","IRS","IRSW","14-May-2026","TAUTO38123245_1","","New","","8.2","","0","0","","CAD-CDOR","M","14-May-2026","STP","","","","","C-MWIRE","","0","0","","","0","0","",
"CPTY ALLEGED","N/A","Doc(s) Req'd","","N","N","Block","38123244_1","M.BANK","","IRS CAD 1Y","Recv Fixed","38123244","14-May-2026 06:51:53 AM","0","CAD","14-May-2026 06:51:58 AM","14-May-2027","229609330","CAD","IRS","IRS","14-May-2026","","","New","","8.2","","0","0","","CAD-CDOR","","14-May-2026","STP","two-way","","","","","","0","0","","","0","0","",
"CPTY ALLEGED","N/A","Doc(s) Req'd","","N","N","Block","38123243_1","M.BANK","","IRS CAD 1Y","Recv Fixed","38123243","14-May-2026 06:48:56 AM","0","CAD","14-May-2026 06:49:19 AM","14-May-2027","852995470","CAD","IRS","IRS","14-May-2026","","","New","","8.2","","0","0","","CAD-CDOR","","14-May-2026","STP","two-way","","","","","","0","0","","","0","0","",
"ALLEGED","IFC-LCH_EUR","Doc(s) Req'd","","N","N","1683","","M.BANK/A.BANK","S38123198_1","","Recv Fixed","","","0","USD","07-May-2026 07:34:08 PM","19-Mar-2027","712368880","USD","IFS","IFS","17-Mar-2026","TAUTO38123198_1","","New","","6","","","","","USA-CPI-U","M","17-Mar-2026","","","","","","","","","","","","","","",
"ALLEGED","IFC-LCH_EUR","Doc(s) Req'd","","N","N","1683","","M.BANK/A.BANK","S38123197_1","","Pay Fixed","","","0","AUD","07-May-2026 07:34:07 PM","18-Mar-2041","808747780","AUD","IRS","IRSW","17-Mar-2026","TAUTO38123197_1","","New","","5.2","","","","","AUD-BBSW","M","17-Mar-2026","","","","","","","","","","","","","","",
"ALLEGED","N/A","Doc(s) Req'd","17-Mar-2026 at 07:11:17 AM EDT - System -  ' Disputed Field(s): MarkitWire Defaults modified by the dealer on following fields(Dividend Period, Equity Payment End Dates, Interest End Dates).Status updated to Disputed '|17-Mar-2026 at 07:11:17 AM EDT - System -  ' Disputed Field(s): MarkitWire Defaults modified by the dealer on following fields(Dividend Period, Equity Payment End Dates, Interest End Dates). Status updated to Disputed '|","N","N","1683","","M.BANK","S38123185_1","","Rec Equity,Pay Interest","","","0","USD","07-May-2026 07:34:05 PM","21-Mar-2028","2807145294240","USD","EQS","EQS","17-Mar-2026","TAUTO38123185_1","","New","","","","","7860","","QAN.AX","M","17-Mar-2026","","","","Qty 415504040","","","","","","","","","","",
"ALLEGED","N/A","Doc(s) Req'd","17-Mar-2026 at 08:13:07 AM EDT - System -  ' Disputed Field(s): Maturity Date (Dealer : 18-Mar-2027),Float Rate Day Count Fraction (Dealer : ACT/365.FIXED),Fixed Rate Day Count Fraction (Dealer : ACT/365.FIXED),2nd Leg Effective Date (Dealer : 18-Mar-2026),Legal Entity (Dealer : MWBALE123(...) '|17-Mar-2026 at 08:13:07 AM EDT - System -  ' Disputed Field(s): Maturity Date (Client : 19-Mar-2027),Float Rate Day Count Fraction (Client : ACT/360),Fixed Rate Day Count Fraction (Client : ACT/360),2nd Leg Effective Date (Client : 19-Mar-2026),Legal Entity (Client : A.BANK),Effective Dat(...) '|17-Mar-2026 at 08:11:51 AM EDT - System -  ' Disputed Field(s): Maturity Date (Dealer : 18-Mar-2027),Swap Direction (Dealer : Pay Fixed),Float Rate Day Count Fraction (Dealer : ACT/365.FIXED),Fixed Rate Day Count Fraction (Dealer : ACT/365.FIXED),2nd Leg Effective Date (Dealer : 18-Mar-20(...) '|","N","N","1683","","M.BANK/A.BANK","test_demoC_irs","","Pay Fixed","","","0","AUD","07-May-2026 07:34:02 PM","19-Mar-2027","654356786","AUD","IRS","IRSW","17-Mar-2026","test_demoC_irs","","New","","6","","","","","AUD-BBSW","M","17-Mar-2026","","","","","","","","","","","","","","",
"ALLEGED","N/A","Doc(s) Req'd","17-Mar-2026 at 02:17:09 AM EDT - System -  ' Disputed Field(s): MarkitWire Defaults modified by the dealer on following fields(Dividend Period, Equity Payment End Dates, Interest End Dates). Status updated to Disputed '|17-Mar-2026 at 02:17:09 AM EDT - System -  ' Disputed Field(s): MarkitWire Defaults modified by the dealer on following fields(Dividend Period, Equity Payment End Dates, Interest End Dates).Status updated to Disputed '|","N","N","1683","","M.BANK","S38123166_1","","Rec Equity,Pay Interest","","","0","USD","07-May-2026 07:34:01 PM","21-Mar-2028","395449092000","USD","EQS","EQS","17-Mar-2026","TAUTO38123166_1","","New","","","","","7860","","QAN.AX","M","17-Mar-2026","","","","Qty 720","","","","","","","","","","",
"ALLEGED","N/A","Doc(s) Req'd","17-Mar-2026 at 07:03:20 AM EDT - System -  ' Disputed Field(s): MarkitWire Defaults modified by the dealer on following fields(Dividend Period, Equity Payment End Dates, Interest End Dates). Status updated to Disputed '|17-Mar-2026 at 07:03:20 AM EDT - System -  ' Disputed Field(s): MarkitWire Defaults modified by the dealer on following fields(Dividend Period, Equity Payment End Dates, Interest End Dates).Status updated to Disputed '|","N","N","1683","","M.BANK","S38123182_1","","Rec Equity,Pay Interest","","","0","USD","07-May-2026 07:34:00 PM","21-Mar-2028","492831324000","USD","EQS","EQS","17-Mar-2026","TAUTO38123182_1","","New","","","","","7860","","QAN.AX","M","17-Mar-2026","","","","Qty 720","","","","","","","","","","",
"ALLEGED","N/A","Doc(s) Req'd","17-Mar-2026 at 02:36:21 AM EDT - System -  ' Disputed Field(s): Fee(w/ tolerance btwn 0.0 and 1.0) (Dealer : USD 89168), [ Allocations-->|1683:MWMF_FUND1:Fee (Dealer : USD 89168) ]. Status updated to Disputed '|17-Mar-2026 at 02:36:21 AM EDT - System -  ' Disputed Field(s): Fee(w/ tolerance btwn 0.0 and 1.0) (Client : USD 3100), [ Allocations-->|1683:MWMF_FUND1:Fee (Client : USD 3100) ].Status updated to Disputed '|","N","N","1683","","M.BANK","S42049990_1","","Sell","","","3100","USD","07-May-2026 07:33:58 PM","16-Mar-2028","0","USD","EQO","EQO","17-Mar-2026","TAUTO42049990_1","","New","","","","","6000","","GOOG.OQ","M","17-Mar-2026","","","10","Qty 5573","","","","","","","","","","",
"ALLEGED","N/A","Doc(s) Req'd","17-Mar-2026 at 02:43:09 AM EDT - System -  ' Disputed Field(s): Notional (Dealer : USD 439536230),Fee(w/ tolerance btwn 0.0 and 1.0) (Dealer : USD 5000), [ Allocations-->|1683:MWMF_FUND1:Fee (Dealer : USD 5000) ]. Status updated to Disputed '|17-Mar-2026 at 02:43:09 AM EDT - System -  ' Disputed Field(s): Notional (Client : USD 907013720.5),Fee(w/ tolerance btwn 0.0 and 1.0) (Client : USD 3100), [ Allocations-->|1683:MWMF_FUND1:Fee (Client : USD 3100) ].Status updated to Disputed '|","N","N","1683","","M.BANK","S42049998_1","","Sell","","","3100","USD","07-May-2026 07:33:57 PM","30-Jul-2027","907013720.5","USD","EQO","EQO","17-Mar-2026","TAUTO42049998_1","","New","","","","","","",".SPX","M","17-Mar-2026","","","12","Qty 0","","","1","","","","","","","",
"ALLEGED","N/A","Doc(s) Req'd","17-Mar-2026 at 07:16:44 AM EDT - System -  ' Disputed Field(s): MarkitWire Defaults modified by the dealer on following fields(Dividend Period, Equity Payment End Dates, Interest End Dates). Status updated to Disputed '|17-Mar-2026 at 07:16:44 AM EDT - System -  ' Disputed Field(s): MarkitWire Defaults modified by the dealer on following fields(Dividend Period, Equity Payment End Dates, Interest End Dates).Status updated to Disputed '|","N","N","1683","","M.BANK","S38123186_1","","Rec Equity,Pay Interest","","","0","USD","07-May-2026 07:33:56 PM","21-Mar-2028","4244098729320","USD","EQS","EQS","17-Mar-2026","TAUTO38123186_1","","New","","","","","7860","","QAN.AX","M","17-Mar-2026","","","","Qty 628196970","","","","","","","","","","",
"ALLEGED","N/A","Doc(s) Req'd","17-Mar-2026 at 06:57:54 AM EDT - System -  ' Disputed Field(s): MarkitWire Defaults modified by the dealer on following fields(Dividend Period, Equity Payment End Dates, Interest End Dates).Status updated to Disputed '|17-Mar-2026 at 06:57:54 AM EDT - System -  ' Disputed Field(s): MarkitWire Defaults modified by the dealer on following fields(Dividend Period, Equity Payment End Dates, Interest End Dates). Status updated to Disputed '|","N","N","1683","","M.BANK","S38123181_1","","Rec Equity,Pay Interest","","","0","USD","07-May-2026 07:33:55 PM","21-Mar-2028","474856632000","USD","EQS","EQS","17-Mar-2026","TAUTO38123181_1","","New","","","","","7860","","QAN.AX","M","17-Mar-2026","","","","Qty 720","","","","","","","","","","",
"ALLEGED","N/A","Doc(s) Req'd","17-Mar-2026 at 02:30:12 AM EDT - System -  ' Disputed Field(s): MarkitWire Defaults modified by the dealer on following fields(Dividend Period, Equity Payment End Dates, Interest End Dates).Status updated to Disputed '|17-Mar-2026 at 02:30:12 AM EDT - System -  ' Disputed Field(s): MarkitWire Defaults modified by the dealer on following fields(Dividend Period, Equity Payment End Dates, Interest End Dates). Status updated to Disputed '|","N","N","1683","","M.BANK","S38123168_1","","Rec Equity,Pay Interest","","","0","USD","07-May-2026 07:33:54 PM","21-Mar-2028","3553348669560","USD","EQS","EQS","17-Mar-2026","TAUTO38123168_1","","New","","","","","7860","","QAN.AX","M","17-Mar-2026","","","","Qty 525954510","","","","","","","","","","",
"ALLEGED","IFC-LCH_EUR","Doc(s) Req'd","","N","N","1683","","M.BANK/A.BANK","S38123180_1","","Pay Fixed","","","0","AUD","07-May-2026 07:33:53 PM","18-Mar-2041","660058770","AUD","IRS","IRSW","17-Mar-2026","TAUTO38123180_1","","New","","5.2","","","","","AUD-BBSW","M","17-Mar-2026","","","","","","","","","","","","","","",
"ALLEGED","IFC-LCH_EUR","Doc(s) Req'd","","N","N","Block","","M.BANK/A.BANK","S38123190_1","","Pay Fixed","","","0","AUD","07-May-2026 07:33:53 PM","18-Mar-2041","532297690","AUD","IRS","IRSW","17-Mar-2026","TAUTO38123190_1","","New","","5.2","","","","","AUD-BBSW","M","17-Mar-2026","","","","","","","","","","","","","","",
"ALLEGED","IFC-LCH_EUR","Doc(s) Req'd","","N","N","Block","","M.BANK/A.BANK","S38123173_1","","Pay Fixed","","","0","AUD","07-May-2026 07:33:51 PM","18-Mar-2041","832790700","AUD","IRS","IRSW","17-Mar-2026","TAUTO38123173_1","","New","","5.2","","","","","AUD-BBSW","M","17-Mar-2026","","","","","","","","","","","","","","",
"ALLEGED","IFC-LCH_EUR","Doc(s) Req'd","","N","N","1683","","M.BANK/A.BANK","S38123179_1","","Recv Fixed","","","0","USD","07-May-2026 07:33:50 PM","19-Mar-2027","752320980","USD","IFS","IFS","17-Mar-2026","TAUTO38123179_1","","New","","6","","","","","USA-CPI-U","M","17-Mar-2026","","","","","","","","","","","","","","",
"ALLEGED","IFC-LCH_EUR","Doc(s) Req'd","","N","N","1683","","M.BANK/A.BANK","S38123074_1","","Pay Fixed","","","0","AUD","01-May-2026 03:54:15 AM","06-Mar-2041","993582530","AUD","IRS","IRSW","05-Mar-2026","TAUTO38123074_1","","New","","5.2","","","","","AUD-BBSW","M","05-Mar-2026","","","","","","","","","","","","","","",
"ALLEGED","IFC-LCH_EUR","Doc(s) Req'd","","N","N","1683","","M.BANK/A.BANK","S38123075_1","","Recv Fixed","","","0","USD","01-May-2026 03:54:13 AM","09-Mar-2027","177603920","USD","IFS","IFS","05-Mar-2026","TAUTO38123075_1","","New","","6","","","","","USA-CPI-U","M","05-Mar-2026","","","","","","","","","","","","","","",
"ALLEGED","N/A","Doc(s) Req'd","11-Mar-2026 at 11:35:36 PM EDT - System -  ' Disputed Field(s): Notional (Client : USD 728338060.5),Fee(w/ tolerance btwn 0.0 and 1.0) (Client : USD 3100), [ Allocations-->|1683:MWMF_FUND1:Fee (Client : USD 3100) ].Status updated to Disputed '|11-Mar-2026 at 11:35:36 PM EDT - System -  ' Disputed Field(s): Notional (Dealer : USD 728338060),Fee(w/ tolerance btwn 0.0 and 1.0) (Dealer : USD 5000), [ Allocations-->|1683:MWMF_FUND1:Fee (Dealer : USD 5000) ]. Status updated to Disputed '|","N","N","1683","","M.BANK","S38123067_1","","Sell","","","3100","USD","01-May-2026 03:54:12 AM","16-Jul-2027","728338060.5","USD","EQO","EQO","05-Mar-2026","TAUTO38123067_1","","New","","","","","","",".SPX","M","05-Mar-2026","","","12","Qty 0","","","1","","","","","","","",
"ALLEGED","N/A","Doc(s) Req'd","11-Mar-2026 at 11:35:30 PM EDT - System -  ' Disputed Field(s): Fee 1(w/ tolerance btwn 0.0 and 8.0) (Dealer : USD 1000), [ Allocations-->|1683:MWMF_FUND1:Fee (Dealer : USD 1000) ]. Status updated to Disputed '|11-Mar-2026 at 11:35:30 PM EDT - System -  ' Disputed Field(s): Fee 1(w/ tolerance btwn 0.0 and 8.0) (Client : USD 49), [ Allocations-->|1683:MWMF_FUND1:Fee (Client : USD 49) ].Status updated to Disputed '|","N","N","1683","","M.BANK","S38123138_1","","Pay Fixed","","","49","USD","01-May-2026 03:54:11 AM","12-Mar-2041","594567300","USD","IRS","IRSW","10-Mar-2026","TAUTO38123138_1","","New","","5.2","","","11891346","2","USD-SOFR CME Term","M","10-Mar-2026","","","","","","","","","","","","","","",
"ALLEGED","IFC-LCH_EUR","Doc(s) Req'd","","N","N","Block","","M.BANK/A.BANK","S38123069_1","","Pay Fixed","","","0","AUD","01-May-2026 03:54:10 AM","06-Mar-2041","389223510","AUD","IRS","IRSW","05-Mar-2026","TAUTO38123069_1","","New","","5.2","","","","","AUD-BBSW","M","05-Mar-2026","","","","","","","","","","","","","","",
"ALLEGED","N/A","Doc(s) Req'd","11-Mar-2026 at 11:34:51 PM EDT - System -  ' Disputed Field(s): MarkitWire Defaults modified by the dealer on following fields(Dividend Period, Equity End Dates, Equity Payment End Dates, Interest End Dates). Status updated to Disputed '|11-Mar-2026 at 11:34:51 PM EDT - System -  ' Disputed Field(s): MarkitWire Defaults modified by the dealer on following fields(Dividend Period, Equity End Dates, Equity Payment End Dates, Interest End Dates).Status updated to Disputed '|","N","N","1683","","M.BANK","S38123063_1","","Rec Equity,Pay Interest","","","0","USD","01-May-2026 03:54:09 AM","08-Mar-2028","108335923200","USD","EQS","EQS","05-Mar-2026","TAUTO38123063_1","","New","","","","","7860","","QAN.AX","M","05-Mar-2026","","","","Qty 720","","","","","","","","","","",
"ALLEGED","N/A","Doc(s) Req'd","11-Mar-2026 at 11:34:49 PM EDT - System -  ' Disputed Field(s): MarkitWire Defaults modified by the dealer on following fields(Dividend Period, Equity End Dates, Equity Payment End Dates, Interest End Dates). Status updated to Disputed '|11-Mar-2026 at 11:34:49 PM EDT - System -  ' Disputed Field(s): MarkitWire Defaults modified by the dealer on following fields(Dividend Period, Equity End Dates, Equity Payment End Dates, Interest End Dates).Status updated to Disputed '|","N","N","1683","","M.BANK","S38123065_1","","Rec Equity,Pay Interest","","","0","USD","01-May-2026 03:54:06 AM","08-Mar-2028","5276211092760","USD","EQS","EQS","05-Mar-2026","TAUTO38123065_1","","New","","","","","7860","","QAN.AX","M","05-Mar-2026","","","","Qty 780966710","","","","","","","","","","",
"ALLEGED","N/A","Doc(s) Req'd","11-Mar-2026 at 11:35:59 PM EDT - System -  ' Disputed Field(s): Fee 1(w/ tolerance btwn 0.0 and 8.0) (Dealer : USD 1000), [ Allocations-->|1683:MWMF_FUND1:Fee (Dealer : USD 1000) ]. Status updated to Disputed '|11-Mar-2026 at 11:35:59 PM EDT - System -  ' Disputed Field(s): Fee 1(w/ tolerance btwn 0.0 and 8.0) (Client : USD 49), [ Allocations-->|1683:MWMF_FUND1:Fee (Client : USD 49) ].Status updated to Disputed '|","N","N","1683","","M.BANK","S38123139_1","","Pay Fixed","","","49","USD","01-May-2026 03:54:04 AM","12-Mar-2041","454613600","USD","IRS","IRSW","10-Mar-2026","TAUTO38123139_1","","New","","5.2","","","9092272","2","USD-SOFR CME Term","M","10-Mar-2026","","","","","","","","","","","","","","",
"ALLEGED","N/A","Doc(s) Req'd","11-Mar-2026 at 11:35:59 PM EDT - System -  ' Disputed Field(s): Fee 1(w/ tolerance btwn 0.0 and 8.0) (Dealer : USD 1000), [ Allocations-->|1683:MWMF_FUND1:Fee (Dealer : USD 1000) ]. Status updated to Disputed '|11-Mar-2026 at 11:35:59 PM EDT - System -  ' Disputed Field(s): Fee 1(w/ tolerance btwn 0.0 and 8.0) (Client : USD 49), [ Allocations-->|1683:MWMF_FUND1:Fee (Client : USD 49) ].Status updated to Disputed '|","N","N","1683","","M.BANK","S38123137_1","","Pay Fixed","","","49","USD","01-May-2026 03:54:02 AM","12-Mar-2041","289679380","USD","IRS","IRSW","10-Mar-2026","TAUTO38123137_1","","New","","5.2","","","5793587.6","2","USD-SOFR CME Term","M","10-Mar-2026","","","","","","","","","","","","","","",
"CONFIRMED","N/A","Executed","","N","N","1683","38123207_1","M.BANK","S38123207_1","","Pay Fixed","38123207","24-Mar-2026 11:07:51 AM","1000","USD","24-Mar-2026 11:08:54 AM","26-Mar-2041","195702060","USD","IRS","IRSW","24-Mar-2026","TAUTO38123207_1","","New","","5.2","","0","3914041.2","2","USD-SOFR CME Term","M","24-Mar-2026","STP","","","","","C-MWIRE","","0","0","","","0","0","",
"CONFIRMED","N/A","Executed","","N","N","1683","38123206_1","M.BANK","S38123206_1","","Pay Fixed","38123206","24-Mar-2026 09:07:10 AM","1000","USD","24-Mar-2026 09:07:52 AM","26-Mar-2041","345236040","USD","IRS","IRSW","24-Mar-2026","TAUTO38123206_1","","New","","5.2","","0","6904720.8","2","USD-SOFR CME Term","M","24-Mar-2026","STP","","","","","C-MWIRE","","0","0","","","0","0","",
"CONFIRMED","N/A","Executed","","N","N","1683","38123205_1","M.BANK","S38123205_1","","Pay Fixed","38123205","24-Mar-2026 08:59:42 AM","1000","USD","24-Mar-2026 09:00:32 AM","26-Mar-2041","209861400","USD","IRS","IRSW","24-Mar-2026","TAUTO38123205_1","","New","","5.2","","0","4197228","2","USD-SOFR CME Term","M","24-Mar-2026","STP","","","","","C-MWIRE","","0","0","","","0","0","",
"CONFIRMED","N/A","Executed","","N","N","1684","38123203_1","M.BANK","Test_IRS_2403_T2","","Recv Fixed","38123203","24-Mar-2026 08:47:53 AM","0","USD","24-Mar-2026 08:54:09 AM","26-Mar-2027","12345678","USD","IRS","IRSW","24-Mar-2026","Test_IRS_2403_T2","","New","","6","","0","0","","USD-SOFR CME Term","M","24-Mar-2026","STP","","","","","C-MWIRE","","0","0","","","0","0","",
"ALLEGED","N/A","Doc(s) Req'd","","N","N","1684","","M.BANK","Test_IRS_2403_1","","Recv Fixed","","","","USD","24-Mar-2026 08:44:34 AM","19-Mar-2027","12345678","USD","IRS","IRSW","17-Mar-2026","Test_IRS_2403_1","","New","","6","","","","","USD-SOFR CME Term","M","17-Mar-2026","","","","","","","","","","","","","","",
"ALLEGED","N/A","Doc(s) Req'd","","N","N","Block","","M.BANK","test_block_trade","","Recv Fixed","","","1000","USD","24-Mar-2026 08:01:11 AM","26-Mar-2027","379760770","USD","OIS","OIS","24-Mar-2026","test_block_trade","","New","","5.2","","","7595215.4","2","USD-SOFR-OIS Compound","M","24-Mar-2026","","","","","","","","","","","","","","",
"ALLEGED","N/A","Doc(s) Req'd","","N","N","Block","","M.BANK","Test_notification_demoC_1703","","Pay","","","1000","HUF","17-Mar-2026 09:26:08 AM","19-Mar-2027","505132330","HUF","BSWP","BSWP","17-Mar-2026","Test_notification_demoC_1703","","New","","","","","","","HUF-HUFONIA","M","17-Mar-2026","","","","","","","","","","","","","","",
"CONFIRMED","N/A","Executed","","N","N","1684","38123196_1","M.BANK","Test_IRS_1703","","Recv Fixed","38123196","17-Mar-2026 08:14:37 AM","0","USD","17-Mar-2026 08:22:27 AM","19-Mar-2027","12345678","USD","IRS","IRSW","17-Mar-2026","Test_IRS_1703","","New","","6","","0","0","","USD-SOFR CME Term","M","17-Mar-2026","STP","","","","","C-MWIRE","","0","0","","","0","0","",
"ALLEGED","N/A","Doc(s) Req'd","","N","N","1683","","M.BANK/A.BANK","S38123193_1","","Pay Fixed","","","1000","USD","17-Mar-2026 08:03:39 AM","19-Mar-2027","852560690","USD","IRS","IRSW","17-Mar-2026","TAUTO38123193_1","","New","","5.2","","","","","USD-SOFR CME Term","M","17-Mar-2026","","","","","","","","","","","","","","",
"ALLEGED","N/A","Doc(s) Req'd","","N","N","1683","","M.BANK","S38123188_1","","Sell","","","3100","USD","17-Mar-2026 07:30:12 AM","30-Jul-2027","249468690.5","USD","EQO","EQO","17-Mar-2026","TAUTO38123188_1","","New","","","","","","",".SPX","M","17-Mar-2026","","","12","Qty 0","","","1","","","","","","","",
"ALLEGED","N/A","Doc(s) Req'd","","N","N","1683","","M.BANK","S38123187_1","","Sell","","","3100","USD","17-Mar-2026 07:23:24 AM","16-Mar-2028","0","USD","EQO","EQO","17-Mar-2026","TAUTO38123187_1","","New","","","","","6000","","GOOG.OQ","M","17-Mar-2026","","","10","Qty 5573","","","","","","","","","","",
"ALLEGED","N/A","Doc(s) Req'd","","N","N","1683","","M.BANK","S42050226_1","","Sell","","","3100","USD","17-Mar-2026 06:24:18 AM","30-Jul-2027","659812740.5","USD","EQO","EQO","17-Mar-2026","TAUTO42050226_1","","New","","","","","","",".SPX","M","17-Mar-2026","","","12","Qty 0","","","1","","","","","","","",
"ALLEGED","N/A","Doc(s) Req'd","","N","N","1683","","M.BANK","S42050220_1","","Sell","","","3100","USD","17-Mar-2026 06:17:17 AM","16-Mar-2028","0","USD","EQO","EQO","17-Mar-2026","TAUTO42050220_1","","New","","","","","6000","","GOOG.OQ","M","17-Mar-2026","","","10","Qty 5573","","","","","","","","","","",
"ALLEGED","N/A","Doc(s) Req'd","","N","N","1683","","M.BANK/A.BANK","S38123175_1","","Pay Fixed","","","1000","USD","17-Mar-2026 03:17:16 AM","19-Mar-2027","313936280","USD","IRS","IRSW","17-Mar-2026","TAUTO38123175_1","","New","","5.2","","","","","USD-SOFR CME Term","M","17-Mar-2026","","","","","","","","","","","","","","",
"CONFIRMED","N/A","Executed","","N","N","1683","38123172_1","M.BANK","S38123172_1","","Sell","38123172","17-Mar-2026 02:55:50 AM","7640754600","USD","17-Mar-2026 02:56:44 AM","15-Sep-2026","0","USD","EQO","EQO","17-Mar-2026","TAUTO38123172_1","","New","","","","0","0","",".SPXAV10P","M","17-Mar-2026","STP","","10","Qty 382037730","","C-MWIRE","1","0","0","","","0","0","",
"ALLEGED","N/A","Doc(s) Req'd","","N","N","1683","","M.BANK","S38123170_1","","Sell","","","3100","USD","17-Mar-2026 02:43:25 AM","30-Jul-2027","439536230.5","USD","EQO","EQO","17-Mar-2026","TAUTO38123170_1","","New","","","","","","",".SPX","M","17-Mar-2026","","","12","Qty 0","","","1","","","","","","","",
"ALLEGED","N/A","Doc(s) Req'd","","N","N","1683","","M.BANK","S38123169_1","","Sell","","","3100","USD","17-Mar-2026 02:36:46 AM","16-Mar-2028","0","USD","EQO","EQO","17-Mar-2026","TAUTO38123169_1","","New","","","","","6000","","GOOG.OQ","M","17-Mar-2026","","","10","Qty 5573","","","","","","","","","","",
"ALLEGED","N/A","Doc(s) Req'd","","N","N","Block","","M.BANK","S42049861_1","","Pay Fixed,Rec Dividend","","","","EUR","16-Mar-2026 06:54:58 AM","17-Dec-2027","0","EUR","DIV","DIV","16-Mar-2026","TAUTO42049861_1","","New","","","","","5000","",".SX7E","M","16-Mar-2026","","","23","Qty 146600690","","","","","","","","","","",
"CONFIRMED","N/A","Executed","","N","N","1683","38123163_1","M.BANK","S38123163_1","","Sell","38123163","16-Mar-2026 06:29:28 AM","4667336800","USD","16-Mar-2026 06:30:35 AM","15-Sep-2026","0","USD","EQO","EQO","16-Mar-2026","TAUTO38123163_1","","New","","","","0","0","",".SPXAV10P","M","16-Mar-2026","STP","","10","Qty 233366840","","C-MWIRE","1","0","0","","","0","0","",
"ALLEGED","N/A","Doc(s) Req'd","","N","N","1683","","M.BANK","PA_EQODA_03032026_","","Sell","","","","USD","16-Mar-2026 06:18:47 AM","05-Mar-2026","0","USD","EQO","EQO","03-Mar-2026","PA_EQODA_03032026_","","New","","","","","","",".SPX","M","03-Mar-2026","","","12.435","Qty 100","","","1","","","","","","","",
"CONFIRMED","N/A","Executed","","N","N","Block","38123160_1","M.BANK","S38123160_1","","Pay","38123160","16-Mar-2026 05:29:52 AM","1000","HUF","16-Mar-2026 05:30:12 AM","18-Mar-2027","505132330","HUF","BSWP","BSWP","16-Mar-2026","TAUTO38123160_1","","New","","","","","","","HUF-HUFONIA","M","16-Mar-2026","STP","","","","","C-MWIRE","","","","","","","","",
"CONFIRMED","N/A","Executed","","N","N","Block","38123157_1","M.BANK","S38123157_1","","Pay","38123157","16-Mar-2026 04:58:09 AM","1000","HUF","16-Mar-2026 04:58:28 AM","18-Mar-2027","395307480","HUF","BSWP","BSWP","16-Mar-2026","TAUTO38123157_1","","New","","","","","","","HUF-HUFONIA","M","16-Mar-2026","STP","","","","","C-MWIRE","","","","","","","","",
"CONFIRMED","N/A","Executed","","N","N","1683","38123146_1","M.BANK","S38123146_1","","Recv Fixed","38123146","12-Mar-2026 06:50:29 AM","215340.41","CAD","13-Mar-2026 04:46:36 AM","13-Mar-2047","717801350","CAD","SWO","SWO","12-Mar-2026","TAUTO38123146_1","","New","","4","","","14356027","2","CAD-CORRA-OIS Compound","M","12-Mar-2026","STP","","","","","C-MWIRE","","","","","","","","",
"CONFIRMED","N/A","Executed","","N","N","1683","38123145_1","M.BANK","S38123145_1","","Recv Fixed","38123145","12-Mar-2026 03:29:37 AM","1000","USD","13-Mar-2026 04:46:24 AM","16-Mar-2027","940671430","USD","IFS","IFS","12-Mar-2026","TAUTO38123145_1","","New","","6","","","18813428.6","2","USA-CPI-U","M","12-Mar-2026","STP","","","","","C-MWIRE","","","","","","","","",
"ERROR","N/A","Doc(s) Req'd","13-Mar-2026 at 04:23:05 AM EDT - System -  ' Disputed Field(s): Trade Date (Client : 13-Mar-2026),Fee(w/ tolerance btwn 0.0 and 1.0) (Client : USD 10000),Number of Options (Client : 0),Expiration Date (Client : 26-Jul-2027 00:00),Fee Payment Date (Client : 16-Mar-2026),Valuation Dates (Cl(...) '|13-Mar-2026 at 04:23:05 AM EDT - System -  ' Disputed Field(s): Trade Date (Dealer : 22-Mar-2017),Fee(w/ tolerance btwn 0.0 and 1.0) (Dealer : USD 12),Number of Options (Dealer : 12),Expiration Date (Dealer : 20-Apr-2017 00:00),Fee Payment Date (Dealer : 23-Mar-2017),Valuation Dates (Deal(...) '|","N","N","Block","8002717_1","M.BANK","S42049376_1","","Sell","8002717","22-Mar-2017 04:38:53 PM","10000","USD","13-Mar-2026 04:23:07 AM","26-Jul-2027","717157301","USD","EQO","EQO","13-Mar-2026","TAUTO42049376_1","","New","","","","","","",".SPX","M","13-Mar-2026","STP","","12","Qty 0","","","1","","","","","","","",
"ALLEGED","N/A","Doc(s) Req'd","13-Mar-2026 at 03:26:33 AM EDT - System -  ' Disputed Field(s): Maturity Date (Dealer : 17-Mar-2027),2nd Leg Effective Date (Dealer : 17-Mar-2026),Fee 1(w/ tolerance btwn 0.0 and 7.0) (Dealer : USD 0),Fee 1 Direction (Dealer : NOT PROVIDED),Fee 1 Date (Dealer : NOT PROVIDED),Fee 2 Directi(...) '|13-Mar-2026 at 03:26:33 AM EDT - System -  ' Disputed Field(s): Maturity Date (Client : 13-Mar-2027),2nd Leg Effective Date (Client : 17-Mar-2027),Fee 1(w/ tolerance btwn 0.0 and 7.0) (Client : USD 130),Fee 1 Direction (Client : Receive),Fee 1 Date (Client : 17-Mar-2026),Fee 2 Direction ((...) '|","N","N","1684","","M.BANK","TESTIRS_130326_1","","Recv Fixed","","","130","USD","13-Mar-2026 03:26:34 AM","13-Mar-2027","123000000","USD","IRS","IRSW","13-Mar-2026","TESTIRS_130326_1","","New","","1","","","","","USD-SOFR CME Term","M","13-Mar-2026","","","","","","","","","","","","","","",
"ALLEGED","N/A","Doc(s) Req'd","","N","N","1683","","M.BANK","S42049377_1","","Sell","","","5000","USD","13-Mar-2026 03:08:08 AM","26-Jul-2027","592683420.5","USD","EQO","EQO","13-Mar-2026","TAUTO42049377_1","","New","","","","","","",".SPX","M","13-Mar-2026","","","12","Qty 0","","","1","","","","","","","",
"ALLEGED","N/A","Doc(s) Req'd","13-Mar-2026 at 03:06:11 AM EDT - System -  ' Disputed Field(s): Notional (Client : USD 688292020.5).Status updated to Disputed '|13-Mar-2026 at 03:06:11 AM EDT - System -  ' Disputed Field(s): Notional (Dealer : USD 358578650). Status updated to Disputed '|13-Mar-2026 at 02:50:38 AM EDT - System -  ' Disputed Field(s): Notional (Client : USD 688292020.5).Status updated to Disputed '|","N","N","1683","","M.BANK","S42049373_1","","Sell","","","5000","USD","13-Mar-2026 03:06:13 AM","26-Jul-2027","688292020.5","USD","EQO","EQO","13-Mar-2026","TAUTO42049373_1","","New","","","","","","",".SPX","M","13-Mar-2026","","","12","Qty 0","","","1","","","","","","","",
"ALLEGED","N/A","Doc(s) Req'd","13-Mar-2026 at 02:59:00 AM EDT - System -  ' Disputed Field(s): Strike Price (Client : 3100).Status updated to Disputed '|13-Mar-2026 at 02:59:00 AM EDT - System -  ' Disputed Field(s): Strike Price (Dealer : 10). Status updated to Disputed '|13-Mar-2026 at 02:54:26 AM EDT - System -  ' Disputed Field(s): Strike Price (Dealer : 10). Status updated to Disputed '|","N","N","1683","","M.BANK","S42049374_1","","Sell","","","89168","USD","13-Mar-2026 02:59:01 AM","13-Mar-2028","0","USD","EQO","EQO","13-Mar-2026","TAUTO42049374_1","","New","","","","","6000","","GOOG.OQ","M","13-Mar-2026","","","3100","Qty 5573","","","","","","","","","","",
"CONFIRMED","N/A","Executed","","N","N","1683","42049372_1","M.BANK","S42049372_1","","Sell","42049372","13-Mar-2026 02:47:11 AM","89168","USD","13-Mar-2026 02:48:32 AM","13-Mar-2028","0","USD","EQO","EQO","13-Mar-2026","TAUTO42049372_1","","New","","","","","6000","","GOOG.OQ","M","13-Mar-2026","STP","","10","Qty 5573","","C-MWIRE","","","","","","","","",
"CONFIRMED","N/A","Executed","13-Mar-2026 at 01:53:53 AM EDT - System -  ' Disputed Field(s): Float leg roll convention (Dealer : 17),Fixed leg roll convention (Dealer : 17),Fee 1(w/ tolerance btwn 0.0 and 7.0) (Dealer : USD 0),Fee 1 Direction (Dealer : NOT PROVIDED),Fee 1 Date (Dealer : NOT PROVIDED), [ Allocations--(...) '|13-Mar-2026 at 01:53:53 AM EDT - System -  ' Disputed Field(s): Float leg roll convention (Client : 12),Fixed leg roll convention (Client : 12),Fee 1(w/ tolerance btwn 0.0 and 7.0) (Client : USD 100),Fee 1 Direction (Client : Receive),Fee 1 Date (Client : 17-Mar-2026), [ Allocations-->|16(...) '|13-Mar-2026 at 01:53:53 AM EDT - MarkitWire -  ' 1684 :Disputed Field(s): Float leg roll convention (Client : 12),Fixed leg roll convention (Client : 12),Fee 1(w/ tolerance btwn 0.0 and 7.0) (Client : USD 100),Fee 1 Direction (Client : Receive),Fee 1 Date (Client : 17-Mar-2026), [ Allocations(...) '|","N","N","1684","42049371_1","M.BANK","Test_IRS_1303","","Recv Fixed","42049371","13-Mar-2026 01:49:38 AM","0","USD","13-Mar-2026 01:56:34 AM","17-Mar-2027","12345678","USD","IRS","IRSW","13-Mar-2026","Test_IRS_1303","","New","","6","","0","0","","USD-SOFR CME Term","M","13-Mar-2026","STP","","","","","C-MWIRE","","0","0","","","0","0","",
"ALLEGED","N/A","Doc(s) Req'd","13-Mar-2026 at 01:52:31 AM EDT - System -  ' Disputed Field(s): Cannot upload fees where mismatch exists. Fee1 (Dealer : USD 100),Cannot upload fees where mismatch exists. Fee2 (Dealer : AUD 2000). Status updated to Disputed '|13-Mar-2026 at 01:52:31 AM EDT - System -  ' Disputed Field(s): Cannot upload fees where mismatch exists. Fee1 (Client : USD 92),Cannot upload fees where mismatch exists. Fee2 (Client : AUD 1106).Status updated to Disputed '|13-Mar-2026 at 01:52:19 AM EDT - mw.demo@markitserv.com -  ' Automatically Untied when Ticket Edited '|","N","N","Block","","M.BANK","S42049135_1","","Recv","","","92","USD","13-Mar-2026 01:52:41 AM","16-Mar-2027","376309690","USD","CCIRS","CCIRS","12-Mar-2026","TAUTO42049135_1","","New","","4.2","","","0","0","EUR-EuroSTR-OIS Compound","M","12-Mar-2026","","","","","","","","","","","","","","LCHSGB2L",
"CONFIRMED","N/A","Executed","13-Mar-2026 at 01:49:40 AM EDT - mw.demo@markitserv.com -  ' Trade manually affirmed '|13-Mar-2026 at 01:49:28 AM EDT - MarkitWire -  ' 1684 :Disputed Field(s): Notional (Client : USD 67000000),Maturity Date (Client : 13-Mar-2027),Fee 2 (Client : USD 0),Fee 2 Date (Client : 09-Mar-2026),2nd Leg Effective Date (Client : 17-Mar-2027),Fee 1(w/ tolerance btwn 0.0 and 7.0) (Client :(...) '|13-Mar-2026 at 01:49:27 AM EDT - System -  ' Disputed Field(s): Notional (Client : USD 67000000),Maturity Date (Client : 13-Mar-2027),Fee 2 (Client : USD 0),Fee 2 Date (Client : 09-Mar-2026),2nd Leg Effective Date (Client : 17-Mar-2027),Fee 1(w/ tolerance btwn 0.0 and 7.0) (Client : USD 1(...) '|","N","N","1684","42049370_1","M.BANK","IRS_Test_13032026_22538","","Recv Fixed","42049370","13-Mar-2026 01:37:11 AM","130","USD","13-Mar-2026 01:49:46 AM","13-Mar-2027","67000000","USD","IRS","IRSW","13-Mar-2026","IRS_Test_13032026_22538","","New","","5","","0","0","","USD-SOFR CME Term","M","13-Mar-2026","STP","","","","","C-MWIRE","","0","0","","","0","0","",
"ALLEGED","N/A","Doc(s) Req'd","12-Mar-2026 at 11:11:28 AM EDT - System -  ' Disputed Field(s): Cannot upload fees where mismatch exists. Fee2 (Client : AUD 2000).Status updated to Disputed '|12-Mar-2026 at 11:11:28 AM EDT - System -  ' Disputed Field(s): Cannot upload fees where mismatch exists. Fee2 (Dealer : AUD 100). Status updated to Disputed '|","N","N","Block","","M.BANK","CCIRS_Trade_12032026","","Recv","","","96","USD","13-Mar-2026 01:27:09 AM","16-Mar-2027","28000000","USD","CCIRS","CCIRS","12-Mar-2026","CCIRS_Trade_12032026","","New","","9","","","","","EUR-EuroSTR-OIS Compound","M","12-Mar-2026","","","","","","","","","","","","","","LCHSGB2L",
"ALLEGED","N/A","Doc(s) Req'd","12-Mar-2026 at 12:37:56 PM EDT - System -  ' Disputed Field(s): Trade Date (Dealer : 12-Mar-2026),Maturity Date (Dealer : 16-Mar-2028),Float leg roll convention (Dealer : 16),Effective Date (Dealer : 16-Mar-2026),Fee Payment Date (Dealer : 16-Mar-2026),Fee 2 Payment Date (Dealer : 16-Mar-(...) '|12-Mar-2026 at 12:37:56 PM EDT - System -  ' Disputed Field(s): Trade Date (Client : 10-Mar-2026),Maturity Date (Client : 12-Mar-2028),Float leg roll convention (Client : 12),Effective Date (Client : 12-Mar-2026),Fee Payment Date (Client : 12-Mar-2026),Fee 2 Payment Date (Client : 12-Mar-(...) '|10-Mar-2026 at 07:01:06 AM EDT - System -  ' Disputed Field(s): Fee 2(w/ tolerance btwn 0.0 and 1.0) (Dealer : JPY 2000), [ Allocations-->|1683:MWMF_FUND1:Fee 2 (Dealer : JPY 2000) ]. Status updated to Disputed '|","N","N","1683","","M.BANK","S38123136_1","","Sell","","","4200","JPY","12-Mar-2026 12:37:59 PM","12-Mar-2028","1200000","JPY","CPFL","CPFL","10-Mar-2026","TAUTO38123136_1","","New","","","","","24000","2","JPY-TONA-OIS Compound","M","10-Mar-2026","","","7.5","","","","","","","","","","","",
"ALLEGED","N/A","Doc(s) Req'd","12-Mar-2026 at 11:34:56 AM EDT - mw.demo@markitserv.com -  ' Trade manually affirmed '|12-Mar-2026 at 11:34:56 AM EDT - mw.demo@markitserv.com -  ' Trade affirmed with fee mismatch, fee will be prorated '|12-Mar-2026 at 07:35:28 AM EDT - System -  ' Disputed Field(s): Cannot upload fees where mismatch exists. Fee 1 (Dealer : EUR 100). Status updated to Disputed '|","N","N","Block","","M.BANK","S42049109_1","","Pay","","","92","EUR","12-Mar-2026 12:30:46 PM","16-Mar-2027","989873080","EUR","BSWP","BSWP","12-Mar-2026","TAUTO42049109_1","","New","","","","","","","EUR-EURIBOR","M","12-Mar-2026","","","","","","","","","","","","","","LCHSGB2L",
"ALLEGED","N/A","Doc(s) Req'd","12-Mar-2026 at 11:06:47 AM EDT - System -  ' Disputed Field(s): Cannot upload fees where mismatch exists. Fee2 (Dealer : AUD 100). Status updated to Disputed '|12-Mar-2026 at 11:06:47 AM EDT - System -  ' Disputed Field(s): Cannot upload fees where mismatch exists. Fee2 (Client : AUD 2000).Status updated to Disputed '|","N","N","Block","","M.BANK","AP_S42049113_1","","Recv","","","96","USD","12-Mar-2026 11:12:32 AM","16-Mar-2027","202797390","USD","CCIRS","CCIRS","12-Mar-2026","AP_S42049113_1","","New","","4.2","","","","","EUR-EuroSTR-OIS Compound","M","12-Mar-2026","","","","","","","","","","","","","","LCHSGB2L",
"CONFIRMED","N/A","Executed","12-Mar-2026 at 09:28:36 AM EDT - MarkitWire -  ' SettlementAgencySent '|12-Mar-2026 at 09:28:34 AM EDT - MarkitWire -  ' SettlementAgencySent '|12-Mar-2026 at 09:27:58 AM EDT - MarkitWire -  ' Allocations have been uploaded. Please affirm '|","N","N","Block","42049180_1","M.BANK","S42049180_1","","Pay","42049180","12-Mar-2026 09:28:24 AM","92","EUR","12-Mar-2026 09:28:36 AM","16-Mar-2027","636762270","EUR","BSWP","BSWP","12-Mar-2026","TAUTO42049180_1","","New","","","","","","","EUR-EURIBOR","M","12-Mar-2026","STP","","","","","C-MWIRE","","","","","","","","LCHSGB2L",
"CONFIRMED","N/A","Executed","12-Mar-2026 at 09:24:52 AM EDT - vikram.singh@ihsmarkit.com -  ' Trade manually affirmed '|12-Mar-2026 at 09:24:44 AM EDT - System -  ' Disputed Field(s): Notional (Client : USD 458818720.5),Fee(w/ tolerance btwn 0.0 and 1.0) (Client : USD 4990), [ Allocations-->|1683:MWMF_FUND1:Fee (Client : USD 4990) ].Status updated to Disputed '|12-Mar-2026 at 09:24:44 AM EDT - System -  ' Disputed Field(s): Notional (Dealer : USD 530267080),Fee(w/ tolerance btwn 0.0 and 1.0) (Dealer : USD 5000), [ Allocations-->|1683:MWMF_FUND1:Fee (Dealer : USD 5000) ]. Status updated to Disputed '|","N","N","1683","42049178_1","M.BANK","S42049179_1","","Sell","42049178","12-Mar-2026 09:21:58 AM","4990","USD","12-Mar-2026 09:24:56 AM","23-Jul-2027","458818720.5","USD","EQO","EQO","12-Mar-2026","TAUTO42049179_1","","New","","","","0","0","",".SPX","M","12-Mar-2026","STP","","12","Qty 0","","C-MWIRE","1","0","0","","","0","0","",
"CONFIRMED","N/A","Executed","12-Mar-2026 at 09:20:20 AM EDT - vikram.singh@ihsmarkit.com -  ' Trade manually affirmed '|12-Mar-2026 at 09:20:12 AM EDT - MarkitWire -  ' 1683 :Disputed Field(s): Notional (Client : USD 899441210.5),Fee(w/ tolerance btwn 0.0 and 1.0) (Client : USD 3100), [ Allocations-->|1683:MWMF_FUND1:Fee (Client : USD 3100) ].Status updated to Disputed '|12-Mar-2026 at 09:20:11 AM EDT - System -  ' Disputed Field(s): Notional (Dealer : USD 899441210),Fee(w/ tolerance btwn 0.0 and 1.0) (Dealer : USD 5000), [ Allocations-->|1683:MWMF_FUND1:Fee (Dealer : USD 5000) ]. Status updated to Disputed '|","N","N","1683","42049177_1","M.BANK","S42049177_1","","Sell","42049177","12-Mar-2026 09:19:37 AM","3100","USD","12-Mar-2026 09:20:24 AM","23-Jul-2027","899441210.5","USD","EQO","EQO","12-Mar-2026","TAUTO42049177_1","","New","","","","0","0","",".SPX","M","12-Mar-2026","STP","","12","Qty 0","","C-MWIRE","1","0","0","","","0","0","",
"ALLEGED","N/A","Doc(s) Req'd","12-Mar-2026 at 09:14:52 AM EDT - System -  ' Disputed Field(s): Valuation Dates (Client : NOT PROVIDED),Business Day Convention (Client : NOT PROVIDED).Status updated to Disputed '|12-Mar-2026 at 09:14:52 AM EDT - System -  ' Disputed Field(s): Valuation Dates (Dealer : 25-Mar-2026),Business Day Convention (Dealer : FOLLOWING). Status updated to Disputed '|","N","N","1683","","M.BANK","S42049176_1","","Buy","","","7856507600","EUR","12-Mar-2026 09:14:53 AM","26-Jul-2027","0","EUR","EQO","EQO","12-Mar-2026","TAUTO42049176_1","","New","","","","","","",".AEX","M","12-Mar-2026","","","12","Qty 785650760","","","1","","","","","","","",
"CONFIRMED","N/A","Executed","12-Mar-2026 at 09:09:41 AM EDT - MarkitWire -  ' SettlementAgencySent '|","N","N","1683","42049175_1","M.BANK","S42049175_1","","Recv","42049175","12-Mar-2026 09:08:51 AM","93","USD","12-Mar-2026 09:09:41 AM","16-Mar-2027","304124240","USD","CCIRS","CCIRS","12-Mar-2026","TAUTO42049175_1","","New","","3.2","","0","0","","EUR-EuroSTR-OIS Compound","M","12-Mar-2026","STP","","","","","C-MWIRE","","0","0","","","0","0","LCHSGB2L",
"CONFIRMED","N/A","Executed","","N","N","1683","42049174_1","M.BANK","S42049174_1","","Recv Fixed","42049174","12-Mar-2026 09:06:35 AM","93","AUD","12-Mar-2026 09:07:13 AM","12-Mar-2036","844245420","AUD","FIXED","FIXED","12-Mar-2026","TAUTO42049174_1","","New","","5","8","","16884908.4","2","","M","12-Mar-2026","STP","","","","","C-MWIRE","","","","","","","","",
"CONFIRMED","N/A","Executed","","N","N","1683","42049173_1","M.BANK","S42049173_1","","Pay","42049173","12-Mar-2026 09:04:34 AM","93","USD","12-Mar-2026 09:05:24 AM","16-Mar-2027","589760960","USD","BSWP","BSWP","12-Mar-2026","TAUTO42049173_1","","New","","","","","","","USD-LIBOR","M","12-Mar-2026","STP","","","","","C-MWIRE","","","","","","","","",
"CLEARED","CLR-LCH_SA","Doc(s) Req'd","12-Mar-2026 at 09:02:02 AM EDT - MarkitWire -  ' 42: BDDTest_rejecting '|12-Mar-2026 at 09:01:59 AM EDT - MarkitWire -  ' 42: BDDTest_rejecting '|12-Mar-2026 at 09:01:35 AM EDT - vikram.singh@ihsmarkit.com -  ' Trade manually affirmed '|","N","N","1683","42049168_1","M.BANK/A.BANK","S42049168_1","CDSIndex_Clearing","Buy","42049168","12-Mar-2026 08:59:04 AM","91","USD","12-Mar-2026 09:04:02 AM","20-Dec-2030","130845930","USD","CDI","CDI","12-Mar-2026","TAUTO42049168_1","test_trader","New","","1","","0","0","","2I65BYDX0","M","12-Mar-2026","STP","Test_Strategy","","","","","","0","0","","","0","0","",
"CONFIRMED","N/A","Executed","12-Mar-2026 at 08:56:09 AM EDT - vikram.singh@ihsmarkit.com -  ' Trade manually affirmed '|12-Mar-2026 at 08:56:01 AM EDT - MarkitWire -  ' 1683 :Disputed Field(s): ETC Initial Period (Client : NOT PROVIDED),Fee 1(w/ tolerance btwn 0.0 and 7.0) (Client : USD 92), [ Allocations-->|1683:MWMF_FUND1:Fee1 (Client : USD 92) ].Status updated to Disputed '|12-Mar-2026 at 08:56:00 AM EDT - System -  ' Disputed Field(s): ETC Initial Period (Dealer : 10Y),Fee 1(w/ tolerance btwn 0.0 and 7.0) (Dealer : USD 100), [ Allocations-->|1683:MWMF_FUND1:Fee1 (Dealer : USD 100) ]. Status updated to Disputed '|","N","N","1683","42049167_1","M.BANK","S42049167_1","","Recv","42049167","12-Mar-2026 08:54:27 AM","92","USD","12-Mar-2026 08:56:12 AM","16-Mar-2036","62557","USD","CCBSWP","CCBSWP","12-Mar-2026","TAUTO42049167_1","","New","","","","","4000000","","EUR-EuroSTR-OIS Compound","M","12-Mar-2026","STP","","","","","C-MWIRE","","","","","","","","",
"CONFIRMED","N/A","Executed","12-Mar-2026 at 08:52:52 AM EDT - vikram.singh@ihsmarkit.com -  ' Trade manually affirmed '|12-Mar-2026 at 08:52:47 AM EDT - System -  ' Disputed Field(s): Fee 1(w/ tolerance btwn 0.0 and 7.0) (Client : USD 92), [ Allocations-->|1683:MWMF_FUND1:Fee (Client : USD 92) ].Status updated to Disputed '|12-Mar-2026 at 08:52:47 AM EDT - System -  ' Disputed Field(s): Fee 1(w/ tolerance btwn 0.0 and 7.0) (Dealer : USD 100), [ Allocations-->|1683:MWMF_FUND1:Fee (Dealer : USD 100) ]. Status updated to Disputed '|","N","N","1683","42049166_1","M.BANK","S42049166_1","","Recv Fixed","42049166","12-Mar-2026 08:52:13 AM","92","USD","12-Mar-2026 08:52:55 AM","16-Sep-2026","497903300","USD","OIS","OIS","12-Mar-2026","TAUTO42049166_1","","New","","9.5","","","","","USD-SOFR-OIS Compound","M","12-Mar-2026","STP","","","","","C-MWIRE","","","","","","","","",
"CONFIRMED","N/A","Executed","12-Mar-2026 at 08:51:41 AM EDT - MarkitWire -  ' SettlementAgencySent '|12-Mar-2026 at 08:51:23 AM EDT - vikram.singh@ihsmarkit.com -  ' Trade manually affirmed '|12-Mar-2026 at 08:50:07 AM EDT - MarkitWire -  ' 1683 :Disputed Field(s): Fee1(w/ tolerance btwn 0.0 and 7.0) (Client : USD 92), [ Allocations-->|1683:MWMF_FUND1:Fee1 (Client : USD 92) ].Status updated to Disputed '|","N","N","1683","42049165_1","M.BANK","S42049165_1","","Recv","42049165","12-Mar-2026 08:49:16 AM","92","USD","12-Mar-2026 08:51:41 AM","16-Mar-2027","213471510","USD","CCIRS","CCIRS","12-Mar-2026","TAUTO42049165_1","","New","","3.2","","0","0","","EUR-EuroSTR-OIS Compound","M","12-Mar-2026","STP","","","","","C-MWIRE","","0","0","","","0","0","LCHSGB2L",
"CONFIRMED","N/A","Executed","12-Mar-2026 at 08:41:54 AM EDT - vikram.singh@ihsmarkit.com -  ' Trade manually affirmed '|12-Mar-2026 at 08:41:50 AM EDT - System -  ' Disputed Field(s): Fee 1(w/ tolerance btwn 0.0 and 7.0) (Dealer : EUR 100), [ Allocations-->|1683:MWMF_FUND1:Fee (Dealer : EUR 100) ]. Status updated to Disputed '|12-Mar-2026 at 08:41:50 AM EDT - System -  ' Disputed Field(s): Fee 1(w/ tolerance btwn 0.0 and 7.0) (Client : EUR 92), [ Allocations-->|1683:MWMF_FUND1:Fee (Client : EUR 92) ].Status updated to Disputed '|","N","N","1683","42049161_1","M.BANK","S42049161_1","","Buy","42049161","12-Mar-2026 08:41:16 AM","92","EUR","12-Mar-2026 08:41:57 AM","16-Mar-2027","780796840","EUR","FRA","FRA","12-Mar-2026","TAUTO42049161_1","","New","","5","","","15615936.8","2","EUR-EURIBOR","M","12-Mar-2026","STP","","","","","C-MWIRE","","","","","","","","",
"CONFIRMED","N/A","Executed","12-Mar-2026 at 08:40:56 AM EDT - vikram.singh@ihsmarkit.com -  ' Trade manually affirmed '|12-Mar-2026 at 08:40:51 AM EDT - System -  ' Disputed Field(s): Fee(w/ tolerance btwn 0.0 and 7.0) (Dealer : JPY 4200), [ Allocations-->|1683:MWMF_FUND1:Fee (Dealer : JPY 4200) ]. Status updated to Disputed '|12-Mar-2026 at 08:40:51 AM EDT - System -  ' Disputed Field(s): Fee(w/ tolerance btwn 0.0 and 7.0) (Client : JPY 92), [ Allocations-->|1683:MWMF_FUND1:Fee (Client : JPY 92) ].Status updated to Disputed '|","N","N","1683","42049160_1","M.BANK","S42049160_1","","Sell","42049160","12-Mar-2026 08:40:17 AM","92","JPY","12-Mar-2026 08:41:00 AM","16-Mar-2028","1200000","JPY","CPFL","CPFL","12-Mar-2026","TAUTO42049160_1","","New","","","","0","72000","6","JPY-TONA-OIS Compound","M","12-Mar-2026","STP","","3.5","","","C-MWIRE","","0","0","","","0","0","",
"CONFIRMED","N/A","Executed","12-Mar-2026 at 08:39:56 AM EDT - vikram.singh@ihsmarkit.com -  ' Trade manually affirmed '|12-Mar-2026 at 08:39:52 AM EDT - System -  ' Disputed Field(s): Fee1(w/ tolerance btwn 0.0 and 7.0) (Dealer : EUR 100), [ Allocations-->|1683:MWMF_FUND1:Fee1 (Dealer : EUR 100) ]. Status updated to Disputed '|12-Mar-2026 at 08:39:52 AM EDT - System -  ' Disputed Field(s): Fee1(w/ tolerance btwn 0.0 and 7.0) (Client : EUR 92), [ Allocations-->|1683:MWMF_FUND1:Fee1 (Client : EUR 92) ].Status updated to Disputed '|","N","N","1683","42049159_1","M.BANK","S42049159_1","","Recv Fixed","42049159","12-Mar-2026 08:38:34 AM","92","EUR","12-Mar-2026 08:39:59 AM","16-Mar-2027","594609500","EUR","FIXED","FIXED","12-Mar-2026","TAUTO42049159_1","","New","","5.2","8","","1000","","","M","12-Mar-2026","STP","","","","","C-MWIRE","","","","","","","","",
"CONFIRMED","N/A","Executed","12-Mar-2026 at 08:38:14 AM EDT - vikram.singh@ihsmarkit.com -  ' Trade manually affirmed '|12-Mar-2026 at 08:38:10 AM EDT - System -  ' Disputed Field(s): Fee1(w/ tolerance btwn 0.0 and 7.0) (Dealer : AUD 100), [ Allocations-->|1683:MWMF_FUND1:Fee1 (Dealer : AUD 100) ]. Status updated to Disputed '|12-Mar-2026 at 08:38:10 AM EDT - System -  ' Disputed Field(s): Fee1(w/ tolerance btwn 0.0 and 7.0) (Client : AUD 92), [ Allocations-->|1683:MWMF_FUND1:Fee1 (Client : AUD 92) ].Status updated to Disputed '|","N","N","1683","42049158_1","M.BANK","S42049158_1","","Recv Fixed","42049158","12-Mar-2026 08:37:36 AM","92","AUD","12-Mar-2026 08:38:17 AM","12-Mar-2036","628075380","AUD","FIXED","FIXED","12-Mar-2026","TAUTO42049158_1","","New","","5","8","","12561507.6","2","","M","12-Mar-2026","STP","","","","","C-MWIRE","","","","","","","","",
"CONFIRMED","N/A","Executed","12-Mar-2026 at 08:37:16 AM EDT - vikram.singh@ihsmarkit.com -  ' Trade manually affirmed '|12-Mar-2026 at 08:37:10 AM EDT - System -  ' Disputed Field(s): Fee(w/ tolerance btwn 0.0 and 7.0) (Client : CAD 92), [ Allocations-->|1683:MWMF_FUND1:Fee (Client : CAD 92) ].Status updated to Disputed '|12-Mar-2026 at 08:37:10 AM EDT - System -  ' Disputed Field(s): Fee(w/ tolerance btwn 0.0 and 7.0) (Dealer : CAD 80), [ Allocations-->|1683:MWMF_FUND1:Fee (Dealer : CAD 80) ]. Status updated to Disputed '|","N","N","1683","42049157_1","M.BANK","S42049157_1","","Recv Fixed","42049157","12-Mar-2026 08:36:35 AM","92","CAD","12-Mar-2026 08:37:18 AM","13-Mar-2047","400000","CAD","SWO","SWO","12-Mar-2026","TAUTO42049157_1","","New","","5","","","8000","2","CAD-CORRA-OIS Compound","M","12-Mar-2026","STP","","","","","C-MWIRE","","","","","","","","",
"CONFIRMED","N/A","Executed","12-Mar-2026 at 08:36:14 AM EDT - vikram.singh@ihsmarkit.com -  ' Trade manually affirmed '|12-Mar-2026 at 08:36:11 AM EDT - System -  ' Disputed Field(s): Fee 1(w/ tolerance btwn 0.0 and 7.0) (Dealer : USD 0),Fee 1 Direction (Dealer : NOT PROVIDED), [ Allocations-->|1683:MWMF_FUND1:Fee (Dealer : USD 0.0) ]. Status updated to Disputed '|12-Mar-2026 at 08:36:11 AM EDT - System -  ' Disputed Field(s): Fee 1(w/ tolerance btwn 0.0 and 7.0) (Client : USD 92),Fee 1 Direction (Client : Pay), [ Allocations-->|1683:MWMF_FUND1:Fee (Client : USD 92) ].Status updated to Disputed '|","N","N","1683","42049156_1","M.BANK","S42049156_1","","Recv Fixed","42049156","12-Mar-2026 08:35:36 AM","92","USD","12-Mar-2026 08:36:17 AM","16-Mar-2041","203894030","USD","IFS","IFS","12-Mar-2026","TAUTO42049156_1","","New","","6","","","4077880.6","2","USA-CPI-U","M","12-Mar-2026","STP","","","","","C-MWIRE","","","","","","","","",
"CONFIRMED","N/A","Executed","12-Mar-2026 at 08:35:16 AM EDT - vikram.singh@ihsmarkit.com -  ' Trade manually affirmed '|12-Mar-2026 at 08:35:12 AM EDT - MarkitWire -  ' 1683 :Disputed Field(s): Fee 1(w/ tolerance btwn 0.0 and 7.0) (Client : USD 92), [ Allocations-->|1683:MWMF_FUND1:Fee (Client : USD 92) ].Status updated to Disputed '|12-Mar-2026 at 08:35:11 AM EDT - System -  ' Disputed Field(s): Fee 1(w/ tolerance btwn 0.0 and 7.0) (Dealer : USD 100), [ Allocations-->|1683:MWMF_FUND1:Fee (Dealer : USD 100) ]. Status updated to Disputed '|","N","N","1683","42049155_1","M.BANK","S42049155_1","","Pay Fixed","42049155","12-Mar-2026 08:34:37 AM","92","USD","12-Mar-2026 08:35:22 AM","16-Mar-2041","977585410","USD","IRS","IRSW","12-Mar-2026","TAUTO42049155_1","","New","","5.2","","0","19551708.2","2","USD-SOFR CME Term","M","12-Mar-2026","STP","","","","","C-MWIRE","","0","0","","","0","0","",
"CONFIRMED","N/A","Executed","12-Mar-2026 at 08:34:16 AM EDT - vikram.singh@ihsmarkit.com -  ' Trade manually affirmed '|12-Mar-2026 at 08:34:09 AM EDT - System -  ' Disputed Field(s): Fee 1(w/ tolerance btwn 0.0 and 7.0) (Client : USD 92), [ Allocations-->|1683:MWMF_FUND1:Fee (Client : USD 92) ].Status updated to Disputed '|12-Mar-2026 at 08:34:09 AM EDT - System -  ' Disputed Field(s): Fee 1(w/ tolerance btwn 0.0 and 7.0) (Dealer : USD 100), [ Allocations-->|1683:MWMF_FUND1:Fee (Dealer : USD 100) ]. Status updated to Disputed '|","N","N","1683","42049154_1","M.BANK","S42049154_1","","Pay","42049154","12-Mar-2026 08:33:32 AM","92","USD","12-Mar-2026 08:34:18 AM","16-Mar-2027","721899150","USD","BSWP","BSWP","12-Mar-2026","TAUTO42049154_1","","New","","","","","","","USD-LIBOR","M","12-Mar-2026","STP","","","","","C-MWIRE","","","","","","","","",
"CONFIRMED","N/A","Executed","12-Mar-2026 at 08:31:38 AM EDT - MarkitWire -  ' SettlementAgencySent '|12-Mar-2026 at 08:31:35 AM EDT - MarkitWire -  ' SettlementAgencySent '|12-Mar-2026 at 08:31:00 AM EDT - MarkitWire -  ' Allocations have been uploaded. Please affirm '|","N","N","Block","42049151_1","M.BANK","S42049151_1","","Recv Fixed","42049151","12-Mar-2026 08:31:26 AM","92","USD","12-Mar-2026 08:31:38 AM","16-Mar-2027","178134210","USD","IFS","IFS","12-Mar-2026","TAUTO42049151_1","","New","","5.7","","","8906710.5","5","USA-CPI-U","M","12-Mar-2026","STP","","","","","C-MWIRE","","","","","","","","LCHSGB2L",
"ALLOC DELIV","N/A","Doc(s) Req'd","12-Mar-2026 at 08:20:35 AM EDT - MarkitWire -  ' Allocations have been uploaded. Please affirm '|12-Mar-2026 at 08:20:34 AM EDT - vikram.singh@ihsmarkit.com -  ' Trade manually affirmed '|12-Mar-2026 at 08:20:29 AM EDT - System -  ' Disputed Field(s): Cannot upload fees where mismatch exists. Fee1 (Dealer : USD 100). Status updated to Disputed '|","N","N","Block","42049148_1","M.BANK","S42049148_1","","Recv","42049148","12-Mar-2026 08:19:31 AM","92","USD","12-Mar-2026 08:20:52 AM","16-Mar-2027","652735410","USD","CCIRS","CCIRS","12-Mar-2026","TAUTO42049148_1","","New","","6.2","","","","","EUR-EuroSTR-OIS Compound","M","12-Mar-2026","","","","","","","","","","","","","","LCHSGB2L",
"ALLOC DELIV","N/A","Doc(s) Req'd","12-Mar-2026 at 08:15:58 AM EDT - MarkitWire -  ' Allocations have been uploaded. Please affirm '|12-Mar-2026 at 08:15:19 AM EDT - vikram.singh@ihsmarkit.com -  ' Trade affirmed with fee mismatch, fee will be prorated '|12-Mar-2026 at 08:15:19 AM EDT - vikram.singh@ihsmarkit.com -  ' Trade manually affirmed '|","N","N","Block","42049145_1","M.BANK","S42049145_1","","Sell","42049145","12-Mar-2026 08:14:30 AM","92","JPY","12-Mar-2026 08:16:18 AM","16-Mar-2028","1200000","JPY","CPFL","CPFL","12-Mar-2026","TAUTO42049145_1","","New","","","","","72000","6","JPY-TONA-OIS Compound","M","12-Mar-2026","","","3.5","","","","","","","","","","","",
"CONFIRMED","N/A","Executed","12-Mar-2026 at 08:13:38 AM EDT - MarkitWire -  ' SettlementAgencySent '|12-Mar-2026 at 08:13:34 AM EDT - MarkitWire -  ' SettlementAgencySent '|12-Mar-2026 at 08:10:44 AM EDT - MarkitWire -  ' Allocations have been uploaded. Please affirm '|","N","N","Block","42049142_1","M.BANK","S42049142_1","","Recv Fixed","42049142","12-Mar-2026 08:13:22 AM","92","USD","12-Mar-2026 08:13:38 AM","16-Mar-2027","505657680","USD","FIXED","FIXED","12-Mar-2026","TAUTO42049142_1","","New","","7","5","","25282884","5","","M","12-Mar-2026","STP","","","","","C-MWIRE","","","","","","","","LCHSGB2L",
"ALLEGED","N/A","Doc(s) Req'd","12-Mar-2026 at 07:12:51 AM EDT - vikram.singh@ihsmarkit.com -  ' Trade manually affirmed '|12-Mar-2026 at 07:12:51 AM EDT - vikram.singh@ihsmarkit.com -  ' Trade affirmed with fee mismatch, fee will be prorated '|12-Mar-2026 at 07:12:44 AM EDT - System -  ' Disputed Field(s): Cannot upload fees where mismatch exists. Fee 1 (Client : AUD 96).Status updated to Disputed '|","N","N","Block","","M.BANK","S42049101_1","","Pay Fixed","","","96","AUD","12-Mar-2026 08:13:08 AM","13-Sep-2026","590864220","AUD","IRS","IRSW","12-Mar-2026","TAUTO42049101_1","","New","","5","","","","","AUD-BBSW","M","12-Mar-2026","","","","","","","","","","","","","","",
"ALLEGED","N/A","Doc(s) Req'd","","N","N","Block","","M.BANK","S42049093_1","","Recv Fixed","","","96","USD","12-Mar-2026 08:12:55 AM","16-Mar-2027","434377190","AUD","FIXED","FIXED","12-Mar-2026","TAUTO42049093_1","","New","","7.2","4","","2500","0","","M","12-Mar-2026","","","","","","","","","","","","","","LCHSGB2L",
"CONFIRMED","N/A","Executed","12-Mar-2026 at 08:06:57 AM EDT - MarkitWire -  ' SettlementAgencySent '|12-Mar-2026 at 08:06:51 AM EDT - MarkitWire -  ' SettlementAgencySent '|12-Mar-2026 at 08:06:16 AM EDT - MarkitWire -  ' Allocations have been uploaded. Please affirm '|","N","N","Block","42049137_1","M.BANK","S42049137_1","","Recv Fixed","42049137","12-Mar-2026 08:06:42 AM","92","USD","12-Mar-2026 08:06:57 AM","16-Mar-2027","256976610","AUD","FIXED","FIXED","12-Mar-2026","TAUTO42049137_1","","New","","4.2","6","","3500","0","","M","12-Mar-2026","STP","","","","","C-MWIRE","","","","","","","","LCHSGB2L",
"ALLEGED","N/A","Doc(s) Req'd","","N","N","1684","","M.BANK","S42049136_1","","Recv","","","46","USD","12-Mar-2026 07:58:40 AM","16-Mar-2036","166722.5","USD","CCBSWP","CCBSWP","12-Mar-2026","TAUTO42049136_1","","New","","","","","2000000","","EUR-EuroSTR-OIS Compound","M","12-Mar-2026","","","","","","","","","","","","","","",
"CONFIRMED","N/A","Executed","12-Mar-2026 at 07:56:09 AM EDT - MarkitWire -  ' Allocations have been uploaded. Please affirm '|12-Mar-2026 at 07:56:08 AM EDT - vikram.singh@ihsmarkit.com -  ' Trade manually affirmed '|12-Mar-2026 at 07:56:08 AM EDT - vikram.singh@ihsmarkit.com -  ' Trade affirmed with fee mismatch, fee will be prorated '|","N","N","Block","42049132_1","M.BANK","S42049132_1","","Buy","42049132","12-Mar-2026 07:56:38 AM","92","EUR","12-Mar-2026 07:56:51 AM","16-Mar-2027","599726750","EUR","FRA","FRA","12-Mar-2026","TAUTO42049132_1","","New","","5","","","11994535","2","EUR-EURIBOR","M","12-Mar-2026","STP","","","","","C-MWIRE","","","","","","","","",
"CONFIRMED","N/A","Executed","12-Mar-2026 at 07:55:17 AM EDT - MarkitWire -  ' SettlementAgencySent '|12-Mar-2026 at 07:55:08 AM EDT - MarkitWire -  ' SettlementAgencySent '|12-Mar-2026 at 07:54:31 AM EDT - MarkitWire -  ' Allocations have been uploaded. Please affirm '|","N","N","Block","42049129_1","M.BANK","S42049129_1","","Recv Fixed","42049129","12-Mar-2026 07:54:58 AM","92","USD","12-Mar-2026 07:55:17 AM","14-Mar-2041","525052030","USD","SWO","SWO","12-Mar-2026","TAUTO42049129_1","","New","","4","","","10501040.6","2","USD-LIBOR","M","12-Mar-2026","STP","","","","","C-MWIRE","","","","","","","","LCHSGB2L",
"CONFIRMED","N/A","Executed","12-Mar-2026 at 07:51:13 AM EDT - MarkitWire -  ' Allocations have been uploaded. Please affirm '|12-Mar-2026 at 07:51:12 AM EDT - vikram.singh@ihsmarkit.com -  ' Trade manually affirmed '|12-Mar-2026 at 07:51:12 AM EDT - vikram.singh@ihsmarkit.com -  ' Trade affirmed with fee mismatch, fee will be prorated '|","N","N","Block","42049125_1","M.BANK","S42049125_1","","Recv Fixed","42049125","12-Mar-2026 07:51:42 AM","92","USD","12-Mar-2026 07:51:57 AM","16-Sep-2026","181467820","USD","OIS","OIS","12-Mar-2026","TAUTO42049125_1","","New","","5","","","","","USD-SOFR-OIS Compound","M","12-Mar-2026","STP","","","","","C-MWIRE","","","","","","","","",
"CONFIRMED","N/A","Executed","12-Mar-2026 at 07:49:39 AM EDT - MarkitWire -  ' Allocations have been uploaded. Please affirm '|12-Mar-2026 at 07:49:37 AM EDT - vikram.singh@ihsmarkit.com -  ' Trade affirmed with fee mismatch, fee will be prorated '|12-Mar-2026 at 07:49:37 AM EDT - vikram.singh@ihsmarkit.com -  ' Trade manually affirmed '|","N","N","Block","42049122_1","M.BANK","S42049122_1","","Pay Fixed","42049122","12-Mar-2026 07:50:09 AM","92","AUD","12-Mar-2026 07:50:24 AM","13-Sep-2026","651712890","AUD","IRS","IRSW","12-Mar-2026","TAUTO42049122_1","","New","","5","","0","0","","AUD-BBSW","M","12-Mar-2026","STP","","","","","C-MWIRE","","0","0","","","0","0","",
"CONFIRMED","N/A","Executed","12-Mar-2026 at 07:48:47 AM EDT - MarkitWire -  ' SettlementAgencySent '|12-Mar-2026 at 07:48:43 AM EDT - MarkitWire -  ' SettlementAgencySent '|12-Mar-2026 at 07:48:03 AM EDT - MarkitWire -  ' Allocations have been uploaded. Please affirm '|","N","N","Block","42049119_1","M.BANK","S42049119_1","","Pay","42049119","12-Mar-2026 07:48:32 AM","92","EUR","12-Mar-2026 07:48:47 AM","16-Mar-2027","291120170","EUR","BSWP","BSWP","12-Mar-2026","TAUTO42049119_1","","New","","","","","","","EUR-EURIBOR","M","12-Mar-2026","STP","","","","","C-MWIRE","","","","","","","","LCHSGB2L",
"CONFIRMED","N/A","Executed","12-Mar-2026 at 07:44:34 AM EDT - MarkitWire -  ' SettlementAgencySent '|12-Mar-2026 at 07:44:27 AM EDT - MarkitWire -  ' SettlementAgencySent '|12-Mar-2026 at 07:43:53 AM EDT - MarkitWire -  ' Allocations have been uploaded. Please affirm '|","N","N","Block","42049116_1","M.BANK","S42049116_1","","Recv Fixed","42049116","12-Mar-2026 07:44:19 AM","96","USD","12-Mar-2026 07:44:34 AM","16-Mar-2027","149510490","USD","FIXED","FIXED","12-Mar-2026","TAUTO42049116_1","","New","","3","3","","8970629.4","6","","M","12-Mar-2026","STP","","","","","C-MWIRE","","","","","","","","LCHSGB2L",
"ALLOC DELIV","N/A","Doc(s) Req'd","12-Mar-2026 at 07:39:35 AM EDT - MarkitWire -  ' Allocations have been uploaded. Please affirm '|","N","N","Block","42049113_1","M.BANK","S42049113_1","","Recv","42049113","12-Mar-2026 07:38:52 AM","96","USD","12-Mar-2026 07:39:53 AM","16-Mar-2027","202797390","USD","CCIRS","CCIRS","12-Mar-2026","TAUTO42049113_1","","New","","4.2","","","","","EUR-EuroSTR-OIS Compound","M","12-Mar-2026","","","","","","","","","","","","","","LCHSGB2L",
"CONFIRMED","N/A","Executed","12-Mar-2026 at 07:38:46 AM EDT - MarkitWire -  ' SettlementAgencySent '|12-Mar-2026 at 07:38:40 AM EDT - MarkitWire -  ' SettlementAgencySent '|12-Mar-2026 at 07:38:06 AM EDT - MarkitWire -  ' Allocations have been uploaded. Please affirm '|","N","N","Block","42049110_1","M.BANK","S42049110_1","","Pay","42049110","12-Mar-2026 07:38:32 AM","96","EUR","12-Mar-2026 07:38:46 AM","16-Mar-2027","141088920","EUR","BSWP","BSWP","12-Mar-2026","TAUTO42049110_1","","New","","","","","","","EUR-EURIBOR","M","12-Mar-2026","STP","","","","","C-MWIRE","","","","","","","","LCHSGB2L",
"CONFIRMED","N/A","Executed","12-Mar-2026 at 07:34:02 AM EDT - MarkitWire -  ' SettlementAgencySent '|12-Mar-2026 at 07:33:56 AM EDT - MarkitWire -  ' SettlementAgencySent '|12-Mar-2026 at 07:33:15 AM EDT - MarkitWire -  ' Allocations have been uploaded. Please affirm '|","N","N","Block","42049105_1","M.BANK","S42049105_1","","Pay","42049105","12-Mar-2026 07:33:45 AM","96","EUR","12-Mar-2026 07:34:02 AM","16-Mar-2027","685977130","EUR","BSWP","BSWP","12-Mar-2026","TAUTO42049105_1","","New","","","","","","","EUR-EURIBOR","M","12-Mar-2026","STP","","","","","C-MWIRE","","","","","","","","LCHSGB2L",
"ALLEGED","N/A","Doc(s) Req'd","12-Mar-2026 at 07:27:07 AM EDT - System -  ' Disputed Field(s): Cannot upload fees where mismatch exists. Fee 1 (Client : EUR 96).Status updated to Disputed '|12-Mar-2026 at 07:27:07 AM EDT - System -  ' Disputed Field(s): Cannot upload fees where mismatch exists. Fee 1 (Dealer : EUR 1000). Status updated to Disputed '|","N","N","Block","","M.BANK","S42049104_1","","Pay","","","96","EUR","12-Mar-2026 07:27:08 AM","16-Mar-2027","451214860","EUR","BSWP","BSWP","12-Mar-2026","TAUTO42049104_1","","New","","","","","","","EUR-EURIBOR","M","12-Mar-2026","","","","","","","","","","","","","","LCHSGB2L",
"ALLEGED","N/A","Doc(s) Req'd","12-Mar-2026 at 07:19:33 AM EDT - System -  ' Disputed Field(s): ETC Initial Period (Client : NOT PROVIDED),1st Leg Notional(w/ tolerance btwn 0.0 and 1.0) (Client : USD 166722.5),2nd Leg Notional(w/ tolerance btwn 0.0 and 1.0) (Client : EUR 224093975),Cannot upload fees where mismatch exi(...) '|12-Mar-2026 at 07:19:33 AM EDT - System -  ' Disputed Field(s): ETC Initial Period (Dealer : 10Y),1st Leg Notional(w/ tolerance btwn 0.0 and 1.0) (Dealer : USD 333445),2nd Leg Notional(w/ tolerance btwn 0.0 and 1.0) (Dealer : EUR 448187950),Cannot upload fees where mismatch exists. Fee 1 (...) '|","N","N","1684","","M.BANK","S42049092_1","","Recv","","","48","USD","12-Mar-2026 07:19:35 AM","16-Mar-2036","166722.5","USD","CCBSWP","CCBSWP","12-Mar-2026","TAUTO42049092_1","","New","","","","","2000000","","EUR-EuroSTR-OIS Compound","M","12-Mar-2026","","","","","","","","","","","","","","",
"ALLOC UPLOAD","N/A","Doc(s) Req'd","12-Mar-2026 at 07:10:18 AM EDT - vikram.singh@ihsmarkit.com -  ' Trade manually affirmed '|12-Mar-2026 at 07:10:18 AM EDT - vikram.singh@ihsmarkit.com -  ' Trade affirmed with fee mismatch, fee will be prorated '|12-Mar-2026 at 07:10:16 AM EDT - System -  ' Disputed Field(s): Fee(w/ tolerance btwn 0.0 and 1.0) (Dealer : JPY 4200). Status updated to Disputed '|","N","N","Block","42049100_1","M.BANK","S42049100_1","","Sell","42049100","12-Mar-2026 07:09:38 AM","96","JPY","12-Mar-2026 07:10:19 AM","16-Mar-2028","1200000","JPY","CPFL","CPFL","12-Mar-2026","TAUTO42049100_1","","New","","","","","24000","2","JPY-TONA-OIS Compound","M","12-Mar-2026","","","7.5","","","","","","","","","","","",
"CONFIRMED","N/A","Executed","12-Mar-2026 at 07:08:24 AM EDT - MarkitWire -  ' SettlementAgencySent '|12-Mar-2026 at 07:08:22 AM EDT - MarkitWire -  ' SettlementAgencySent '|12-Mar-2026 at 07:07:43 AM EDT - MarkitWire -  ' Allocations have been uploaded. Please affirm '|","N","N","Block","42049097_1","M.BANK","S42049097_1","","Recv Fixed","42049097","12-Mar-2026 07:08:10 AM","96","USD","12-Mar-2026 07:08:24 AM","16-Mar-2027","177118720","AUD","FIXED","FIXED","12-Mar-2026","TAUTO42049097_1","","New","","4.2","6","","3500","0","","M","12-Mar-2026","STP","","","","","C-MWIRE","","","","","","","","LCHSGB2L",
"CONFIRMED","N/A","Executed","12-Mar-2026 at 06:58:29 AM EDT - MarkitWire -  ' SettlementAgencySent '|12-Mar-2026 at 06:58:26 AM EDT - MarkitWire -  ' SettlementAgencySent '|12-Mar-2026 at 06:57:48 AM EDT - MarkitWire -  ' Allocations have been uploaded. Please affirm '|","N","N","Block","42049094_1","M.BANK","S42049094_1","","Recv Fixed","42049094","12-Mar-2026 06:58:17 AM","96","USD","12-Mar-2026 06:58:29 AM","16-Mar-2027","391228450","USD","FIXED","FIXED","12-Mar-2026","TAUTO42049094_1","","New","","3","3","","23473707","6","","M","12-Mar-2026","STP","","","","","C-MWIRE","","","","","","","","LCHSGB2L",
"ALLOC DELIV","N/A","Doc(s) Req'd","12-Mar-2026 at 06:32:44 AM EDT - MarkitWire -  ' Allocations have been uploaded. Please affirm '|12-Mar-2026 at 06:32:43 AM EDT - vikram.singh@ihsmarkit.com -  ' Trade manually affirmed '|12-Mar-2026 at 06:32:38 AM EDT - MarkitWire -  ' Disputed Field(s): Cannot upload fees where mismatch exists. Fee1 (Client : USD 96).Status updated to Disputed '|","N","N","Block","42049089_1","M.BANK","S42049089_1","","Recv","42049089","12-Mar-2026 06:32:04 AM","96","USD","12-Mar-2026 06:33:01 AM","16-Mar-2027","938079600","USD","CCIRS","CCIRS","12-Mar-2026","TAUTO42049089_1","","New","","4.2","","","","","EUR-EuroSTR-OIS Compound","M","12-Mar-2026","","","","","","","","","","","","","","LCHSGB2L",
"CONFIRMED","N/A","Executed","12-Mar-2026 at 06:31:18 AM EDT - vikram.singh@ihsmarkit.com -  ' Trade manually affirmed '|12-Mar-2026 at 06:31:18 AM EDT - vikram.singh@ihsmarkit.com -  ' Trade affirmed with fee mismatch, fee will be prorated '|12-Mar-2026 at 06:31:18 AM EDT - MarkitWire -  ' Allocations have been uploaded. Please affirm '|","N","N","Block","42049086_1","M.BANK","S42049086_1","","Buy","42049086","12-Mar-2026 06:31:38 AM","96","EUR","12-Mar-2026 06:31:48 AM","16-Mar-2027","778093200","EUR","FRA","FRA","12-Mar-2026","TAUTO42049086_1","","New","","5","","","15561864","2","EUR-EURIBOR","M","12-Mar-2026","STP","","","","","C-MWIRE","","","","","","","","",
"CONFIRMED","N/A","Executed","12-Mar-2026 at 06:30:26 AM EDT - MarkitWire -  ' SettlementAgencySent '|12-Mar-2026 at 06:30:19 AM EDT - MarkitWire -  ' SettlementAgencySent '|12-Mar-2026 at 06:29:39 AM EDT - MarkitWire -  ' Allocations have been uploaded. Please affirm '|","N","N","Block","42049083_1","M.BANK","S42049083_1","","Recv Fixed","42049083","12-Mar-2026 06:30:08 AM","96","USD","12-Mar-2026 06:30:26 AM","14-Mar-2041","286668800","USD","SWO","SWO","12-Mar-2026","TAUTO42049083_1","","New","","4","","","5733376","2","USD-LIBOR","M","12-Mar-2026","STP","","","","","C-MWIRE","","","","","","","","LCHSGB2L",
"CONFIRMED","N/A","Executed","12-Mar-2026 at 06:28:41 AM EDT - MarkitWire -  ' SettlementAgencySent '|12-Mar-2026 at 06:28:36 AM EDT - MarkitWire -  ' SettlementAgencySent '|12-Mar-2026 at 06:27:57 AM EDT - vikram.singh@ihsmarkit.com -  ' Trade manually affirmed '|","N","N","Block","42049080_1","M.BANK","S42049080_1","","Recv Fixed","42049080","12-Mar-2026 06:28:27 AM","96","USD","12-Mar-2026 06:28:41 AM","16-Mar-2027","465267190","USD","IFS","IFS","12-Mar-2026","TAUTO42049080_1","","New","","6","","","9305343.8","2","USA-CPI-U","M","12-Mar-2026","STP","","","","","C-MWIRE","","","","","","","","LCHSGB2L",
"CONFIRMED","N/A","Executed","12-Mar-2026 at 06:26:24 AM EDT - MarkitWire -  ' Allocations have been uploaded. Please affirm '|12-Mar-2026 at 06:26:23 AM EDT - vikram.singh@ihsmarkit.com -  ' Trade manually affirmed '|12-Mar-2026 at 06:26:23 AM EDT - vikram.singh@ihsmarkit.com -  ' Trade affirmed with fee mismatch, fee will be prorated '|","N","N","Block","42049077_1","M.BANK","S42049077_1","","Recv Fixed","42049077","12-Mar-2026 06:26:48 AM","96","USD","12-Mar-2026 06:27:03 AM","16-Sep-2026","570294580","USD","OIS","OIS","12-Mar-2026","TAUTO42049077_1","","New","","5","","","","","USD-SOFR-OIS Compound","M","12-Mar-2026","STP","","","","","C-MWIRE","","","","","","","","",
"CONFIRMED","N/A","Executed","12-Mar-2026 at 06:24:23 AM EDT - MarkitWire -  ' SettlementAgencySent '|12-Mar-2026 at 06:24:20 AM EDT - MarkitWire -  ' SettlementAgencySent '|12-Mar-2026 at 06:23:46 AM EDT - MarkitWire -  ' Allocations have been uploaded. Please affirm '|","N","N","Block","42049073_1","M.BANK","S42049073_1","","Pay","42049073","12-Mar-2026 06:24:12 AM","96","EUR","12-Mar-2026 06:24:23 AM","16-Mar-2027","507358050","EUR","BSWP","BSWP","12-Mar-2026","TAUTO42049073_1","","New","","","","","","","EUR-EURIBOR","M","12-Mar-2026","STP","","","","","C-MWIRE","","","","","","","","LCHSGB2L",
"CONFIRMED","N/A","Executed","","N","N","1683","42049072_1","M.BANK","S42049072_1","","Recv","42049072","12-Mar-2026 06:18:51 AM","99","USD","12-Mar-2026 06:19:32 AM","16-Mar-2027","509513490","USD","CCIRS","CCIRS","12-Mar-2026","TAUTO42049072_1","","New","","4.2","","0","0","","EUR-EuroSTR-OIS Compound","M","12-Mar-2026","STP","","","","","C-MWIRE","","0","0","","","0","0","LCHSGB2L",
"CONFIRMED","N/A","Executed","","N","N","1683","42049071_1","M.BANK","S42049071_1","","Recv Fixed","42049071","12-Mar-2026 06:15:13 AM","99","AUD","12-Mar-2026 06:15:53 AM","12-Mar-2036","531077750","AUD","FIXED","FIXED","12-Mar-2026","TAUTO42049071_1","","New","","5","8","","10621555","2","","M","12-Mar-2026","STP","","","","","C-MWIRE","","","","","","","","",
"CONFIRMED","N/A","Executed","","N","N","1683","42049070_1","M.BANK","S42049070_1","","Pay","42049070","12-Mar-2026 06:09:22 AM","99","USD","12-Mar-2026 06:10:05 AM","16-Mar-2027","793065960","USD","BSWP","BSWP","12-Mar-2026","TAUTO42049070_1","","New","","","","","","","USD-LIBOR","M","12-Mar-2026","STP","","","","","C-MWIRE","","","","","","","","",
"CONFIRMED","N/A","Executed","12-Mar-2026 at 06:02:03 AM EDT - vikram.singh@ihsmarkit.com -  ' Trade manually affirmed '|12-Mar-2026 at 06:01:58 AM EDT - MarkitWire -  ' 1683 :Disputed Field(s): Fee 1(w/ tolerance btwn 0.0 and 1.0) (Client : USD 97), [ Allocations-->|1683:MWMF_FUND1:Fee (Client : USD 97) ].Status updated to Disputed '|12-Mar-2026 at 06:01:57 AM EDT - System -  ' Disputed Field(s): Fee 1(w/ tolerance btwn 0.0 and 1.0) (Client : USD 97), [ Allocations-->|1683:MWMF_FUND1:Fee (Client : USD 97) ].Status updated to Disputed '|","N","N","1683","42049069_1","M.BANK","S42049069_1","","Recv Fixed","42049069","12-Mar-2026 06:01:24 AM","97","USD","12-Mar-2026 06:02:06 AM","16-Sep-2026","775948660","USD","OIS","OIS","12-Mar-2026","TAUTO42049069_1","","New","","5","","","","","USD-SOFR-OIS Compound","M","12-Mar-2026","STP","","","","","C-MWIRE","","","","","","","","",
"CONFIRMED","N/A","Executed","12-Mar-2026 at 06:00:59 AM EDT - vikram.singh@ihsmarkit.com -  ' Trade manually affirmed '|12-Mar-2026 at 06:00:54 AM EDT - System -  ' Disputed Field(s): ETC Initial Period (Client : NOT PROVIDED),Fee 1(w/ tolerance btwn 0.0 and 1.0) (Client : USD 97), [ Allocations-->|1683:MWMF_FUND1:Fee1 (Client : USD 97) ].Status updated to Disputed '|12-Mar-2026 at 06:00:54 AM EDT - System -  ' Disputed Field(s): ETC Initial Period (Dealer : 10Y),Fee 1(w/ tolerance btwn 0.0 and 1.0) (Dealer : USD 1000), [ Allocations-->|1683:MWMF_FUND1:Fee1 (Dealer : USD 1000) ]. Status updated to Disputed '|","N","N","1683","42049068_1","M.BANK","S42049068_1","","Recv","42049068","12-Mar-2026 05:59:23 AM","97","USD","12-Mar-2026 06:01:06 AM","16-Mar-2036","333445","USD","CCBSWP","CCBSWP","12-Mar-2026","TAUTO42049068_1","","New","","","","","4000000","","EUR-EuroSTR-OIS Compound","M","12-Mar-2026","STP","","","","","C-MWIRE","","","","","","","","",
"CONFIRMED","N/A","Executed","12-Mar-2026 at 05:59:02 AM EDT - vikram.singh@ihsmarkit.com -  ' Trade manually affirmed '|12-Mar-2026 at 05:58:57 AM EDT - System -  ' Disputed Field(s): Fee 1(w/ tolerance btwn 0.0 and 1.0) (Client : USD 97), [ Allocations-->|1683:MWMF_FUND1:Fee (Client : USD 97) ].Status updated to Disputed '|12-Mar-2026 at 05:58:57 AM EDT - System -  ' Disputed Field(s): Fee 1(w/ tolerance btwn 0.0 and 1.0) (Dealer : USD 1000), [ Allocations-->|1683:MWMF_FUND1:Fee (Dealer : USD 1000) ]. Status updated to Disputed '|","N","N","1683","42049065_1","M.BANK","S42049065_1","","Recv Fixed","42049065","12-Mar-2026 05:58:24 AM","97","USD","12-Mar-2026 05:59:05 AM","16-Mar-2027","670961770","USD","IFS","IFS","12-Mar-2026","TAUTO42049065_1","","New","","6","","","13419235.4","2","USA-CPI-U","M","12-Mar-2026","STP","","","","","C-MWIRE","","","","","","","","",
"CONFIRMED","N/A","Executed","12-Mar-2026 at 05:58:20 AM EDT - MarkitWire -  ' SettlementAgencySent '|12-Mar-2026 at 05:58:03 AM EDT - vikram.singh@ihsmarkit.com -  ' Trade manually affirmed '|12-Mar-2026 at 05:58:00 AM EDT - System -  ' Disputed Field(s): Fee1(w/ tolerance btwn 0.0 and 1.0) (Dealer : USD 100), [ Allocations-->|1683:MWMF_FUND1:Fee1 (Dealer : USD 100) ]. Status updated to Disputed '|","N","N","1683","42049064_1","M.BANK","S42049064_1","","Recv","42049064","12-Mar-2026 05:57:26 AM","97","USD","12-Mar-2026 05:58:20 AM","16-Mar-2027","801099530","USD","CCIRS","CCIRS","12-Mar-2026","TAUTO42049064_1","","New","","4.2","","0","0","","EUR-EuroSTR-OIS Compound","M","12-Mar-2026","STP","","","","","C-MWIRE","","0","0","","","0","0","LCHSGB2L",
"CONFIRMED","N/A","Executed","12-Mar-2026 at 05:57:05 AM EDT - vikram.singh@ihsmarkit.com -  ' Trade manually affirmed '|12-Mar-2026 at 05:56:59 AM EDT - MarkitWire -  ' 1683 :Disputed Field(s): Fee 1(w/ tolerance btwn 0.0 and 1.0) (Client : EUR 97), [ Allocations-->|1683:MWMF_FUND1:Fee (Client : EUR 97) ].Status updated to Disputed '|12-Mar-2026 at 05:56:58 AM EDT - System -  ' Disputed Field(s): Fee 1(w/ tolerance btwn 0.0 and 1.0) (Client : EUR 97), [ Allocations-->|1683:MWMF_FUND1:Fee (Client : EUR 97) ].Status updated to Disputed '|","N","N","1683","42049063_1","M.BANK","S42049063_1","","Buy","42049063","12-Mar-2026 05:56:25 AM","97","EUR","12-Mar-2026 05:57:08 AM","16-Mar-2027","124842620","EUR","FRA","FRA","12-Mar-2026","TAUTO42049063_1","","New","","5","","","2496852.4","2","EUR-EURIBOR","M","12-Mar-2026","STP","","","","","C-MWIRE","","","","","","","","",
"CONFIRMED","N/A","Executed","12-Mar-2026 at 05:56:06 AM EDT - vikram.singh@ihsmarkit.com -  ' Trade manually affirmed '|12-Mar-2026 at 05:56:03 AM EDT - MarkitWire -  ' 1683 :Disputed Field(s): Fee(w/ tolerance btwn 0.0 and 1.0) (Client : JPY 97), [ Allocations-->|1683:MWMF_FUND1:Fee (Client : JPY 97) ].Status updated to Disputed '|12-Mar-2026 at 05:56:02 AM EDT - System -  ' Disputed Field(s): Fee(w/ tolerance btwn 0.0 and 1.0) (Client : JPY 97), [ Allocations-->|1683:MWMF_FUND1:Fee (Client : JPY 97) ].Status updated to Disputed '|","N","N","1683","42049062_1","M.BANK","S42049062_1","","Sell","42049062","12-Mar-2026 05:55:27 AM","97","JPY","12-Mar-2026 05:56:11 AM","16-Mar-2028","1200000","JPY","CPFL","CPFL","12-Mar-2026","TAUTO42049062_1","","New","","","","0","24000","2","JPY-TONA-OIS Compound","M","12-Mar-2026","STP","","7.5","","","C-MWIRE","","0","0","","","0","0","",
"ALLEGED","N/A","Doc(s) Req'd","12-Mar-2026 at 05:55:28 AM EDT - System -  ' Disputed Field(s): Fee1(w/ tolerance btwn 0.0 and 1.0) (Dealer : EUR 2500), [ Allocations-->|1683:MWMF_FUND1:Fee1 (Dealer : EUR 2500) ]. Status updated to Disputed '|12-Mar-2026 at 05:55:28 AM EDT - System -  ' Disputed Field(s): Fee1(w/ tolerance btwn 0.0 and 1.0) (Client : EUR 97), [ Allocations-->|1683:MWMF_FUND1:Fee1 (Client : EUR 97) ].Status updated to Disputed '|12-Mar-2026 at 05:55:28 AM EDT - vikram.singh@ihsmarkit.com -  ' Trade manually linked '|","N","N","1683","","M.BANK","S42049061_1","","Recv Fixed","","","97","EUR","12-Mar-2026 05:55:29 AM","16-Mar-2027","811146380","EUR","FIXED","FIXED","12-Mar-2026","TAUTO42049061_1","","New","","5.2","8","","1000","","","M","12-Mar-2026","","","","","","","","","","","","","","",
"CONFIRMED","N/A","Executed","12-Mar-2026 at 05:48:30 AM EDT - vikram.singh@ihsmarkit.com -  ' Trade manually affirmed '|12-Mar-2026 at 05:48:26 AM EDT - MarkitWire -  ' 1683 :Disputed Field(s): Fee1(w/ tolerance btwn 0.0 and 1.0) (Client : AUD 97), [ Allocations-->|1683:MWMF_FUND1:Fee1 (Client : AUD 97) ].Status updated to Disputed '|12-Mar-2026 at 05:48:25 AM EDT - System -  ' Disputed Field(s): Fee1(w/ tolerance btwn 0.0 and 1.0) (Dealer : AUD 100), [ Allocations-->|1683:MWMF_FUND1:Fee1 (Dealer : AUD 100) ]. Status updated to Disputed '|","N","N","1683","42049060_1","M.BANK","S42049060_1","","Recv Fixed","42049060","12-Mar-2026 05:47:52 AM","97","AUD","12-Mar-2026 05:48:33 AM","12-Mar-2036","620741030","AUD","FIXED","FIXED","12-Mar-2026","TAUTO42049060_1","","New","","5","8","","12414820.6","2","","M","12-Mar-2026","STP","","","","","C-MWIRE","","","","","","","","",
"CONFIRMED","N/A","Executed","12-Mar-2026 at 05:47:31 AM EDT - vikram.singh@ihsmarkit.com -  ' Trade manually affirmed '|12-Mar-2026 at 05:47:26 AM EDT - System -  ' Disputed Field(s): Fee(w/ tolerance btwn 0.0 and 1.0) (Dealer : CAD 80), [ Allocations-->|1683:MWMF_FUND1:Fee (Dealer : CAD 80) ]. Status updated to Disputed '|12-Mar-2026 at 05:47:26 AM EDT - System -  ' Disputed Field(s): Fee(w/ tolerance btwn 0.0 and 1.0) (Client : CAD 97), [ Allocations-->|1683:MWMF_FUND1:Fee (Client : CAD 97) ].Status updated to Disputed '|","N","N","1683","42049059_1","M.BANK","S42049059_1","","Recv Fixed","42049059","12-Mar-2026 05:46:53 AM","97","CAD","12-Mar-2026 05:47:34 AM","13-Mar-2047","400000","CAD","SWO","SWO","12-Mar-2026","TAUTO42049059_1","","New","","5","","","8000","2","CAD-CORRA-OIS Compound","M","12-Mar-2026","STP","","","","","C-MWIRE","","","","","","","","",
"CONFIRMED","N/A","Executed","12-Mar-2026 at 05:46:32 AM EDT - vikram.singh@ihsmarkit.com -  ' Trade manually affirmed '|12-Mar-2026 at 05:46:27 AM EDT - MarkitWire -  ' 1683 :Disputed Field(s): Fee 1(w/ tolerance btwn 0.0 and 1.0) (Client : USD 97),Fee 1 Direction (Client : Pay), [ Allocations-->|1683:MWMF_FUND1:Fee (Client : USD 97) ].Status updated to Disputed '|12-Mar-2026 at 05:46:26 AM EDT - System -  ' Disputed Field(s): Fee 1(w/ tolerance btwn 0.0 and 1.0) (Client : USD 97),Fee 1 Direction (Client : Pay), [ Allocations-->|1683:MWMF_FUND1:Fee (Client : USD 97) ].Status updated to Disputed '|","N","N","1683","42049058_1","M.BANK","S42049058_1","","Recv Fixed","42049058","12-Mar-2026 05:45:49 AM","97","USD","12-Mar-2026 05:46:35 AM","16-Mar-2041","431596970","USD","IFS","IFS","12-Mar-2026","TAUTO42049058_1","","New","","6","","","8631939.4","2","USA-CPI-U","M","12-Mar-2026","STP","","","","","C-MWIRE","","","","","","","","",
"CONFIRMED","N/A","Executed","12-Mar-2026 at 05:45:27 AM EDT - vikram.singh@ihsmarkit.com -  ' Trade manually affirmed '|12-Mar-2026 at 05:45:24 AM EDT - System -  ' Disputed Field(s): Fee 1(w/ tolerance btwn 0.0 and 1.0) (Dealer : USD 100), [ Allocations-->|1683:MWMF_FUND1:Fee (Dealer : USD 100) ]. Status updated to Disputed '|12-Mar-2026 at 05:45:24 AM EDT - System -  ' Disputed Field(s): Fee 1(w/ tolerance btwn 0.0 and 1.0) (Client : USD 97), [ Allocations-->|1683:MWMF_FUND1:Fee (Client : USD 97) ].Status updated to Disputed '|","N","N","1683","42049057_1","M.BANK","S42049057_1","","Pay Fixed","42049057","12-Mar-2026 05:44:48 AM","97","USD","12-Mar-2026 05:45:31 AM","16-Mar-2041","414301840","USD","IRS","IRSW","12-Mar-2026","TAUTO42049057_1","","New","","5.2","","0","8286036.8","2","USD-SOFR CME Term","M","12-Mar-2026","STP","","","","","C-MWIRE","","0","0","","","0","0","",
"CONFIRMED","N/A","Executed","12-Mar-2026 at 05:44:27 AM EDT - vikram.singh@ihsmarkit.com -  ' Trade manually affirmed '|12-Mar-2026 at 05:44:21 AM EDT - System -  ' Disputed Field(s): Fee 1(w/ tolerance btwn 0.0 and 1.0) (Client : USD 97), [ Allocations-->|1683:MWMF_FUND1:Fee (Client : USD 97) ].Status updated to Disputed '|12-Mar-2026 at 05:44:21 AM EDT - System -  ' Disputed Field(s): Fee 1(w/ tolerance btwn 0.0 and 1.0) (Dealer : USD 100), [ Allocations-->|1683:MWMF_FUND1:Fee (Dealer : USD 100) ]. Status updated to Disputed '|","N","N","1683","42049056_1","M.BANK","S42049056_1","","Pay","42049056","12-Mar-2026 05:43:40 AM","97","USD","12-Mar-2026 05:44:32 AM","16-Mar-2027","138539840","USD","BSWP","BSWP","12-Mar-2026","TAUTO42049056_1","","New","","","","","","","USD-LIBOR","M","12-Mar-2026","STP","","","","","C-MWIRE","","","","","","","","",
"ALLEGED","N/A","Doc(s) Req'd","12-Mar-2026 at 04:33:15 AM EDT - System -  ' Disputed Field(s): Fixed Rate (Client : 4),Float leg roll convention (Client : 13),Fixed leg roll convention (Client : 13),Settlement Agency (Client : NOT PROVIDED),Settlement Agency Model (Client : NOT PROVIDED),Spread (Client : 0.002),Mark To(...) '|12-Mar-2026 at 04:33:15 AM EDT - System -  ' Disputed Field(s): Fixed Rate (Dealer : 7),Float leg roll convention (Dealer : 16),Fixed leg roll convention (Dealer : 16),Settlement Agency (Dealer : LCHSGB2L),Settlement Agency Model (Dealer : CTM),Spread (Dealer : NOT PROVIDED),Mark To Marke(...) '|12-Mar-2026 at 04:33:15 AM EDT - vikram.singh@ihsmarkit.com -  ' Trade manually linked '|","N","N","1683","","M.BANK","CCIRS_Retest_DemoC_12032026","","Recv","","","1999","USD","12-Mar-2026 04:33:16 AM","16-Mar-2027","17000000","USD","CCIRS","CCIRS","12-Mar-2026","CCIRS_Retest_DemoC_12032026","","New","","4","","","","","EUR-EuroSTR-OIS Compound","M","12-Mar-2026","","","","","","","","","","","","","","",
"CONFIRMED","N/A","Executed","","N","N","1683","42049055_1","M.BANK","S42049055_1","","Recv","42049055","12-Mar-2026 03:52:39 AM","99","USD","12-Mar-2026 03:53:18 AM","16-Mar-2027","451117580","USD","CCIRS","CCIRS","12-Mar-2026","TAUTO42049055_1","","New","","4.2","","0","0","","EUR-EuroSTR-OIS Compound","M","12-Mar-2026","STP","","","","","C-MWIRE","","0","0","","","0","0","LCHSGB2L",
"CONFIRMED","N/A","Executed","12-Mar-2026 at 03:52:16 AM EDT - MarkitWire -  ' SettlementAgencySent '|12-Mar-2026 at 03:51:59 AM EDT - vikram.singh@ihsmarkit.com -  ' Trade manually affirmed '|12-Mar-2026 at 03:51:53 AM EDT - MarkitWire -  ' 1683 :Disputed Field(s): Float Leg Notional(w/ tolerance btwn -1.0 and 1.0) (Client : CAD 45675), [ Allocations-->|1683:MWMF_FUND1:Leg2 Notional (Client : CAD 45675) ].Status updated to Disputed '|","N","N","1683","42049054_1","M.BANK","S42049054_1","","Recv","42049054","12-Mar-2026 03:51:18 AM","99","USD","12-Mar-2026 03:52:16 AM","16-Mar-2027","380590210","USD","CCIRS","CCIRS","12-Mar-2026","TAUTO42049054_1","","New","","4.2","","0","0","","EUR-EuroSTR-OIS Compound","M","12-Mar-2026","STP","","","","","C-MWIRE","","0","0","","","0","0","LCHSGB2L",
"CONFIRMED","N/A","Executed","12-Mar-2026 at 03:50:37 AM EDT - MarkitWire -  ' SettlementAgencySent '|12-Mar-2026 at 03:50:20 AM EDT - vikram.singh@ihsmarkit.com -  ' Trade manually affirmed '|12-Mar-2026 at 03:50:17 AM EDT - System -  ' Disputed Field(s): Float Leg Notional(w/ tolerance btwn -1.0 and 1.0) (Dealer : EUR 0), [ Allocations-->|1683:MWMF_FUND1:Leg2 Notional (Dealer : NOT PROVIDED) ]. Status updated to Disputed '|","N","N","1683","42049053_1","M.BANK","S42049053_1","","Recv","42049053","12-Mar-2026 03:49:29 AM","99","USD","12-Mar-2026 03:50:37 AM","16-Mar-2027","103858660","USD","CCIRS","CCIRS","12-Mar-2026","TAUTO42049053_1","","New","","4.2","","0","0","","EUR-EuroSTR-OIS Compound","M","12-Mar-2026","STP","","","","","C-MWIRE","","0","0","","","0","0","LCHSGB2L",
"ALLOC DELIV","N/A","Doc(s) Req'd","12-Mar-2026 at 03:32:13 AM EDT - MarkitWire -  ' Allocations have been uploaded. Please affirm '|12-Mar-2026 at 03:32:03 AM EDT - vikram.singh@ihsmarkit.com -  ' Trade manually affirmed '|12-Mar-2026 at 03:31:56 AM EDT - MarkitWire -  ' Disputed Field(s): Cannot upload fees where mismatch exists. Fee1 (Client : USD 1009).Status updated to Disputed '|","N","N","Block","42049047_1","M.BANK","S42049047_1","","Recv","42049047","12-Mar-2026 03:31:12 AM","1009","USD","12-Mar-2026 03:32:28 AM","16-Mar-2027","880007080","USD","CCIRS","CCIRS","12-Mar-2026","TAUTO42049047_1","","New","","4.2","","","","","EUR-EuroSTR-OIS Compound","M","12-Mar-2026","","","","","","","","","","","","","","LCHSGB2L",
"ALLEGED","N/A","Doc(s) Req'd","12-Mar-2026 at 03:24:38 AM EDT - System -  ' Disputed Field(s): Trade Date (Client : 10-Mar-2026),Maturity Date (Client : 12-Mar-2027),2nd Leg roll convention (Client : 12),1st Leg roll convention (Client : 12),Fee 1 Date (Client : 12-Mar-2026),Fee 2 Direction (Client : NOT PROVIDED),Fee (...) '|12-Mar-2026 at 03:24:38 AM EDT - System -  ' Disputed Field(s): Trade Date (Dealer : 12-Mar-2026),Maturity Date (Dealer : 16-Mar-2027),2nd Leg roll convention (Dealer : 16),1st Leg roll convention (Dealer : 16),Fee 1 Date (Dealer : 16-Mar-2026),Fee 2 Direction (Dealer : Pay),Fee 2 Date (D(...) '|12-Mar-2026 at 03:24:38 AM EDT - mw.demo@markitserv.com -  ' Trade manually linked '|","N","N","1683","","M.BANK","CCBSWP_Test_12032026_DemoC","","Recv","","","1999","USD","12-Mar-2026 03:24:39 AM","12-Mar-2027","19000000","USD","CCBSWP","CCBSWP","10-Mar-2026","CCBSWP_Test_12032026_DemoC","","New","","","","","4000000","","EUR-EuroSTR-OIS Compound","M","10-Mar-2026","","","","","","","","","","","","","","",
"CONFIRMED","N/A","Executed","12-Mar-2026 at 03:10:09 AM EDT - mw.demo@markitserv.com -  ' Trade manually affirmed '|12-Mar-2026 at 03:08:09 AM EDT - MarkitWire -  ' 1683 :Disputed Field(s): Fixed Rate (Client : 4),Float leg roll convention (Client : 13),Fixed leg roll convention (Client : 13),Settlement Agency (Client : NOT PROVIDED),Fee2(w/ tolerance btwn 0.0 and 1.0) (Client : NOT PROVIDED),Settlement Ag(...) '|12-Mar-2026 at 03:08:07 AM EDT - System -  ' Disputed Field(s): Fixed Rate (Dealer : 7),Float leg roll convention (Dealer : 16),Fixed leg roll convention (Dealer : 16),Settlement Agency (Dealer : LCHSGB2L),Fee2(w/ tolerance btwn 0.0 and 1.0) (Dealer : USD 100),Settlement Agency Model (Dea(...) '|","N","N","1683","42049043_1","M.BANK","CCIRS_Trade_DemoC_12032026","","Recv","42049043","12-Mar-2026 03:03:57 AM","1999","USD","12-Mar-2026 03:10:18 AM","16-Mar-2027","14000000","USD","CCIRS","CCIRS","12-Mar-2026","CCIRS_Trade_DemoC_12032026","","New","","4","","0","0","","EUR-EuroSTR-OIS Compound","M","12-Mar-2026","STP","","","","","C-MWIRE","","0","0","","","0","0","",
"ALLEGED","N/A","Doc(s) Req'd","12-Mar-2026 at 03:01:15 AM EDT - System -  ' Disputed Field(s): ETC Initial Period (Client : NOT PROVIDED),Fee 1(w/ tolerance btwn 0.0 and 1.0) (Client : USD 1009), [ Allocations-->|1683:MWMF_FUND1:Fee1 (Client : USD 1009) ].Status updated to Disputed '|12-Mar-2026 at 03:01:15 AM EDT - System -  ' Disputed Field(s): ETC Initial Period (Dealer : 10Y),Fee 1(w/ tolerance btwn 0.0 and 1.0) (Dealer : USD 1000), [ Allocations-->|1683:MWMF_FUND1:Fee1 (Dealer : USD 1000) ]. Status updated to Disputed '|","N","N","1683","","M.BANK","S42048507_1","","Recv","","","1009","USD","12-Mar-2026 03:01:18 AM","12-Mar-2036","333445","USD","CCBSWP","CCBSWP","10-Mar-2026","TAUTO42048507_1","","New","","","","","4000000","","EUR-EuroSTR-OIS Compound","M","10-Mar-2026","","","","","","","","","","","","","","",
"ALLEGED","N/A","Doc(s) Req'd","12-Mar-2026 at 03:01:14 AM EDT - System -  ' Disputed Field(s): ETC Initial Period (Dealer : 10Y),2nd Leg Notional(w/ tolerance btwn 0.0 and 1.0) (Dealer : EUR 384136320),Cannot upload fees where mismatch exists. Fee 1 (Dealer : USD 1000). Status updated to Disputed '|12-Mar-2026 at 03:01:14 AM EDT - System -  ' Disputed Field(s): ETC Initial Period (Client : NOT PROVIDED),2nd Leg Notional(w/ tolerance btwn 0.0 and 1.0) (Client : EUR 732711960),Cannot upload fees where mismatch exists. Fee 1 (Client : USD 49).Status updated to Disputed '|","N","N","1683","","M.BANK","S42048385_1","","Recv","","","49","USD","12-Mar-2026 03:01:17 AM","12-Mar-2036","699064","USD","CCBSWP","CCBSWP","10-Mar-2026","TAUTO42048385_1","","New","","","","","4000000","","EUR-EuroSTR-OIS Compound","M","10-Mar-2026","","","","","","","","","","","","","","",
"CONFIRMED","N/A","Executed","","N","N","1683","42049039_1","M.BANK","S42049039_1","","Recv","42049039","12-Mar-2026 02:25:55 AM","99","USD","12-Mar-2026 02:26:34 AM","16-Mar-2027","183186180","USD","CCIRS","CCIRS","12-Mar-2026","TAUTO42049039_1","","New","","4.2","","0","0","","EUR-EuroSTR-OIS Compound","M","12-Mar-2026","STP","","","","","C-MWIRE","","0","0","","","0","0","LCHSGB2L",
"CONFIRMED","N/A","Executed","","N","N","1683","42049038_1","M.BANK","S42049038_1","","Recv","42049038","12-Mar-2026 02:23:01 AM","99","USD","12-Mar-2026 02:23:41 AM","16-Mar-2027","473583250","USD","CCIRS","CCIRS","12-Mar-2026","TAUTO42049038_1","","New","","4.2","","0","0","","EUR-EuroSTR-OIS Compound","M","12-Mar-2026","STP","","","","","C-MWIRE","","0","0","","","0","0","LCHSGB2L",
"CONFIRMED","N/A","Executed","12-Mar-2026 at 02:22:31 AM EDT - MarkitWire -  ' SettlementAgencySent '|12-Mar-2026 at 02:22:15 AM EDT - vikram.singh@ihsmarkit.com -  ' Trade manually affirmed '|12-Mar-2026 at 02:22:08 AM EDT - System -  ' Disputed Field(s): Fee1(w/ tolerance btwn 0.0 and 8.0) (Client : USD 1009), [ Allocations-->|1683:MWMF_FUND1:Fee1 (Client : USD 1009) ].Status updated to Disputed '|","N","N","1683","42049037_1","M.BANK","S42049037_1","","Recv","42049037","12-Mar-2026 02:21:32 AM","1009","USD","12-Mar-2026 02:22:31 AM","16-Mar-2027","958527750","USD","CCIRS","CCIRS","12-Mar-2026","TAUTO42049037_1","","New","","4.2","","0","0","","EUR-EuroSTR-OIS Compound","M","12-Mar-2026","STP","","","","","C-MWIRE","","0","0","","","0","0","LCHSGB2L",
"CONFIRMED","N/A","Executed","","N","N","1683","42049035_1","M.BANK","S42049035_1","","Recv Fixed","42049035","12-Mar-2026 02:13:18 AM","1000.5","USD","12-Mar-2026 02:14:00 AM","16-Sep-2026","571102960","USD","OIS","OIS","12-Mar-2026","TAUTO42049035_1","","New","","5","","","","","USD-SOFR-OIS Compound","M","12-Mar-2026","STP","","","","","C-MWIRE","","","","","","","","",
"CONFIRMED","N/A","Executed","","N","N","1683","42049034_1","M.BANK","S42049034_1","","Recv Fixed","42049034","12-Mar-2026 01:33:08 AM","1000.5","USD","12-Mar-2026 01:33:45 AM","16-Sep-2026","655791720","USD","OIS","OIS","12-Mar-2026","TAUTO42049034_1","","New","","5","","","","","USD-SOFR-OIS Compound","M","12-Mar-2026","STP","","","","","C-MWIRE","","","","","","","","",
"CONFIRMED","N/A","Executed","","N","N","1683","42049033_1","M.BANK","S42049033_1","","Recv Fixed","42049033","12-Mar-2026 01:30:01 AM","1006","USD","12-Mar-2026 01:30:44 AM","16-Sep-2026","903704070","USD","OIS","OIS","12-Mar-2026","TAUTO42049033_1","","New","","5","","","","","USD-SOFR-OIS Compound","M","12-Mar-2026","STP","","","","","C-MWIRE","","","","","","","","",
"CONFIRMED","N/A","Executed","12-Mar-2026 at 01:29:29 AM EDT - vikram.singh@ihsmarkit.com -  ' Trade manually affirmed '|12-Mar-2026 at 01:29:23 AM EDT - MarkitWire -  ' 1683 :Disputed Field(s): Fee 1(w/ tolerance btwn 0.0 and 8.0) (Client : USD 1009), [ Allocations-->|1683:MWMF_FUND1:Fee (Client : USD 1009) ].Status updated to Disputed '|12-Mar-2026 at 01:29:22 AM EDT - System -  ' Disputed Field(s): Fee 1(w/ tolerance btwn 0.0 and 8.0) (Client : USD 1009), [ Allocations-->|1683:MWMF_FUND1:Fee (Client : USD 1009) ].Status updated to Disputed '|","N","N","1683","42049032_1","M.BANK","S42049032_1","","Recv Fixed","42049032","12-Mar-2026 01:28:29 AM","1009","USD","12-Mar-2026 01:29:31 AM","16-Sep-2026","761449020","USD","OIS","OIS","12-Mar-2026","TAUTO42049032_1","","New","","5","","","","","USD-SOFR-OIS Compound","M","12-Mar-2026","STP","","","","","C-MWIRE","","","","","","","","",
"CONFIRMED","N/A","Executed","","N","N","1683","42049031_1","M.BANK","S42049031_1","","Recv Fixed","42049031","12-Mar-2026 01:04:09 AM","95","AUD","12-Mar-2026 01:04:52 AM","12-Mar-2036","553128990","AUD","FIXED","FIXED","12-Mar-2026","TAUTO42049031_1","","New","","5","8","","11062579.8","2","","M","12-Mar-2026","STP","","","","","C-MWIRE","","","","","","","","",
"CONFIRMED","N/A","Executed","12-Mar-2026 at 12:59:21 AM EDT - MarkitWire -  ' SettlementAgencySent '|12-Mar-2026 at 12:59:04 AM EDT - vikram.singh@ihsmarkit.com -  ' Trade manually affirmed '|12-Mar-2026 at 12:58:58 AM EDT - MarkitWire -  ' 1683 :Disputed Field(s): Float Leg Notional(w/ tolerance btwn -1.0 and 1.0) (Client : NOT PROVIDED), [ Allocations-->|1683:MWMF_FUND1:Leg2 Notional (Client : NOT PROVIDED) ].Status updated to Disputed '|","N","N","1683","42049028_1","M.BANK","S42049028_1","","Recv","42049028","12-Mar-2026 12:58:20 AM","96","USD","12-Mar-2026 12:59:21 AM","16-Mar-2027","276843180","USD","CCIRS","CCIRS","12-Mar-2026","TAUTO42049028_1","","New","","4.2","","0","0","","EUR-EuroSTR-OIS Compound","M","12-Mar-2026","STP","","","","","C-MWIRE","","0","0","","","0","0","LCHSGB2L",
"CONFIRMED","N/A","Executed","12-Mar-2026 at 12:54:51 AM EDT - vikram.singh@ihsmarkit.com -  ' Trade manually affirmed '|12-Mar-2026 at 12:54:47 AM EDT - MarkitWire -  ' 1683 :Disputed Field(s): 2nd Leg Notional(w/ tolerance btwn 0.0 and 1.0) (Client : AUD 100000), [ Allocations-->|1683:MWMF_FUND1:Leg2 Notional (Client : AUD 100000) ].Status updated to Disputed '|12-Mar-2026 at 12:54:46 AM EDT - System -  ' Disputed Field(s): 2nd Leg Notional(w/ tolerance btwn 0.0 and 1.0) (Client : AUD 100000), [ Allocations-->|1683:MWMF_FUND1:Leg2 Notional (Client : AUD 100000) ].Status updated to Disputed '|","N","N","1683","42049027_1","M.BANK","S42049027_1","","Recv Fixed","42049027","12-Mar-2026 12:54:12 AM","97","AUD","12-Mar-2026 12:54:55 AM","12-Mar-2036","221021210","AUD","FIXED","FIXED","12-Mar-2026","TAUTO42049027_1","","New","","5","8","","4420424.2","2","","M","12-Mar-2026","STP","","","","","C-MWIRE","","","","","","","","",
"CONFIRMED","N/A","Executed","12-Mar-2026 at 12:49:56 AM EDT - vikram.singh@ihsmarkit.com -  ' Trade manually affirmed '|12-Mar-2026 at 12:49:51 AM EDT - System -  ' Disputed Field(s): 2nd Leg Notional(w/ tolerance btwn 0.0 and 1.0) (Client : AUD 100000),Fee1(w/ tolerance btwn 0.0 and 8.0) (Client : AUD 91), [ Allocations-->|1683:MWMF_FUND1:Fee1 (Client : AUD 91),Leg2 Notional (Client : AUD 100000) ].Status(...) '|12-Mar-2026 at 12:49:51 AM EDT - System -  ' Disputed Field(s): 2nd Leg Notional(w/ tolerance btwn 0.0 and 1.0) (Dealer : AUD 580830980),Fee1(w/ tolerance btwn 0.0 and 8.0) (Dealer : AUD 100), [ Allocations-->|1683:MWMF_FUND1:Fee1 (Dealer : AUD 100),Leg2 Notional (Dealer : AUD 580830980) (...) '|","N","N","1683","42049026_1","M.BANK","S42049026_1","","Recv Fixed","42049026","12-Mar-2026 12:49:14 AM","91","AUD","12-Mar-2026 12:49:59 AM","12-Mar-2036","995427000","AUD","FIXED","FIXED","12-Mar-2026","TAUTO42049026_1","","New","","5","8","","19908540","2","","M","12-Mar-2026","STP","","","","","C-MWIRE","","","","","","","","",
"CONFIRMED","N/A","Executed","12-Mar-2026 at 12:44:35 AM EDT - MarkitWire -  ' SettlementAgencySent '|12-Mar-2026 at 12:44:17 AM EDT - vikram.singh@ihsmarkit.com -  ' Trade manually affirmed '|12-Mar-2026 at 12:44:15 AM EDT - System -  ' Disputed Field(s): Fee1(w/ tolerance btwn 0.0 and 8.0) (Dealer : USD 100), [ Allocations-->|1683:MWMF_FUND1:Fee1 (Dealer : USD 100) ]. Status updated to Disputed '|","N","N","1683","42049025_1","M.BANK","S42049025_1","","Recv","42049025","12-Mar-2026 12:43:38 AM","91","USD","12-Mar-2026 12:44:35 AM","16-Mar-2027","520669940","USD","CCIRS","CCIRS","12-Mar-2026","TAUTO42049025_1","","New","","4.2","","0","0","","EUR-EuroSTR-OIS Compound","M","12-Mar-2026","STP","","","","","C-MWIRE","","0","0","","","0","0","LCHSGB2L",
"CONFIRMED","N/A","Executed","","N","N","1683","42049024_1","M.BANK","S42049024_1","","Recv","42049024","12-Mar-2026 12:42:02 AM","99","USD","12-Mar-2026 12:42:44 AM","16-Mar-2027","170065210","USD","CCIRS","CCIRS","12-Mar-2026","TAUTO42049024_1","","New","","4.2","","0","0","","EUR-EuroSTR-OIS Compound","M","12-Mar-2026","STP","","","","","C-MWIRE","","0","0","","","0","0","LCHSGB2L",
"CONFIRMED","N/A","Executed","","N","N","1683","42049023_1","M.BANK","S42049023_1","","Recv Fixed","42049023","12-Mar-2026 12:33:36 AM","99","AUD","12-Mar-2026 12:34:24 AM","12-Mar-2036","666709720","AUD","FIXED","FIXED","12-Mar-2026","TAUTO42049023_1","","New","","5","8","","13334194.4","2","","M","12-Mar-2026","STP","","","","","C-MWIRE","","","","","","","","",
"CONFIRMED","N/A","Executed","12-Mar-2026 at 12:27:59 AM EDT - vikram.singh@ihsmarkit.com -  ' Trade manually affirmed '|12-Mar-2026 at 12:27:52 AM EDT - System -  ' Disputed Field(s): Fee1(w/ tolerance btwn 0.0 and 8.0) (Dealer : AUD 100), [ Allocations-->|1683:MWMF_FUND1:Fee1 (Dealer : AUD 100) ]. Status updated to Disputed '|12-Mar-2026 at 12:27:52 AM EDT - System -  ' Disputed Field(s): Fee1(w/ tolerance btwn 0.0 and 8.0) (Client : AUD 91), [ Allocations-->|1683:MWMF_FUND1:Fee1 (Client : AUD 91) ].Status updated to Disputed '|","N","N","1683","42049021_1","M.BANK","S42049021_1","","Recv Fixed","42049021","12-Mar-2026 12:26:53 AM","91","AUD","12-Mar-2026 12:28:06 AM","12-Mar-2036","481608080","AUD","FIXED","FIXED","12-Mar-2026","TAUTO42049021_1","","New","","5","8","","9632161.6","2","","M","12-Mar-2026","STP","","","","","C-MWIRE","","","","","","","","",
"ALLEGED","N/A","Doc(s) Req'd","11-Mar-2026 at 11:58:47 PM EDT - System -  ' Disputed Field(s): Trade Date (Client : 24-Feb-2026),Maturity Date (Client : 26-Feb-2027),Float leg roll convention (Client : 26),Fixed leg roll convention (Client : 26),Fee1(w/ tolerance btwn 0.0 and 8.0) (Client : USD 45),Effective Date (Clie(...) '|11-Mar-2026 at 11:58:47 PM EDT - System -  ' Disputed Field(s): Trade Date (Dealer : 12-Mar-2026),Maturity Date (Dealer : 16-Mar-2027),Float leg roll convention (Dealer : 16),Fixed leg roll convention (Dealer : 16),Fee1(w/ tolerance btwn 0.0 and 8.0) (Dealer : USD 1000),Effective Date (De(...) '|11-Mar-2026 at 11:58:47 PM EDT - mw.demo@markitserv.com -  ' Trade manually linked '|","N","N","1683","","M.BANK","AP_S42039000_2","","Recv","","","45","USD","11-Mar-2026 11:58:49 PM","26-Feb-2027","416871450","USD","CCIRS","CCIRS","24-Feb-2026","AP_S42039000_2","","New","","4.2","","","","","EUR-EuroSTR-OIS Compound","M","24-Feb-2026","","","","","","","","","","","","","","LCHSGB2L",
"CONFIRMED","N/A","Executed","","N","N","1683","38123141_1","M.BANK","S38123141_1","","Recv Fixed","38123141","11-Mar-2026 03:30:49 AM","1000","USD","11-Mar-2026 11:38:57 PM","13-Mar-2027","361661770","USD","IFS","IFS","11-Mar-2026","TAUTO38123141_1","","New","","6","","","7233235.4","2","USA-CPI-U","M","11-Mar-2026","STP","","","","","C-MWIRE","","","","","","","","",
"ALLEGED","N/A","Doc(s) Req'd","","N","N","1683","","M.BANK/A.BANK","S38123072_1","","Pay Fixed","","","1000","USD","11-Mar-2026 11:38:56 PM","09-Mar-2027","553711120","USD","IRS","IRSW","05-Mar-2026","TAUTO38123072_1","","New","","5.2","","","","","USD-SOFR CME Term","M","05-Mar-2026","","","","","","","","","","","","","","",
"CONFIRMED","N/A","Executed","","N","N","1683","38123143_1","M.BANK","S38123143_1","","Recv Fixed","38123143","11-Mar-2026 03:45:16 AM","1000","USD","11-Mar-2026 11:38:46 PM","13-Mar-2027","714453650","USD","IFS","IFS","11-Mar-2026","TAUTO38123143_1","","New","","6","","","14289073","2","USA-CPI-U","M","11-Mar-2026","STP","","","","","C-MWIRE","","","","","","","","",
"ALLEGED","N/A","Doc(s) Req'd","11-Mar-2026 at 07:44:27 AM EDT - System -  ' Disputed Field(s): Trade Date (Dealer : 11-Mar-2026),Maturity Date (Dealer : 13-Mar-2027),Float leg roll convention (Dealer : 13),Fixed leg roll convention (Dealer : 13),Fee1(w/ tolerance btwn 0.0 and 1.0) (Dealer : USD 1000),Effective Date (De(...) '|11-Mar-2026 at 07:44:27 AM EDT - System -  ' Disputed Field(s): Trade Date (Client : 24-Feb-2026),Maturity Date (Client : 26-Feb-2027),Float leg roll convention (Client : 26),Fixed leg roll convention (Client : 26),Fee1(w/ tolerance btwn 0.0 and 1.0) (Client : USD 45),Effective Date (Clie(...) '|11-Mar-2026 at 07:44:27 AM EDT - mw.demo@markitserv.com -  ' Trade manually linked '|","N","N","1683","","M.BANK","AP_S42039000_1","","Recv","","","45","USD","11-Mar-2026 07:44:28 AM","26-Feb-2027","416871450","USD","CCIRS","CCIRS","24-Feb-2026","AP_S42039000_1","","New","","4.2","","","","","EUR-EuroSTR-OIS Compound","M","24-Feb-2026","","","","","","","","","","","","","","LCHSGB2L",
"ALLEGED","N/A","Doc(s) Req'd","11-Mar-2026 at 06:55:48 AM EDT - System -  ' Disputed Field(s): MarkitWire Defaults modified by the dealer on following fields(Settlement Agency Type),Notional(w/ tolerance btwn -1.0 and 1.0) (Dealer : USD 28000000),Cannot upload fees where mismatch exists. Fee1 (Dealer : USD 109),Spread (...) '|11-Mar-2026 at 06:55:48 AM EDT - System -  ' Disputed Field(s): MarkitWire Defaults modified by the dealer on following fields(Settlement Agency Type),Notional(w/ tolerance btwn -1.0 and 1.0) (Client : USD 26000000),Cannot upload fees where mismatch exists. Fee1 (Client : USD 100),Spread (...) '|11-Mar-2026 at 06:55:48 AM EDT - mw.demo@markitserv.com -  ' Trade manually linked '|","N","N","Block","","M.BANK","CCIRS_Trade_11032026","","Recv","","","100","USD","11-Mar-2026 06:55:48 AM","13-Mar-2027","26000000","USD","CCIRS","CCIRS","11-Mar-2026","CCIRS_Trade_11032026","","New","","4","","","","","EUR-EuroSTR-OIS Compound","M","11-Mar-2026","","","","","","","","","","","","","","",
"ALLEGED","N/A","Doc(s) Req'd","11-Mar-2026 at 06:40:44 AM EDT - System -  ' Disputed Field(s): Fee1(w/ tolerance btwn 0.0 and 1.0) (Dealer : USD 100),Fee2(w/ tolerance btwn 0.0 and 1.0) (Dealer : AUD 2000), [ Allocations-->|1683:MWMF_FUND1:Fee1 (Dealer : USD 100),Fee2 (Dealer : AUD 2000) ]. Status updated to Disputed '|11-Mar-2026 at 06:40:44 AM EDT - System -  ' Disputed Field(s): Fee1(w/ tolerance btwn 0.0 and 1.0) (Client : USD 91),Fee2(w/ tolerance btwn 0.0 and 1.0) (Client : AUD 2009), [ Allocations-->|1683:MWMF_FUND1:Fee1 (Client : USD 91),Fee2 (Client : AUD 2009) ].Status updated to Disputed '|","N","N","1683","","M.BANK","AP_S42048718_1","","Recv","","","91","USD","11-Mar-2026 06:40:45 AM","13-Mar-2027","900079610","USD","CCIRS","CCIRS","11-Mar-2026","AP_S42048718_1","","New","","4.2","","","","","EUR-EuroSTR-OIS Compound","M","11-Mar-2026","","","","","","","","","","","","","","LCHSGB2L",
"CONFIRMED","N/A","Executed","11-Mar-2026 at 05:03:38 AM EDT - vikram.singh@ihsmarkit.com -  ' Trade manually affirmed '|11-Mar-2026 at 05:03:33 AM EDT - System -  ' Disputed Field(s): Fee1(w/ tolerance btwn 0.0 and 1.0) (Client : AUD 91), [ Allocations-->|1683:MWMF_FUND1:Fee1 (Client : AUD 91) ].Status updated to Disputed '|11-Mar-2026 at 05:03:33 AM EDT - System -  ' Disputed Field(s): Fee1(w/ tolerance btwn 0.0 and 1.0) (Dealer : AUD 100), [ Allocations-->|1683:MWMF_FUND1:Fee1 (Dealer : AUD 100) ]. Status updated to Disputed '|","N","N","1683","42048724_1","M.BANK","S42048724_1","","Recv Fixed","42048724","11-Mar-2026 05:02:55 AM","91","AUD","11-Mar-2026 05:03:41 AM","11-Mar-2036","580109950","AUD","FIXED","FIXED","11-Mar-2026","TAUTO42048724_1","","New","","5","8","","11602199","2","","M","11-Mar-2026","STP","","","","","C-MWIRE","","","","","","","","",
"CONFIRMED","N/A","Executed","11-Mar-2026 at 05:02:08 AM EDT - vikram.singh@ihsmarkit.com -  ' Trade manually affirmed '|11-Mar-2026 at 05:02:02 AM EDT - System -  ' Disputed Field(s): Fee1(w/ tolerance btwn 0.0 and 1.0) (Dealer : AUD 100), [ Allocations-->|1683:MWMF_FUND1:Fee1 (Dealer : AUD 100) ]. Status updated to Disputed '|11-Mar-2026 at 05:02:02 AM EDT - System -  ' Disputed Field(s): Fee1(w/ tolerance btwn 0.0 and 1.0) (Client : AUD 2509), [ Allocations-->|1683:MWMF_FUND1:Fee1 (Client : AUD 2509) ].Status updated to Disputed '|","N","N","1683","42048723_1","M.BANK","S42048723_1","","Recv Fixed","42048723","11-Mar-2026 05:01:27 AM","2509","AUD","11-Mar-2026 05:02:11 AM","11-Mar-2036","830176690","AUD","FIXED","FIXED","11-Mar-2026","TAUTO42048723_1","","New","","5","8","","16603533.8","2","","M","11-Mar-2026","STP","","","","","C-MWIRE","","","","","","","","",
"CONFIRMED","N/A","Executed","11-Mar-2026 at 04:58:09 AM EDT - vikram.singh@ihsmarkit.com -  ' Trade manually affirmed '|11-Mar-2026 at 04:58:07 AM EDT - MarkitWire -  ' 1683 :Disputed Field(s): Fee(w/ tolerance btwn 0.0 and 8.0) (Client : JPY 4209), [ Allocations-->|1683:MWMF_FUND1:Fee (Client : JPY 4209) ].Status updated to Disputed '|11-Mar-2026 at 04:58:06 AM EDT - System -  ' Disputed Field(s): Fee(w/ tolerance btwn 0.0 and 8.0) (Client : JPY 4209), [ Allocations-->|1683:MWMF_FUND1:Fee (Client : JPY 4209) ].Status updated to Disputed '|","N","N","1683","42048722_1","M.BANK","S42048722_1","","Sell","42048722","11-Mar-2026 04:57:29 AM","4209","JPY","11-Mar-2026 04:58:14 AM","13-Mar-2028","1200000","JPY","CPFL","CPFL","11-Mar-2026","TAUTO42048722_1","","New","","","","0","24000","2","JPY-TONA-OIS Compound","M","11-Mar-2026","STP","","7.5","","","C-MWIRE","","0","0","","","0","0","",
"CONFIRMED","N/A","Executed","","N","N","1683","42048721_1","M.BANK","S42048721_1","","Recv","42048721","11-Mar-2026 04:48:05 AM","96","USD","11-Mar-2026 04:48:47 AM","13-Mar-2027","968240600","USD","CCIRS","CCIRS","11-Mar-2026","TAUTO42048721_1","","New","","4.2","","0","0","","EUR-EuroSTR-OIS Compound","M","11-Mar-2026","STP","","","","","C-MWIRE","","0","0","","","0","0","LCHSGB2L",
"CONFIRMED","N/A","Executed","11-Mar-2026 at 04:46:42 AM EDT - MarkitWire -  ' SettlementAgencySent '|11-Mar-2026 at 04:46:24 AM EDT - vikram.singh@ihsmarkit.com -  ' Trade manually affirmed '|11-Mar-2026 at 04:46:21 AM EDT - MarkitWire -  ' 1683 :Disputed Field(s): Fee1(w/ tolerance btwn 0.0 and 1.0) (Client : USD 91),Fee2(w/ tolerance btwn 0.0 and 1.0) (Client : AUD 2009), [ Allocations-->|1683:MWMF_FUND1:Fee1 (Client : USD 91),Fee2 (Client : AUD 2009) ].Status updated to Disputed '|","N","N","1683","42048720_1","M.BANK","S42048720_1","","Recv","42048720","11-Mar-2026 04:45:43 AM","91","USD","11-Mar-2026 04:46:42 AM","13-Mar-2027","549768700","USD","CCIRS","CCIRS","11-Mar-2026","TAUTO42048720_1","","New","","4.2","","0","0","","EUR-EuroSTR-OIS Compound","M","11-Mar-2026","STP","","","","","C-MWIRE","","0","0","","","0","0","LCHSGB2L",
"CONFIRMED","N/A","Executed","11-Mar-2026 at 04:43:38 AM EDT - vikram.singh@ihsmarkit.com -  ' Trade manually affirmed '|11-Mar-2026 at 04:43:34 AM EDT - MarkitWire -  ' 1683 :Disputed Field(s): ETC Initial Period (Client : NOT PROVIDED),Fee 1(w/ tolerance btwn 0.0 and 8.0) (Client : USD 1009), [ Allocations-->|1683:MWMF_FUND1:Fee1 (Client : USD 1009) ].Status updated to Disputed '|11-Mar-2026 at 04:43:33 AM EDT - System -  ' Disputed Field(s): ETC Initial Period (Dealer : 10Y),Fee 1(w/ tolerance btwn 0.0 and 8.0) (Dealer : USD 1000), [ Allocations-->|1683:MWMF_FUND1:Fee1 (Dealer : USD 1000) ]. Status updated to Disputed '|","N","N","1683","42048719_1","M.BANK","S42048719_1","","Recv","42048719","11-Mar-2026 04:42:03 AM","1009","USD","11-Mar-2026 04:43:41 AM","13-Mar-2036","333445","USD","CCBSWP","CCBSWP","11-Mar-2026","TAUTO42048719_1","","New","","","","","4000000","","EUR-EuroSTR-OIS Compound","M","11-Mar-2026","STP","","","","","C-MWIRE","","","","","","","","",
"ALLEGED","N/A","Doc(s) Req'd","11-Mar-2026 at 04:39:40 AM EDT - System -  ' Disputed Field(s): Fee1(w/ tolerance btwn 0.0 and 1.0) (Client : EUR 91), [ Allocations-->|1683:MWMF_FUND1:Fee1 (Client : EUR 91) ].Status updated to Disputed '|11-Mar-2026 at 04:39:40 AM EDT - System -  ' Disputed Field(s): Fee1(w/ tolerance btwn 0.0 and 1.0) (Dealer : EUR 2500), [ Allocations-->|1683:MWMF_FUND1:Fee1 (Dealer : EUR 2500) ]. Status updated to Disputed '|","N","N","1683","","M.BANK","S42048716_1","","Recv Fixed","","","91","EUR","11-Mar-2026 04:39:40 AM","13-Mar-2027","757930830","EUR","FIXED","FIXED","11-Mar-2026","TAUTO42048716_1","","New","","5.2","8","","1000","","","M","11-Mar-2026","","","","","","","","","","","","","","",
"CONFIRMED","N/A","Executed","11-Mar-2026 at 04:34:09 AM EDT - MarkitWire -  ' SettlementAgencySent '|11-Mar-2026 at 04:33:52 AM EDT - vikram.singh@ihsmarkit.com -  ' Trade manually affirmed '|11-Mar-2026 at 04:33:49 AM EDT - System -  ' Disputed Field(s): Fee1(w/ tolerance btwn 0.0 and 1.0) (Dealer : USD 100),Fee2(w/ tolerance btwn 0.0 and 1.0) (Dealer : AUD 2000), [ Allocations-->|1683:MWMF_FUND1:Fee1 (Dealer : USD 100),Fee2 (Dealer : AUD 2000) ]. Status updated to Disputed '|","N","N","1683","42048718_1","M.BANK","S42048718_1","","Recv","42048718","11-Mar-2026 04:33:10 AM","91","USD","11-Mar-2026 04:34:09 AM","13-Mar-2027","900079610","USD","CCIRS","CCIRS","11-Mar-2026","TAUTO42048718_1","","New","","4.2","","0","0","","EUR-EuroSTR-OIS Compound","M","11-Mar-2026","STP","","","","","C-MWIRE","","0","0","","","0","0","LCHSGB2L",
"CONFIRMED","N/A","Executed","11-Mar-2026 at 04:27:19 AM EDT - vikram.singh@ihsmarkit.com -  ' Trade manually affirmed '|11-Mar-2026 at 04:27:14 AM EDT - System -  ' Disputed Field(s): Fee 1(w/ tolerance btwn 0.0 and 8.0) (Dealer : USD 1000), [ Allocations-->|1683:MWMF_FUND1:Fee (Dealer : USD 1000) ]. Status updated to Disputed '|11-Mar-2026 at 04:27:14 AM EDT - System -  ' Disputed Field(s): Fee 1(w/ tolerance btwn 0.0 and 8.0) (Client : USD 1009), [ Allocations-->|1683:MWMF_FUND1:Fee (Client : USD 1009) ].Status updated to Disputed '|","N","N","1683","42048717_1","M.BANK","S42048717_1","","Pay","42048717","11-Mar-2026 04:26:38 AM","1009","USD","11-Mar-2026 04:27:22 AM","13-Mar-2027","220192610","USD","BSWP","BSWP","11-Mar-2026","TAUTO42048717_1","","New","","","","","","","USD-LIBOR","M","11-Mar-2026","STP","","","","","C-MWIRE","","","","","","","","",
"CONFIRMED","N/A","Executed","11-Mar-2026 at 04:22:56 AM EDT - vikram.singh@ihsmarkit.com -  ' Trade manually affirmed '|11-Mar-2026 at 04:22:51 AM EDT - System -  ' Disputed Field(s): Fee1(w/ tolerance btwn 0.0 and 1.0) (Dealer : AUD 100), [ Allocations-->|1683:MWMF_FUND1:Fee1 (Dealer : AUD 100) ]. Status updated to Disputed '|11-Mar-2026 at 04:22:51 AM EDT - System -  ' Disputed Field(s): Fee1(w/ tolerance btwn 0.0 and 1.0) (Client : AUD 91), [ Allocations-->|1683:MWMF_FUND1:Fee1 (Client : AUD 91) ].Status updated to Disputed '|","N","N","1683","42048715_1","M.BANK","S42048715_1","","Recv Fixed","42048715","11-Mar-2026 04:22:15 AM","91","AUD","11-Mar-2026 04:23:00 AM","11-Mar-2036","233031750","AUD","FIXED","FIXED","11-Mar-2026","TAUTO42048715_1","","New","","5","8","","4660635","2","","M","11-Mar-2026","STP","","","","","C-MWIRE","","","","","","","","",
"CONFIRMED","N/A","Executed","11-Mar-2026 at 04:11:11 AM EDT - MarkitWire -  ' SettlementAgencySent '|11-Mar-2026 at 04:10:53 AM EDT - vikram.singh@ihsmarkit.com -  ' Trade manually affirmed '|11-Mar-2026 at 04:10:51 AM EDT - System -  ' Disputed Field(s): Fee1(w/ tolerance btwn 0.0 and 1.0) (Dealer : USD 100), [ Allocations-->|1683:MWMF_FUND1:Fee1 (Dealer : USD 100) ]. Status updated to Disputed '|","N","N","1683","42048714_1","M.BANK","S42048714_1","","Recv","42048714","11-Mar-2026 04:10:14 AM","91","USD","11-Mar-2026 04:11:11 AM","13-Mar-2027","632943120","USD","CCIRS","CCIRS","11-Mar-2026","TAUTO42048714_1","","New","","4.2","","0","0","","EUR-EuroSTR-OIS Compound","M","11-Mar-2026","STP","","","","","C-MWIRE","","0","0","","","0","0","LCHSGB2L",
"CONFIRMED","N/A","Executed","11-Mar-2026 at 04:09:53 AM EDT - vikram.singh@ihsmarkit.com -  ' Trade manually affirmed '|11-Mar-2026 at 04:09:47 AM EDT - System -  ' Disputed Field(s): Fee 1(w/ tolerance btwn 0.0 and 8.0) (Client : EUR 91), [ Allocations-->|1683:MWMF_FUND1:Fee (Client : EUR 91) ].Status updated to Disputed '|11-Mar-2026 at 04:09:47 AM EDT - System -  ' Disputed Field(s): Fee 1(w/ tolerance btwn 0.0 and 8.0) (Dealer : EUR 1000), [ Allocations-->|1683:MWMF_FUND1:Fee (Dealer : EUR 1000) ]. Status updated to Disputed '|","N","N","1683","42048713_1","M.BANK","S42048713_1","","Buy","42048713","11-Mar-2026 04:09:15 AM","91","EUR","11-Mar-2026 04:09:56 AM","15-Mar-2027","249513970","EUR","FRA","FRA","11-Mar-2026","TAUTO42048713_1","","New","","5","","","4990279.4","2","EUR-EURIBOR","M","11-Mar-2026","STP","","","","","C-MWIRE","","","","","","","","",
"CONFIRMED","N/A","Executed","11-Mar-2026 at 04:08:56 AM EDT - vikram.singh@ihsmarkit.com -  ' Trade manually affirmed '|11-Mar-2026 at 04:08:49 AM EDT - System -  ' Disputed Field(s): Fee(w/ tolerance btwn 0.0 and 8.0) (Dealer : JPY 4200), [ Allocations-->|1683:MWMF_FUND1:Fee (Dealer : JPY 4200) ]. Status updated to Disputed '|11-Mar-2026 at 04:08:49 AM EDT - System -  ' Disputed Field(s): Fee(w/ tolerance btwn 0.0 and 8.0) (Client : JPY 91), [ Allocations-->|1683:MWMF_FUND1:Fee (Client : JPY 91) ].Status updated to Disputed '|","N","N","1683","42048712_1","M.BANK","S42048712_1","","Sell","42048712","11-Mar-2026 04:08:15 AM","91","JPY","11-Mar-2026 04:09:00 AM","13-Mar-2028","1200000","JPY","CPFL","CPFL","11-Mar-2026","TAUTO42048712_1","","New","","","","0","24000","2","JPY-TONA-OIS Compound","M","11-Mar-2026","STP","","7.5","","","C-MWIRE","","0","0","","","0","0","",
"CONFIRMED","N/A","Executed","11-Mar-2026 at 04:05:20 AM EDT - vikram.singh@ihsmarkit.com -  ' Trade manually affirmed '|11-Mar-2026 at 04:05:12 AM EDT - MarkitWire -  ' 1683 :Disputed Field(s): Fee 1(w/ tolerance btwn 0.0 and 8.0) (Client : USD 91), [ Allocations-->|1683:MWMF_FUND1:Fee (Client : USD 91) ].Status updated to Disputed '|11-Mar-2026 at 04:05:11 AM EDT - System -  ' Disputed Field(s): Fee 1(w/ tolerance btwn 0.0 and 8.0) (Client : USD 91), [ Allocations-->|1683:MWMF_FUND1:Fee (Client : USD 91) ].Status updated to Disputed '|","N","N","1683","42048709_1","M.BANK","S42048709_1","","Pay Fixed","42048709","11-Mar-2026 04:04:29 AM","91","USD","11-Mar-2026 04:05:28 AM","13-Mar-2041","945905180","USD","IRS","IRSW","11-Mar-2026","TAUTO42048709_1","","New","","5.2","","0","18918103.6","2","USD-SOFR CME Term","M","11-Mar-2026","STP","","","","","C-MWIRE","","0","0","","","0","0","",
"ALLEGED","N/A","Doc(s) Req'd","10-Mar-2026 at 01:02:37 PM EDT - mw.demo@markitserv.com -  ' Trade manually affirmed '|10-Mar-2026 at 01:02:37 PM EDT - mw.demo@markitserv.com -  ' Trade affirmed with fee mismatch, fee will be prorated '|10-Mar-2026 at 01:02:01 PM EDT - System -  ' Disputed Field(s): Fee 2(w/ tolerance btwn 0.0 and 8.0) (Client : USD 240),Fee(w/ tolerance btwn 0.0 and 8.0) (Client : USD 1990).Status updated to Disputed '|","N","N","Block","","M.BANK","SWO_ALCT_FeeNotional","","Recv Fixed","","","1990","USD","10-Mar-2026 07:32:54 PM","12-Mar-2031","75000000","USD","SWO","SWO","10-Mar-2026","SWO_ALCT_FeeNotional","","New","","6","","","8000","0","USD-SOFR-OIS Compound","M","10-Mar-2026","","","","","","","","","","","","","","",
"ALLEGED","N/A","Doc(s) Req'd","10-Mar-2026 at 10:29:40 AM EDT - mw.demo@markitserv.com -  ' Trade manually affirmed '|","N","N","Block","","M.BANK","CCBSWP_Test_ALCT_PostTrans","","Recv","","","108","USD","10-Mar-2026 07:32:52 PM","12-Mar-2027","24000000","USD","CCBSWP","CCBSWP","10-Mar-2026","CCBSWP_Test_ALCT_PostTrans","","New","","","","","8000000","","EUR-EuroSTR-OIS Compound","M","10-Mar-2026","","","","","","","","","","","","","","",
"DISPUTED","N/A","Doc(s) Req'd","10-Mar-2026 at 05:27:58 AM EDT - MarkitWire -  ' Disputed Field(s): Maturity Date (Client : 16-Oct-2026).Status updated to Disputed '|10-Mar-2026 at 05:20:27 AM EDT - System -  ' Disputed Field(s): Maturity Date (Client : 16-Oct-2026).Status updated to Disputed '|10-Mar-2026 at 05:20:27 AM EDT - System -  ' Disputed Field(s): Maturity Date (Dealer : 09-Nov-2025). Status updated to Disputed '|","N","N","1683","41941106_1","M.BANK","Buysell_new_1610_UAemoCT","","","41941106","","","","10-Mar-2026 07:32:46 PM","16-Oct-2026","0","","BYSE","BYSE","16-Oct-2025","Buysell_new_1610_UAemoCT","","New","","","","","","","","M","16-Oct-2025","","","","","","","","1000","","","10","","100","",
"AWAIT CLR","PND-LCH_EUR","","","N","N","1683","42048531_1","M.BANK/A.BANK","S42048531_1","","Pay","42048531","10-Mar-2026 11:42:56 AM","0","EUR","10-Mar-2026 11:44:18 AM","12-Mar-2027","894016070","EUR","BSWP","BSWP","10-Mar-2026","TAUTO42048531_1","","New","","","","","","","EUR-EURIBOR","M","10-Mar-2026","STP","","","","","","","","","","","","","",
"CONFIRMED","N/A","Executed","10-Mar-2026 at 11:42:45 AM EDT - MarkitWire -  ' SettlementAgencySent '|","N","N","1683","42048530_1","M.BANK","S42048530_1","","Recv","42048530","10-Mar-2026 11:41:56 AM","1000","USD","10-Mar-2026 11:42:45 AM","12-Mar-2027","389279150","USD","CCIRS","CCIRS","10-Mar-2026","TAUTO42048530_1","","New","","4.2","","0","7785583","2","EUR-EuroSTR-OIS Compound","M","10-Mar-2026","STP","","","","","C-MWIRE","","0","0","","","0","0","LCHSGB2L",
"CONFIRMED","N/A","Executed","10-Mar-2026 at 11:41:43 AM EDT - MarkitWire -  ' SettlementAgencySent '|","N","N","1683","42048529_1","M.BANK","S42048529_1","","Buy","42048529","10-Mar-2026 11:40:56 AM","0","EUR","10-Mar-2026 11:41:43 AM","12-Mar-2027","350003000","EUR","FRA","FRA","10-Mar-2026","TAUTO42048529_1","","New","","1.234568","","","7000060","2","EUR-EURIBOR","M","10-Mar-2026","STP","","","","","C-MWIRE","","","","","","","","LCHSGB2L",
"CONFIRMED","N/A","Executed","10-Mar-2026 at 11:40:42 AM EDT - MarkitWire -  ' SettlementAgencySent '|","N","N","1683","42048528_1","M.BANK","S42048528_1","","Recv Fixed","42048528","10-Mar-2026 11:39:52 AM","1000","USD","10-Mar-2026 11:40:42 AM","13-Mar-2041","922939010","USD","SWO","SWO","10-Mar-2026","TAUTO42048528_1","","New","","4","","","18458780.2","2","USD-LIBOR","M","10-Mar-2026","STP","","","","","C-MWIRE","","","","","","","","LCHSGB2L",
"CONFIRMED","N/A","Executed","","N","N","1683","42048527_2","M.BANK","S42048527_2","","Recv Fixed","42048527","10-Mar-2026 11:38:16 AM","0","USD","10-Mar-2026 11:38:54 AM","12-Mar-2027","146802960","USD","IFS","IFS","10-Mar-2026","TAUTO42048527_2_Term","","P.Term","","6","","","2936059.2","2","USA-CPI-U","M","10-Mar-2026","STP","","","","","C-MWIRE","","","","","","","","",
"CONFIRMED","N/A","Executed","","N","N","1683","42048527_1","M.BANK","S42048527_1","","Recv Fixed","42048527","10-Mar-2026 11:37:11 AM","1000","USD","10-Mar-2026 11:38:03 AM","12-Mar-2027","244671600","USD","IFS","IFS","10-Mar-2026","TAUTO42048527_1","","New","","6","","","4893432","2","USA-CPI-U","M","10-Mar-2026","STP","","","","","C-MWIRE","","","","","","","","",
"CONFIRMED","N/A","Executed","","N","N","1683","42048523_2","M.BANK","S42048523_2","","Sell","42048523","10-Mar-2026 11:29:36 AM","28140","USD","10-Mar-2026 11:30:37 AM","15-Sep-2026","0","USD","EQO","EQO","10-Mar-2026","TAUTO42048523_2","","P.Term","","","","","","",".SPXAV10P","M","10-Mar-2026","STP","","10","Qty 21","","C-MWIRE","1","","","","","","","",
"CLEARED","CLR-LCH_SA","Doc(s) Req'd","10-Mar-2026 at 11:27:36 AM EDT - MarkitWire -  ' 42: BDDTest_rejecting '|10-Mar-2026 at 11:27:33 AM EDT - MarkitWire -  ' 42: BDDTest_rejecting '|10-Mar-2026 at 11:27:04 AM EDT - vikram.singh@ihsmarkit.com -  ' Trade manually affirmed '|","N","N","1683","42048520_1","M.BANK/A.BANK","S42048520_1","CDSIndex_Clearing","Buy","42048520","10-Mar-2026 11:23:01 AM","91","USD","10-Mar-2026 11:28:16 AM","20-Dec-2030","791767370","USD","CDI","CDI","10-Mar-2026","TAUTO42048520_1","test_trader","New","","1","","0","0","","2I65BYDX0","M","10-Mar-2026","STP","Test_Strategy","","","","","","0","0","","","0","0","",
"CONFIRMED","N/A","Executed","","N","N","1683","42048523_1","M.BANK","S42048523_1","","Sell","42048523","10-Mar-2026 11:27:30 AM","14512282000","USD","10-Mar-2026 11:28:13 AM","15-Sep-2026","0","USD","EQO","EQO","10-Mar-2026","TAUTO42048523_1","","New","","","","0","0","",".SPXAV10P","M","10-Mar-2026","STP","","10","Qty 725614100","","C-MWIRE","1","0","0","","","0","0","",
"CLEARED","CLR-LCH_SA","Doc(s) Req'd","10-Mar-2026 at 11:20:26 AM EDT - MarkitWire -  ' 42: BDDTest_rejecting '|10-Mar-2026 at 11:20:23 AM EDT - MarkitWire -  ' 42: BDDTest_rejecting '|","N","N","1683","42048515_1","M.BANK/A.BANK","S42048515_1","CDSIndex_Clearing","Buy","42048515","10-Mar-2026 11:19:16 AM","96","USD","10-Mar-2026 11:21:49 AM","20-Dec-2030","554258440","USD","CDI","CDI","10-Mar-2026","TAUTO42048515_1","test_trader","New","","1","","0","0","","2I65BYDX0","M","10-Mar-2026","STP","Test_Strategy","","","","","","0","0","","","0","0","",
"CONFIRMED","N/A","Executed","","N","N","1683","42048514_1","M.BANK","S42048514_1","","Sell","42048514","10-Mar-2026 11:18:47 AM","5719120250","USD","10-Mar-2026 11:19:25 AM","15-Sep-2027","0","USD","EQO","EQO","10-Mar-2026","TAUTO42048514_1","","New","","","","0","0","",".SPXAV10P","M","10-Mar-2026","STP","","15","Qty 228764810","","C-MWIRE","1","0","0","","","0","0","",
"CLEARED","CLR-LCH_SA","Doc(s) Req'd","10-Mar-2026 at 11:15:32 AM EDT - MarkitWire -  ' 42: BDDTest_rejecting '|10-Mar-2026 at 11:15:31 AM EDT - MarkitWire -  ' 42: BDDTest_rejecting '|","N","N","1683","42048509_1","M.BANK/A.BANK","S42048509_1","CDSIndex_Clearing","Buy","42048509","10-Mar-2026 11:14:07 AM","100","USD","10-Mar-2026 11:17:38 AM","20-Dec-2030","371257380","USD","CDI","CDI","10-Mar-2026","TAUTO42048509_1","test_trader","New","","1","","0","0","","2I65BYDX0","M","10-Mar-2026","STP","Test_Strategy","","","","","","0","0","","","0","0","",
"CONFIRMED","N/A","Executed","10-Mar-2026 at 11:10:42 AM EDT - vikram.singh@ihsmarkit.com -  ' Trade manually affirmed '|10-Mar-2026 at 11:10:01 AM EDT - System -  ' Disputed Field(s): Fee 1(w/ tolerance btwn 0.0 and 8.0) (Client : USD 1009), [ Allocations-->|1683:MWMF_FUND1:Fee (Client : USD 1009) ].Status updated to Disputed '|10-Mar-2026 at 11:10:01 AM EDT - System -  ' Disputed Field(s): Fee 1(w/ tolerance btwn 0.0 and 8.0) (Dealer : USD 1000), [ Allocations-->|1683:MWMF_FUND1:Fee (Dealer : USD 1000) ]. Status updated to Disputed '|","N","N","1683","42048508_1","M.BANK","S42048508_1","","Pay","42048508","10-Mar-2026 11:09:25 AM","1009","USD","10-Mar-2026 11:10:44 AM","12-Mar-2027","264675400","USD","BSWP","BSWP","10-Mar-2026","TAUTO42048508_1","","New","","","","","","","USD-LIBOR","M","10-Mar-2026","STP","","","","","C-MWIRE","","","","","","","","",
"CONFIRMED","N/A","Executed","10-Mar-2026 at 11:06:02 AM EDT - vikram.singh@ihsmarkit.com -  ' Trade manually affirmed '|10-Mar-2026 at 11:05:42 AM EDT - System -  ' Disputed Field(s): Fee 1(w/ tolerance btwn 0.0 and 8.0) (Dealer : USD 1000), [ Allocations-->|1683:MWMF_FUND1:Fee (Dealer : USD 1000) ]. Status updated to Disputed '|10-Mar-2026 at 11:05:42 AM EDT - System -  ' Disputed Field(s): Fee 1(w/ tolerance btwn 0.0 and 8.0) (Client : USD 1009), [ Allocations-->|1683:MWMF_FUND1:Fee (Client : USD 1009) ].Status updated to Disputed '|","N","N","1683","42048506_1","M.BANK","S42048506_1","","Recv Fixed","42048506","10-Mar-2026 11:05:06 AM","1009","USD","10-Mar-2026 11:06:04 AM","12-Sep-2026","638043800","USD","OIS","OIS","10-Mar-2026","TAUTO42048506_1","","New","","5","","","","","USD-SOFR-OIS Compound","M","10-Mar-2026","STP","","","","","C-MWIRE","","","","","","","","",
"CONFIRMED","N/A","Executed","10-Mar-2026 at 11:03:06 AM EDT - vikram.singh@ihsmarkit.com -  ' Trade manually affirmed '|10-Mar-2026 at 11:02:29 AM EDT - System -  ' Disputed Field(s): Fee(w/ tolerance btwn 0.0 and 8.0) (Dealer : CAD 80), [ Allocations-->|1683:MWMF_FUND1:Fee (Dealer : CAD 80) ]. Status updated to Disputed '|10-Mar-2026 at 11:02:29 AM EDT - System -  ' Disputed Field(s): Fee(w/ tolerance btwn 0.0 and 8.0) (Client : CAD 71), [ Allocations-->|1683:MWMF_FUND1:Fee (Client : CAD 71) ].Status updated to Disputed '|","N","N","1683","42048505_1","M.BANK","S42048505_1","","Recv Fixed","42048505","10-Mar-2026 11:01:55 AM","71","CAD","10-Mar-2026 11:03:10 AM","11-Mar-2047","400000","CAD","SWO","SWO","10-Mar-2026","TAUTO42048505_1","","New","","5","","","8000","2","CAD-CORRA-OIS Compound","M","10-Mar-2026","STP","","","","","C-MWIRE","","","","","","","","",
"CONFIRMED","N/A","Executed","","N","N","1683","42048504_1","M.BANK","S42048504_1","","Recv Fixed","42048504","10-Mar-2026 10:58:41 AM","85","CAD","10-Mar-2026 10:59:20 AM","11-Mar-2047","400000","CAD","SWO","SWO","10-Mar-2026","TAUTO42048504_1","","New","","5","","","8000","2","CAD-CORRA-OIS Compound","M","10-Mar-2026","STP","","","","","C-MWIRE","","","","","","","","",
"ALLEGED","N/A","Doc(s) Req'd","10-Mar-2026 at 10:53:35 AM EDT - System -  ' Disputed Field(s): Fee(w/ tolerance btwn 0.0 and 8.0) (Client : CAD 995), [ Allocations-->|1683:MWMF_FUND1:Fee (Client : CAD 995) ].Status updated to Disputed '|10-Mar-2026 at 10:53:35 AM EDT - System -  ' Disputed Field(s): Fee(w/ tolerance btwn 0.0 and 8.0) (Dealer : CAD 40), [ Allocations-->|1683:MWMF_FUND1:Fee (Dealer : CAD 40) ]. Status updated to Disputed '|","N","N","1683","","M.BANK","S42048502_1","","Recv Fixed","","","995","CAD","10-Mar-2026 10:53:36 AM","11-Mar-2047","200000","CAD","SWO","SWO","10-Mar-2026","TAUTO42048502_1","","New","","5","","","4000","2","CAD-CORRA-OIS Compound","M","10-Mar-2026","","","","","","","","","","","","","","",
"CONFIRMED","N/A","Executed","","N","N","1683","42048501_1","M.BANK","S42048501_1","","Recv Fixed","42048501","10-Mar-2026 10:49:55 AM","995","USD","10-Mar-2026 10:50:53 AM","12-Sep-2026","831623700","USD","OIS","OIS","10-Mar-2026","TAUTO42048501_1","","New","","5","","","","","USD-SOFR-OIS Compound","M","10-Mar-2026","STP","","","","","C-MWIRE","","","","","","","","",
"ALLEGED","N/A","Doc(s) Req'd","10-Mar-2026 at 10:49:19 AM EDT - System -  ' Disputed Field(s): Notional (Dealer : USD 43000000),Fixed Rate (Dealer : 11). Status updated to Disputed '|10-Mar-2026 at 10:49:19 AM EDT - System -  ' Disputed Field(s): Notional (Client : USD 44000000),Fixed Rate (Client : 5).Status updated to Disputed '|10-Mar-2026 at 10:49:19 AM EDT - mw.demo@markitserv.com -  ' Trade manually linked '|","N","N","Block","","M.BANK","OIS_ALCT_FeeNotional","","Recv Fixed","","","102","USD","10-Mar-2026 10:49:20 AM","12-Mar-2027","44000000","USD","OIS","OIS","10-Mar-2026","OIS_ALCT_FeeNotional","","New","","5","","","","","USD-SOFR-OIS Compound","M","10-Mar-2026","","","","","","","","","","","","","","",
"ALLEGED","N/A","Doc(s) Req'd","10-Mar-2026 at 10:45:58 AM EDT - System -  ' Disputed Field(s): ETC Initial Period (Dealer : 10Y). Status updated to Disputed '|10-Mar-2026 at 10:45:58 AM EDT - System -  ' Disputed Field(s): ETC Initial Period (Client : NOT PROVIDED).Status updated to Disputed '|10-Mar-2026 at 10:45:58 AM EDT - vikram.singh@ihsmarkit.com -  ' Trade manually linked '|","N","N","1683","","M.BANK","S42048500_1","","Recv","","","995","USD","10-Mar-2026 10:45:59 AM","12-Mar-2036","333445","USD","CCBSWP","CCBSWP","10-Mar-2026","TAUTO42048500_1","","New","","","","","4000000","","EUR-EuroSTR-OIS Compound","M","10-Mar-2026","","","","","","","","","","","","","","",
"CONFIRMED","N/A","Executed","","N","N","1683","42048499_1","M.BANK","S42048499_1","","Pay","42048499","10-Mar-2026 10:38:31 AM","995","USD","10-Mar-2026 10:39:21 AM","12-Mar-2027","249789510","USD","BSWP","BSWP","10-Mar-2026","TAUTO42048499_1","","New","","","","","","","USD-LIBOR","M","10-Mar-2026","STP","","","","","C-MWIRE","","","","","","","","",
"ALLEGED","N/A","Doc(s) Req'd","","N","","Block","","M.BANK","S42048495_1","CDSIndex_Clearing","Buy","","","102","USD","10-Mar-2026 10:28:53 AM","20-Dec-2030","87773628","USD","CDI","CDI","10-Mar-2026","TAUTO42048495_1","test_trader","New","","1","","","","","2I65BYDX0","M","10-Mar-2026","","Test_Strategy","","","","","","","","","","","","",
"ALLEGED","N/A","Doc(s) Req'd","","N","","Block","","M.BANK","S42048494_1","CDSIndex_Clearing","Buy","","","104","USD","10-Mar-2026 10:27:09 AM","20-Dec-2030","289133390","USD","CDI","CDI","10-Mar-2026","TAUTO42048494_1","test_trader","New","","1","","","","","2I65BYDX0","M","10-Mar-2026","","Test_Strategy","","","","","","","","","","","","",
"ALLOC DELIV","IFC-LCH_SA","Doc(s) Req'd","10-Mar-2026 at 10:24:46 AM EDT - MarkitWire -  ' Allocations have been uploaded. Please affirm '|","N","N","Block","42048487_1","M.BANK/A.BANK","S42048487_1","CDSIndex_Clearing","Buy","42048487","10-Mar-2026 10:23:51 AM","104","USD","10-Mar-2026 10:24:59 AM","20-Dec-2030","259330870","USD","CDI","CDI","10-Mar-2026","TAUTO42048487_1","test_trader","New","","1","","","","","2I65BYDX0","M","10-Mar-2026","","Test_Strategy","","","","","","","","","","","","",
"ALLEGED","N/A","Doc(s) Req'd","10-Mar-2026 at 10:18:44 AM EDT - System -  ' Disputed Field(s): Cannot upload fees where mismatch exists. Fee 1 (Client : EUR 1009).Status updated to Disputed '|10-Mar-2026 at 10:18:44 AM EDT - System -  ' Disputed Field(s): Cannot upload fees where mismatch exists. Fee 1 (Dealer : EUR 1000). Status updated to Disputed '|","N","N","Block","","M.BANK","S42048484_1","","Pay","","","1009","EUR","10-Mar-2026 10:18:45 AM","12-Mar-2027","609041400","EUR","BSWP","BSWP","10-Mar-2026","TAUTO42048484_1","","New","","","","","","","EUR-EURIBOR","M","10-Mar-2026","","","","","","","","","","","","","","LCHSGB2L",
"ALLOC DELIV","IFC-LCH_SA","Doc(s) Req'd","10-Mar-2026 at 10:16:56 AM EDT - MarkitWire -  ' Allocations have been uploaded. Please affirm '|","N","N","Block","42048477_1","M.BANK/A.BANK","S42048477_1","CDSIndex_Clearing","Buy","42048477","10-Mar-2026 10:16:17 AM","104","USD","10-Mar-2026 10:17:08 AM","20-Dec-2030","702022600","USD","CDI","CDI","10-Mar-2026","TAUTO42048477_1","test_trader","New","","1","","","","","2I65BYDX0","M","10-Mar-2026","","Test_Strategy","","","","","","","","","","","","",
"ALLOC DELIV","IFC-LCH_SA","Doc(s) Req'd","10-Mar-2026 at 10:08:00 AM EDT - MarkitWire -  ' Allocations have been uploaded. Please affirm '|","N","N","Block","42048470_1","M.BANK/A.BANK","S42048470_1","CDSIndex_Clearing","Buy","42048470","10-Mar-2026 10:07:14 AM","104","USD","10-Mar-2026 10:08:15 AM","20-Dec-2030","151679510","USD","CDI","CDI","10-Mar-2026","TAUTO42048470_1","test_trader","New","","1","","","","","2I65BYDX0","M","10-Mar-2026","","Test_Strategy","","","","","","","","","","","","",
"ALLEGED","N/A","Doc(s) Req'd","10-Mar-2026 at 10:07:21 AM EDT - System -  ' Disputed Field(s): 1st Leg Notional(w/ tolerance btwn 0.0 and 1.0) (Client : USD 24000000),2nd Leg Notional(w/ tolerance btwn 0.0 and 1.0) (Client : EUR 28000000),Cannot upload fees where mismatch exists. Fee 1 (Client : USD 100).Status updated(...) '|10-Mar-2026 at 10:07:21 AM EDT - System -  ' Disputed Field(s): 1st Leg Notional(w/ tolerance btwn 0.0 and 1.0) (Dealer : USD 22000000),2nd Leg Notional(w/ tolerance btwn 0.0 and 1.0) (Dealer : EUR 32000000),Cannot upload fees where mismatch exists. Fee 1 (Dealer : USD 110). Status update(...) '|10-Mar-2026 at 10:07:21 AM EDT - mw.demo@markitserv.com -  ' Trade manually linked '|","N","N","Block","","M.BANK","CCBSWP_Test_ALCT_FeeNotional","","Recv","","","100","USD","10-Mar-2026 10:07:22 AM","12-Mar-2027","24000000","USD","CCBSWP","CCBSWP","10-Mar-2026","CCBSWP_Test_ALCT_FeeNotional","","New","","","","","8000000","","EUR-EuroSTR-OIS Compound","M","10-Mar-2026","","","","","","","","","","","","","","",
"ALLOC DELIV","IFC-LCH_SA","Doc(s) Req'd","10-Mar-2026 at 10:02:50 AM EDT - MarkitWire -  ' Allocations have been uploaded. Please affirm '|","N","N","Block","42048463_1","M.BANK/A.BANK","S42048463_1","CDSIndex_Clearing","Buy","42048463","10-Mar-2026 10:01:44 AM","100","USD","10-Mar-2026 10:03:06 AM","20-Dec-2030","413502740","USD","CDI","CDI","10-Mar-2026","TAUTO42048463_1","test_trader","New","","1","","","","","2I65BYDX0","M","10-Mar-2026","","Test_Strategy","","","","","","","","","","","","",
"ALLEGED","N/A","Doc(s) Req'd","10-Mar-2026 at 09:55:09 AM EDT - System -  ' Disputed Field(s): Notional(w/ tolerance btwn 0.0 and 1.0) (Client : USD 66000000),Fee 1(w/ tolerance btwn 0.0 and 1.0) (Client : USD 73),Leg1 Rate Spread (Client : NOT PROVIDED), [ Allocations-->Account Ids ].Status updated to Disputed '|10-Mar-2026 at 09:55:09 AM EDT - System -  ' Disputed Field(s): Notional(w/ tolerance btwn 0.0 and 1.0) (Dealer : USD 78000000),Fee 1(w/ tolerance btwn 0.0 and 1.0) (Dealer : USD 63),Leg1 Rate Spread (Dealer : 6.7766), [ Allocations-->|1683:Account Id (Dealer : no matching account) ]. Sta(...) '|10-Mar-2026 at 09:55:09 AM EDT - mw.demo@markitserv.com -  ' Trade manually linked '|","N","N","1683","","M.BANK","BSWP_Notional1_PostTrans","","Pay","","","73","USD","10-Mar-2026 09:55:10 AM","12-Mar-2027","66000000","USD","BSWP","BSWP","10-Mar-2026","BSWP_Notional1_PostTrans_AMD","","Amend","A","","","","","","USD-SOFR-OIS Compound","M","10-Mar-2026","","","","","","","","","","","","","","",
"CONFIRMED","N/A","Executed","10-Mar-2026 at 09:48:00 AM EDT - MarkitWire -  ' SettlementAgencySent '|10-Mar-2026 at 09:47:51 AM EDT - MarkitWire -  ' SettlementAgencySent '|10-Mar-2026 at 09:47:14 AM EDT - MarkitWire -  ' Allocations have been uploaded. Please affirm '|","N","N","Block","42048459_1","M.BANK","S42048459_1","","Recv Fixed","42048459","10-Mar-2026 09:47:42 AM","1009","USD","10-Mar-2026 09:48:00 AM","13-Mar-2041","632889680","USD","SWO","SWO","10-Mar-2026","TAUTO42048459_1","","New","","4","","","12657793.6","2","USD-LIBOR","M","10-Mar-2026","STP","","","","","C-MWIRE","","","","","","","","LCHSGB2L",
"CONFIRMED","N/A","Executed","10-Mar-2026 at 09:43:59 AM EDT - MarkitWire -  ' Allocations have been uploaded. Please affirm '|10-Mar-2026 at 09:43:56 AM EDT - mw.demo@markitserv.com -  ' Trade manually affirmed '|10-Mar-2026 at 09:43:34 AM EDT - System -  ' Disputed Field(s): Leg1 Rate Spread (Client : NOT PROVIDED),Leg2 Rate Spread (Client : 678).Status updated to Disputed '|","N","N","Block","42048449_1","M.BANK","BSWP_Notional1_PostTrans","","Pay","42048449","10-Mar-2026 09:44:16 AM","100","USD","10-Mar-2026 09:44:32 AM","12-Mar-2027","156000000","USD","BSWP","BSWP","10-Mar-2026","BSWP_Notional1_PostTrans","","New","","","","","","","USD-SOFR-OIS Compound","M","10-Mar-2026","STP","","","","","C-MWIRE","","","","","","","","",
"ALLEGED","N/A","Doc(s) Req'd","10-Mar-2026 at 09:41:15 AM EDT - System -  ' Disputed Field(s): MarkitWire Defaults modified by the dealer on following fields(Settlement Agency Type). Status updated to Disputed '|10-Mar-2026 at 09:41:15 AM EDT - System -  ' Disputed Field(s): MarkitWire Defaults modified by the dealer on following fields(Settlement Agency Type).Status updated to Disputed '|","N","N","Block","","M.BANK","S42048456_1","","Recv Fixed","","","1008","USD","10-Mar-2026 09:41:16 AM","13-Mar-2041","145008430","USD","SWO","SWO","10-Mar-2026","TAUTO42048456_1","","New","","4","","","2900168.6","2","USD-LIBOR","M","10-Mar-2026","","","","","","","","","","","","","","LCHSGB2L",
"CONFIRMED","N/A","Executed","10-Mar-2026 at 09:36:02 AM EDT - MarkitWire -  ' Allocations have been uploaded. Please affirm '|","N","N","Block","42048453_1","M.BANK","S42048453_1","","Recv Fixed","42048453","10-Mar-2026 09:36:28 AM","1008","USD","10-Mar-2026 09:36:35 AM","12-Sep-2026","515369450","USD","OIS","OIS","10-Mar-2026","TAUTO42048453_1","","New","","5","","","","","USD-SOFR-OIS Compound","M","10-Mar-2026","STP","","","","","C-MWIRE","","","","","","","","",
"CONFIRMED","N/A","Executed","10-Mar-2026 at 09:31:51 AM EDT - MarkitWire -  ' Allocations have been uploaded. Please affirm '|10-Mar-2026 at 09:31:47 AM EDT - vikram.singh@ihsmarkit.com -  ' Trade manually affirmed '|10-Mar-2026 at 09:31:47 AM EDT - vikram.singh@ihsmarkit.com -  ' Trade affirmed with fee mismatch, fee will be prorated '|","N","N","Block","42048450_1","M.BANK","S42048450_1","","Recv Fixed","42048450","10-Mar-2026 09:32:18 AM","1009","USD","10-Mar-2026 09:32:32 AM","12-Sep-2026","880803500","USD","OIS","OIS","10-Mar-2026","TAUTO42048450_1","","New","","5","","","","","USD-SOFR-OIS Compound","M","10-Mar-2026","STP","","","","","C-MWIRE","","","","","","","","",
"ALLEGED","N/A","Doc(s) Req'd","10-Mar-2026 at 09:18:42 AM EDT - System -  ' Disputed Field(s): Notional(w/ tolerance btwn 0.0 and 1.0) (Client : EUR 14100000).Status updated to Disputed '|10-Mar-2026 at 09:18:42 AM EDT - System -  ' Disputed Field(s): Notional(w/ tolerance btwn 0.0 and 1.0) (Dealer : EUR 178000000). Status updated to Disputed '|10-Mar-2026 at 09:18:42 AM EDT - mw.demo@markitserv.com -  ' Trade manually linked '|","N","N","Block","","M.BANK","BSWP_Notional1_Test","","Pay","","","130","EUR","10-Mar-2026 09:19:27 AM","12-Mar-2027","14100000","EUR","BSWP","BSWP","10-Mar-2026","BSWP_Notional1_Test","","New","","","","","","","EUR-EURIBOR","M","10-Mar-2026","","","","","","","","","","","","","","",
"ALLEGED","N/A","Doc(s) Req'd","","N","N","1684","","M.BANK","S42048448_1","","Recv","","","504.5","USD","10-Mar-2026 09:19:13 AM","12-Mar-2036","166722.5","USD","CCBSWP","CCBSWP","10-Mar-2026","TAUTO42048448_1","","New","","","","","2000000","","EUR-EuroSTR-OIS Compound","M","10-Mar-2026","","","","","","","","","","","","","","",
"ALLEGED","N/A","Doc(s) Req'd","","N","N","1684","","M.BANK","S42048447_1","","Recv","","","504.5","USD","10-Mar-2026 09:14:08 AM","12-Mar-2036","349532","USD","CCBSWP","CCBSWP","10-Mar-2026","TAUTO42048447_1","","New","","","","","2000000","","EUR-EuroSTR-OIS Compound","M","10-Mar-2026","","","","","","","","","","","","","","",
"ALLEGED","N/A","Doc(s) Req'd","10-Mar-2026 at 09:12:18 AM EDT - System -  ' Disputed Field(s): Fee1(w/ tolerance btwn 0.0 and 1.0) (Dealer : EUR 2500), [ Allocations-->|1683:MWMF_FUND1:Fee1 (Dealer : EUR 2500) ]. Status updated to Disputed '|10-Mar-2026 at 09:12:18 AM EDT - System -  ' Disputed Field(s): Fee1(w/ tolerance btwn 0.0 and 1.0) (Client : EUR 49), [ Allocations-->|1683:MWMF_FUND1:Fee1 (Client : EUR 49) ].Status updated to Disputed '|","N","N","1683","","M.BANK","S42048379_1","","Recv Fixed","","","49","EUR","10-Mar-2026 09:12:19 AM","12-Mar-2027","604711510","EUR","FIXED","FIXED","10-Mar-2026","TAUTO42048379_1","","New","","5.2","8","","1000","","","M","10-Mar-2026","","","","","","","","","","","","","","",
"ALLEGED","N/A","Doc(s) Req'd","10-Mar-2026 at 09:12:18 AM EDT - System -  ' Disputed Field(s): Fee1(w/ tolerance btwn 0.0 and 1.0) (Client : EUR 49), [ Allocations-->|1683:MWMF_FUND1:Fee1 (Client : EUR 49) ].Status updated to Disputed '|10-Mar-2026 at 09:12:18 AM EDT - System -  ' Disputed Field(s): Fee1(w/ tolerance btwn 0.0 and 1.0) (Dealer : EUR 2500), [ Allocations-->|1683:MWMF_FUND1:Fee1 (Dealer : EUR 2500) ]. Status updated to Disputed '|","N","N","1683","","M.BANK","S42048423_1","","Recv Fixed","","","49","EUR","10-Mar-2026 09:12:19 AM","12-Mar-2027","443977870","EUR","FIXED","FIXED","10-Mar-2026","TAUTO42048423_1","","New","","5.2","8","","1000","","","M","10-Mar-2026","","","","","","","","","","","","","","",
"ALLEGED","N/A","Doc(s) Req'd","10-Mar-2026 at 09:12:17 AM EDT - System -  ' Disputed Field(s): Cannot upload fees where mismatch exists. Fee1 (Client : USD 977).Status updated to Disputed '|10-Mar-2026 at 09:12:17 AM EDT - System -  ' Disputed Field(s): Cannot upload fees where mismatch exists. Fee1 (Dealer : USD 1000). Status updated to Disputed '|","N","N","Block","","M.BANK","S42048409_1","","Recv Fixed","","","977","USD","10-Mar-2026 09:12:18 AM","12-Mar-2027","948089480","AUD","FIXED","FIXED","10-Mar-2026","TAUTO42048409_1","","New","","7.2","4","","2500","0","","M","10-Mar-2026","","","","","","","","","","","","","","LCHSGB2L",
"CONFIRMED","N/A","Executed","10-Mar-2026 at 09:10:59 AM EDT - MarkitWire -  ' SettlementAgencySent '|10-Mar-2026 at 09:10:53 AM EDT - MarkitWire -  ' SettlementAgencySent '|10-Mar-2026 at 09:10:20 AM EDT - MarkitWire -  ' Allocations have been uploaded. Please affirm '|","N","N","Block","42048444_1","M.BANK","S42048444_1","","Pay","42048444","10-Mar-2026 09:10:44 AM","1009","EUR","10-Mar-2026 09:10:59 AM","12-Mar-2027","121346430","EUR","BSWP","BSWP","10-Mar-2026","TAUTO42048444_1","","New","","","","","","","EUR-EURIBOR","M","10-Mar-2026","STP","","","","","C-MWIRE","","","","","","","","LCHSGB2L",
"CONFIRMED","N/A","Executed","10-Mar-2026 at 09:09:23 AM EDT - MarkitWire -  ' SettlementAgencySent '|10-Mar-2026 at 09:09:19 AM EDT - MarkitWire -  ' SettlementAgencySent '|10-Mar-2026 at 09:08:37 AM EDT - MarkitWire -  ' Allocations have been uploaded. Please affirm '|","N","N","Block","42048440_1","M.BANK","S42048440_1","","Pay","42048440","10-Mar-2026 09:09:07 AM","1009","EUR","10-Mar-2026 09:09:23 AM","12-Mar-2027","351083290","EUR","BSWP","BSWP","10-Mar-2026","TAUTO42048440_1","","New","","","","","","","EUR-EURIBOR","M","10-Mar-2026","STP","","","","","C-MWIRE","","","","","","","","LCHSGB2L",
"DISPUTED","N/A","Doc(s) Req'd","10-Mar-2026 at 09:04:31 AM EDT - System -  ' Disputed Field(s): Trade Date (Client : 18-Sep-2025),Fee(w/ tolerance btwn 0.0 and 1.0) (Client : USD 3100),Expiration Date (Client : 20-Sep-2027 00:00),Fee Payment Date (Client : 22-Sep-2025).Status updated to Disputed '|10-Mar-2026 at 09:04:31 AM EDT - System -  ' Disputed Field(s): Trade Date (Dealer : 22-Jan-2026),Fee(w/ tolerance btwn 0.0 and 1.0) (Dealer : USD 54210),Expiration Date (Dealer : 24-Jan-2028 00:00),Fee Payment Date (Dealer : 26-Jan-2026). Status updated to Disputed '|18-Sep-2025 at 08:38:48 AM EDT - System -  ' Disputed Field(s): Fee(w/ tolerance btwn 0.0 and 1.0) (Dealer : USD 54210), [ Allocations-->|1683:MWMF_FUND1:Fee (Dealer : USD 54210) ]. Status updated to Disputed '|","N","N","1683","42003331_1","M.BANK","S38110002_1","","Sell","42003331","22-Jan-2026 04:02:31 AM","3100","USD","10-Mar-2026 09:04:31 AM","20-Sep-2027","0","USD","EQO","EQO","18-Sep-2025","TAUTO38110002_1","","New","","","","","5000","","GOOG.OQ","M","18-Sep-2025","","","11","Qty 4170","","","","","","","","","","",
"CONFIRMED","N/A","Executed","10-Mar-2026 at 09:03:00 AM EDT - MarkitWire -  ' SettlementAgencySent '|10-Mar-2026 at 09:02:55 AM EDT - MarkitWire -  ' SettlementAgencySent '|10-Mar-2026 at 09:02:16 AM EDT - MarkitWire -  ' Allocations have been uploaded. Please affirm '|","N","N","Block","42048436_1","M.BANK","S42048436_1","","Pay","42048436","10-Mar-2026 09:02:37 AM","106","EUR","10-Mar-2026 09:03:00 AM","12-Mar-2027","143966000","EUR","BSWP","BSWP","10-Mar-2026","TAUTO42048436_1","","New","","","","","","","EUR-EURIBOR","M","10-Mar-2026","STP","","","","","C-MWIRE","","","","","","","","LCHSGB2L",
"CONFIRMED","N/A","Executed","10-Mar-2026 at 08:57:32 AM EDT - MarkitWire -  ' SettlementAgencySent '|10-Mar-2026 at 08:57:29 AM EDT - MarkitWire -  ' SettlementAgencySent '|10-Mar-2026 at 08:56:55 AM EDT - MarkitWire -  ' Allocations have been uploaded. Please affirm '|","N","N","Block","42048433_1","M.BANK","S42048433_1","","Pay","42048433","10-Mar-2026 08:57:21 AM","106","EUR","10-Mar-2026 08:57:32 AM","12-Mar-2027","179712550","EUR","BSWP","BSWP","10-Mar-2026","TAUTO42048433_1","","New","","","","","","","EUR-EURIBOR","M","10-Mar-2026","STP","","","","","C-MWIRE","","","","","","","","LCHSGB2L",
"CONFIRMED","N/A","Executed","10-Mar-2026 at 08:56:11 AM EDT - MarkitWire -  ' SettlementAgencySent '|10-Mar-2026 at 08:56:05 AM EDT - MarkitWire -  ' SettlementAgencySent '|10-Mar-2026 at 08:55:27 AM EDT - MarkitWire -  ' Allocations have been uploaded. Please affirm '|","N","N","Block","42048430_1","M.BANK","S42048430_1","","Pay","42048430","10-Mar-2026 08:55:52 AM","112","EUR","10-Mar-2026 08:56:11 AM","12-Mar-2027","322340470","EUR","BSWP","BSWP","10-Mar-2026","TAUTO42048430_1","","New","","","","","","","EUR-EURIBOR","M","10-Mar-2026","STP","","","","","C-MWIRE","","","","","","","","LCHSGB2L",
"ALLEGED","N/A","Doc(s) Req'd","10-Mar-2026 at 08:52:45 AM EDT - System -  ' Disputed Field(s): ETC Initial Period (Dealer : 10Y),Fee 1(w/ tolerance btwn 0.0 and 8.0) (Dealer : USD 1500), [ Allocations-->|1683:MWMF_FUND1:Fee1 (Dealer : USD 1500) ]. Status updated to Disputed '|10-Mar-2026 at 08:52:45 AM EDT - System -  ' Disputed Field(s): ETC Initial Period (Client : NOT PROVIDED),Fee 1(w/ tolerance btwn 0.0 and 8.0) (Client : USD 49), [ Allocations-->|1683:MWMF_FUND1:Fee1 (Client : USD 49) ].Status updated to Disputed '|","N","N","1683","","M.BANK","S42048428_1","","Recv","","","49","USD","10-Mar-2026 08:52:46 AM","12-Mar-2036","699064","USD","CCBSWP","CCBSWP","10-Mar-2026","TAUTO42048428_1","","New","","","","","4000000","","EUR-EuroSTR-OIS Compound","M","10-Mar-2026","","","","","","","","","","","","","","",
"ALLEGED","N/A","Doc(s) Req'd","10-Mar-2026 at 08:48:29 AM EDT - System -  ' Disputed Field(s): Fixed Rate (Dealer : 23),2nd Leg Effective Date (Dealer : 12-Mar-2026),Fee 1(w/ tolerance btwn 0.0 and 8.0) (Dealer : USD 1009), [ Allocations-->|1684:MWMF_FUND2:Fee (Dealer : USD 1009) ]. Status updated to Disputed '|10-Mar-2026 at 08:48:29 AM EDT - System -  ' Disputed Field(s): Fixed Rate (Client : 77),2nd Leg Effective Date (Client : 11-Mar-2026),Fee 1(w/ tolerance btwn 0.0 and 8.0) (Client : USD 1000), [ Allocations-->|1684:MWMF_FUND2:Fee (Client : USD 1000) ].Status updated to Disputed '|10-Mar-2026 at 08:47:44 AM EDT - System -  ' Disputed Field(s): Fixed Rate (Dealer : 23),2nd Leg Effective Date (Dealer : 12-Mar-2026),Fee 1(w/ tolerance btwn 0.0 and 8.0) (Dealer : USD 1009), [ Allocations-->|1684:MWMF_FUND2:Fee (Dealer : USD 1009) ]. Status updated to Disputed '|","N","N","1684","","M.BANK","IRS_Test_10032026_SC005","","Recv Fixed","","","1000","USD","10-Mar-2026 08:48:30 AM","12-Mar-2027","167000000","USD","IRS","IRSW","10-Mar-2026","IRS_Test_10032026_SC005","","New","","77","","","","","USD-SOFR CME Term","M","10-Mar-2026","","","","","","","","","","","","","","",
"ALLEGED","N/A","Doc(s) Req'd","10-Mar-2026 at 08:32:42 AM EDT - System -  ' Disputed Field(s): Fee 1(w/ tolerance btwn 0.0 and 8.0) (Client : USD 49), [ Allocations-->|1683:MWMF_FUND1:Fee (Client : USD 49) ].Status updated to Disputed '|10-Mar-2026 at 08:32:42 AM EDT - System -  ' Disputed Field(s): Fee 1(w/ tolerance btwn 0.0 and 8.0) (Dealer : USD 1000), [ Allocations-->|1683:MWMF_FUND1:Fee (Dealer : USD 1000) ]. Status updated to Disputed '|","N","N","1683","","M.BANK","S42048427_1","","Recv Fixed","","","49","USD","10-Mar-2026 08:32:43 AM","12-Mar-2027","977296010","USD","IFS","IFS","10-Mar-2026","TAUTO42048427_1","","New","","6","","","19545920.2","2","USA-CPI-U","M","10-Mar-2026","","","","","","","","","","","","","","",
"ALLEGED","N/A","Doc(s) Req'd","10-Mar-2026 at 08:32:00 AM EDT - System -  ' Disputed Field(s): Fee1(w/ tolerance btwn 0.0 and 1.0) (Client : USD 49), [ Allocations-->|1683:MWMF_FUND1:Fee1 (Client : USD 49) ].Status updated to Disputed '|10-Mar-2026 at 08:32:00 AM EDT - System -  ' Disputed Field(s): Fee1(w/ tolerance btwn 0.0 and 1.0) (Dealer : USD 1000), [ Allocations-->|1683:MWMF_FUND1:Fee1 (Dealer : USD 1000) ]. Status updated to Disputed '|","N","N","1683","","M.BANK","S42048426_1","","Recv","","","49","USD","10-Mar-2026 08:32:00 AM","12-Mar-2027","181881970","USD","CCIRS","CCIRS","10-Mar-2026","TAUTO42048426_1","","New","","4.2","","","","","EUR-EuroSTR-OIS Compound","M","10-Mar-2026","","","","","","","","","","","","","","LCHSGB2L",
"ALLEGED","N/A","Doc(s) Req'd","10-Mar-2026 at 08:25:52 AM EDT - System -  ' Disputed Field(s): Fixed Rate (Dealer : 6). Status updated to Disputed '|10-Mar-2026 at 08:25:52 AM EDT - System -  ' Disputed Field(s): Fixed Rate (Client : 8).Status updated to Disputed '|10-Mar-2026 at 08:23:20 AM EDT - System -  ' Disputed Field(s): Fixed Rate (Dealer : 6),Fee 1(w/ tolerance btwn 0.0 and 8.0) (Dealer : AUD 109),Fee 1 Date (Dealer : 12-Mar-2026), [ Allocations-->|1684:MWMF_FUND2:Fee (Dealer : AUD 109) ]. Status updated to Disputed '|","N","N","1684","","M.BANK","IRS_Test_10032026_SC004","","Recv Fixed","","","102","AUD","10-Mar-2026 08:25:53 AM","11-Mar-2027","18000000","AUD","IRS","IRSW","10-Mar-2026","IRS_Test_10032026_SC004","","New","","8","","","","","AUD-BBSW","M","10-Mar-2026","","","","","","","","","","","","","","",
"ALLEGED","N/A","Doc(s) Req'd","","N","N","1683","","M.BANK","S42048424_1","","Sell","","","49","JPY","10-Mar-2026 08:24:39 AM","12-Mar-2028","1200000","JPY","CPFL","CPFL","10-Mar-2026","TAUTO42048424_1","","New","","","","","24000","2","JPY-TONA-OIS Compound","M","10-Mar-2026","","","7.5","","","","","","","","","","","",
"ALLEGED","N/A","Doc(s) Req'd","10-Mar-2026 at 08:17:14 AM EDT - System -  ' Disputed Field(s): Fee1(w/ tolerance btwn 0.0 and 1.0) (Client : AUD 49), [ Allocations-->|1683:MWMF_FUND1:Fee1 (Client : AUD 49) ].Status updated to Disputed '|10-Mar-2026 at 08:17:14 AM EDT - System -  ' Disputed Field(s): Fee1(w/ tolerance btwn 0.0 and 1.0) (Dealer : AUD 1000), [ Allocations-->|1683:MWMF_FUND1:Fee1 (Dealer : AUD 1000) ]. Status updated to Disputed '|","N","N","1683","","M.BANK","S42048421_1","","Recv Fixed","","","49","AUD","10-Mar-2026 08:17:15 AM","10-Mar-2036","205763290","AUD","FIXED","FIXED","10-Mar-2026","TAUTO42048421_1","","New","","5","8","","4115265.8","2","","M","10-Mar-2026","","","","","","","","","","","","","","",
"ALLEGED","N/A","Doc(s) Req'd","10-Mar-2026 at 08:15:50 AM EDT - System -  ' Disputed Field(s): Fee 1(w/ tolerance btwn 0.0 and 8.0) (Dealer : USD 0),Fee 1 Direction (Dealer : NOT PROVIDED), [ Allocations-->|1683:MWMF_FUND1:Fee (Dealer : USD 0.0) ]. Status updated to Disputed '|10-Mar-2026 at 08:15:50 AM EDT - System -  ' Disputed Field(s): Fee 1(w/ tolerance btwn 0.0 and 8.0) (Client : USD 49),Fee 1 Direction (Client : Pay), [ Allocations-->|1683:MWMF_FUND1:Fee (Client : USD 49) ].Status updated to Disputed '|","N","N","1683","","M.BANK","S42048419_1","","Recv Fixed","","","49","USD","10-Mar-2026 08:15:51 AM","12-Mar-2041","107908440","USD","IFS","IFS","10-Mar-2026","TAUTO42048419_1","","New","","6","","","2158168.8","2","USA-CPI-U","M","10-Mar-2026","","","","","","","","","","","","","","",
"ALLEGED","N/A","Doc(s) Req'd","10-Mar-2026 at 08:15:09 AM EDT - System -  ' Disputed Field(s): Fee 1(w/ tolerance btwn 0.0 and 8.0) (Dealer : USD 0),Fee 1 Direction (Dealer : NOT PROVIDED), [ Allocations-->|1683:MWMF_FUND1:Fee (Dealer : USD 0.0) ]. Status updated to Disputed '|10-Mar-2026 at 08:15:09 AM EDT - System -  ' Disputed Field(s): Fee 1(w/ tolerance btwn 0.0 and 8.0) (Client : USD 49),Fee 1 Direction (Client : Pay), [ Allocations-->|1683:MWMF_FUND1:Fee (Client : USD 49) ].Status updated to Disputed '|","N","N","1683","","M.BANK","S42048418_1","","Pay Fixed","","","49","USD","10-Mar-2026 08:15:10 AM","12-Mar-2036","794878830","USD","IRS","IRSW","10-Mar-2026","TAUTO42048418_1","","New","","5.2","","","","","USD-SOFR CME Term","M","10-Mar-2026","","","","","","","","","","","","","","",
"ALLEGED","N/A","Doc(s) Req'd","10-Mar-2026 at 08:14:26 AM EDT - System -  ' Disputed Field(s): Fee 1(w/ tolerance btwn 0.0 and 8.0) (Dealer : USD 1000), [ Allocations-->|1683:MWMF_FUND1:Fee (Dealer : USD 1000) ]. Status updated to Disputed '|10-Mar-2026 at 08:14:26 AM EDT - System -  ' Disputed Field(s): Fee 1(w/ tolerance btwn 0.0 and 8.0) (Client : USD 49), [ Allocations-->|1683:MWMF_FUND1:Fee (Client : USD 49) ].Status updated to Disputed '|","N","N","1683","","M.BANK","S42048417_1","","Pay Fixed","","","49","USD","10-Mar-2026 08:14:27 AM","12-Mar-2041","977259070","USD","IRS","IRSW","10-Mar-2026","TAUTO42048417_1","","New","","5.2","","","19545181.4","2","USD-SOFR CME Term","M","10-Mar-2026","","","","","","","","","","","","","","",
"CONFIRMED","N/A","Executed","10-Mar-2026 at 08:14:20 AM EDT - mw.demo@markitserv.com -  ' Trade manually affirmed '|10-Mar-2026 at 08:13:57 AM EDT - System -  ' Disputed Field(s): Fixed Rate (Dealer : 9). Status updated to Disputed '|10-Mar-2026 at 08:13:57 AM EDT - System -  ' Disputed Field(s): Fixed Rate (Client : 8).Status updated to Disputed '|","N","N","1684","42048415_1","M.BANK","IRS_Test_10032026_SC003","","Recv Fixed","42048415","10-Mar-2026 08:04:11 AM","100","USD","10-Mar-2026 08:14:24 AM","12-Mar-2027","19000000","USD","IRS","IRSW","10-Mar-2026","IRS_Test_10032026_SC003","","New","","8","","0","0","","USD-SOFR CME Term","M","10-Mar-2026","STP","","","","","C-MWIRE","","0","0","","","0","0","",
"ALLEGED","N/A","Doc(s) Req'd","10-Mar-2026 at 08:13:43 AM EDT - System -  ' Disputed Field(s): Fee 1(w/ tolerance btwn 0.0 and 8.0) (Client : USD 49), [ Allocations-->|1683:MWMF_FUND1:Fee (Client : USD 49) ].Status updated to Disputed '|10-Mar-2026 at 08:13:43 AM EDT - System -  ' Disputed Field(s): Fee 1(w/ tolerance btwn 0.0 and 8.0) (Dealer : USD 1000), [ Allocations-->|1683:MWMF_FUND1:Fee (Dealer : USD 1000) ]. Status updated to Disputed '|","N","N","1683","","M.BANK","S42048416_1","","Pay","","","49","USD","10-Mar-2026 08:13:44 AM","12-Mar-2027","913716490","USD","BSWP","BSWP","10-Mar-2026","TAUTO42048416_1","","New","","","","","","","USD-LIBOR","M","10-Mar-2026","","","","","","","","","","","","","","",
"CONFIRMED","N/A","Executed","10-Mar-2026 at 07:59:47 AM EDT - MarkitWire -  ' SettlementAgencySent '|10-Mar-2026 at 07:59:43 AM EDT - MarkitWire -  ' SettlementAgencySent '|10-Mar-2026 at 07:59:08 AM EDT - MarkitWire -  ' Allocations have been uploaded. Please affirm '|","N","N","Block","42048412_1","M.BANK","S42048412_1","","Recv Fixed","42048412","10-Mar-2026 07:59:35 AM","977","USD","10-Mar-2026 07:59:47 AM","12-Mar-2027","335790200","USD","FIXED","FIXED","10-Mar-2026","TAUTO42048412_1","","New","","3","9","","6715804","2","","M","10-Mar-2026","STP","","","","","C-MWIRE","","","","","","","","LCHSGB2L",
"CONFIRMED","N/A","Executed","10-Mar-2026 at 07:55:35 AM EDT - mw.demo@markitserv.com -  ' Trade manually affirmed '|10-Mar-2026 at 07:55:23 AM EDT - System -  ' Disputed Field(s): Fee 1(w/ tolerance btwn 0.0 and 8.0) (Dealer : USD 109), [ Allocations-->|1684:MWMF_FUND2:Fee (Dealer : USD 109) ]. Status updated to Disputed '|10-Mar-2026 at 07:55:23 AM EDT - System -  ' Disputed Field(s): Fee 1(w/ tolerance btwn 0.0 and 8.0) (Client : USD 100), [ Allocations-->|1684:MWMF_FUND2:Fee (Client : USD 100) ].Status updated to Disputed '|","N","N","1684","42048410_1","M.BANK","IRS_Test_10032026_SC001","","Recv Fixed","42048410","10-Mar-2026 07:51:35 AM","100","USD","10-Mar-2026 07:55:39 AM","12-Mar-2027","18000000","USD","IRS","IRSW","10-Mar-2026","IRS_Test_10032026_SC001","","New","","5","","0","0","","USD-SOFR CME Term","M","10-Mar-2026","STP","","","","","C-MWIRE","","0","0","","","0","0","",
"ALLEGED","N/A","Doc(s) Req'd","","N","N","1684","","M.BANK","S42048408_1","","Recv","","","488.5","USD","10-Mar-2026 07:45:34 AM","12-Mar-2036","279625.6","USD","CCBSWP","CCBSWP","10-Mar-2026","TAUTO42048408_1","","New","","","","","1600000","","EUR-EuroSTR-OIS Compound","M","10-Mar-2026","","","","","","","","","","","","","","",
"ALLOC DELIV","N/A","Doc(s) Req'd","10-Mar-2026 at 07:38:25 AM EDT - MarkitWire -  ' Allocations have been uploaded. Please affirm '|10-Mar-2026 at 07:38:24 AM EDT - vikram.singh@ihsmarkit.com -  ' Trade manually affirmed '|10-Mar-2026 at 07:38:19 AM EDT - System -  ' Disputed Field(s): Cannot upload fees where mismatch exists. Fee1 (Client : USD 977).Status updated to Disputed '|","N","N","Block","42048405_1","M.BANK","S42048405_1","","Recv","42048405","10-Mar-2026 07:37:45 AM","977","USD","10-Mar-2026 07:38:42 AM","12-Mar-2027","700380870","USD","CCIRS","CCIRS","10-Mar-2026","TAUTO42048405_1","","New","","4.2","","","","","EUR-EuroSTR-OIS Compound","M","10-Mar-2026","","","","","","","","","","","","","","LCHSGB2L",
"CONFIRMED","N/A","Executed","10-Mar-2026 at 07:36:56 AM EDT - vikram.singh@ihsmarkit.com -  ' Trade manually affirmed '|10-Mar-2026 at 07:36:56 AM EDT - vikram.singh@ihsmarkit.com -  ' Trade affirmed with fee mismatch, fee will be prorated '|10-Mar-2026 at 07:36:56 AM EDT - MarkitWire -  ' Allocations have been uploaded. Please affirm '|","N","N","Block","42048402_1","M.BANK","S42048402_1","","Buy","42048402","10-Mar-2026 07:37:25 AM","977","EUR","10-Mar-2026 07:37:34 AM","12-Mar-2027","123437550","EUR","FRA","FRA","10-Mar-2026","TAUTO42048402_1","","New","","5","","","2468751","2","EUR-EURIBOR","M","10-Mar-2026","STP","","","","","C-MWIRE","","","","","","","","",
"CONFIRMED","N/A","Executed","10-Mar-2026 at 07:36:05 AM EDT - MarkitWire -  ' SettlementAgencySent '|10-Mar-2026 at 07:36:02 AM EDT - MarkitWire -  ' SettlementAgencySent '|10-Mar-2026 at 07:35:26 AM EDT - MarkitWire -  ' Allocations have been uploaded. Please affirm '|","N","N","Block","42048399_1","M.BANK","S42048399_1","","Recv Fixed","42048399","10-Mar-2026 07:35:51 AM","977","USD","10-Mar-2026 07:36:05 AM","13-Mar-2041","165739440","USD","SWO","SWO","10-Mar-2026","TAUTO42048399_1","","New","","4","","","3314788.8","2","USD-LIBOR","M","10-Mar-2026","STP","","","","","C-MWIRE","","","","","","","","LCHSGB2L",
"CONFIRMED","N/A","Executed","10-Mar-2026 at 07:34:03 AM EDT - MarkitWire -  ' SettlementAgencySent '|10-Mar-2026 at 07:33:56 AM EDT - MarkitWire -  ' SettlementAgencySent '|10-Mar-2026 at 07:33:18 AM EDT - MarkitWire -  ' Allocations have been uploaded. Please affirm '|","N","N","Block","42048396_1","M.BANK","S42048396_1","","Recv Fixed","42048396","10-Mar-2026 07:33:47 AM","977","USD","10-Mar-2026 07:34:03 AM","12-Mar-2027","717939770","USD","IFS","IFS","10-Mar-2026","TAUTO42048396_1","","New","","6","","","14358795.4","2","USA-CPI-U","M","10-Mar-2026","STP","","","","","C-MWIRE","","","","","","","","LCHSGB2L",
"CONFIRMED","N/A","Executed","10-Mar-2026 at 07:31:42 AM EDT - MarkitWire -  ' Allocations have been uploaded. Please affirm '|10-Mar-2026 at 07:31:41 AM EDT - vikram.singh@ihsmarkit.com -  ' Trade manually affirmed '|10-Mar-2026 at 07:31:41 AM EDT - vikram.singh@ihsmarkit.com -  ' Trade affirmed with fee mismatch, fee will be prorated '|","N","N","Block","42048393_1","M.BANK","S42048393_1","","Recv Fixed","42048393","10-Mar-2026 07:32:12 AM","977","USD","10-Mar-2026 07:32:23 AM","12-Sep-2026","451398890","USD","OIS","OIS","10-Mar-2026","TAUTO42048393_1","","New","","5","","","","","USD-SOFR-OIS Compound","M","10-Mar-2026","STP","","","","","C-MWIRE","","","","","","","","",
"CONFIRMED","N/A","Executed","10-Mar-2026 at 07:30:13 AM EDT - MarkitWire -  ' Allocations have been uploaded. Please affirm '|10-Mar-2026 at 07:30:12 AM EDT - vikram.singh@ihsmarkit.com -  ' Trade affirmed with fee mismatch, fee will be prorated '|10-Mar-2026 at 07:30:12 AM EDT - vikram.singh@ihsmarkit.com -  ' Trade manually affirmed '|","N","N","Block","42048390_1","M.BANK","S42048390_1","","Pay Fixed","42048390","10-Mar-2026 07:30:42 AM","977","AUD","10-Mar-2026 07:30:52 AM","11-Sep-2026","608378400","AUD","IRS","IRSW","10-Mar-2026","TAUTO42048390_1","","New","","5","","0","0","","AUD-BBSW","M","10-Mar-2026","STP","","","","","C-MWIRE","","0","0","","","0","0","",
"CONFIRMED","N/A","Executed","10-Mar-2026 at 07:29:16 AM EDT - MarkitWire -  ' SettlementAgencySent '|10-Mar-2026 at 07:29:08 AM EDT - MarkitWire -  ' SettlementAgencySent '|10-Mar-2026 at 07:28:27 AM EDT - MarkitWire -  ' Allocations have been uploaded. Please affirm '|","N","N","Block","42048387_1","M.BANK","S42048387_1","","Pay","42048387","10-Mar-2026 07:28:55 AM","977","EUR","10-Mar-2026 07:29:16 AM","12-Mar-2027","257365920","EUR","BSWP","BSWP","10-Mar-2026","TAUTO42048387_1","","New","","","","","","","EUR-EURIBOR","M","10-Mar-2026","STP","","","","","C-MWIRE","","","","","","","","LCHSGB2L",
"CONFIRMED","N/A","Executed","10-Mar-2026 at 07:21:39 AM EDT - System -  ' Disputed Field(s): Fee 1(w/ tolerance btwn 0.0 and 8.0) (Dealer : USD 109), [ Allocations-->|1684:MWMF_FUND2:Fee (Dealer : USD 109) ]. Status updated to Disputed '|10-Mar-2026 at 07:21:39 AM EDT - System -  ' Disputed Field(s): Fee 1(w/ tolerance btwn 0.0 and 8.0) (Client : USD 100), [ Allocations-->|1684:MWMF_FUND2:Fee (Client : USD 100) ].Status updated to Disputed '|10-Mar-2026 at 07:21:39 AM EDT - MarkitWire -  ' 1684 :Disputed Field(s): Fee 1(w/ tolerance btwn 0.0 and 8.0) (Client : USD 100), [ Allocations-->|1684:MWMF_FUND2:Fee (Client : USD 100) ].Status updated to Disputed '|","N","N","1684","42048386_1","M.BANK","SJ_IRS_Test_10032026_T1","","Recv Fixed","42048386","10-Mar-2026 07:20:00 AM","105","USD","10-Mar-2026 07:22:16 AM","12-Mar-2027","12000000","USD","IRS","IRSW","10-Mar-2026","SJ_IRS_Test_10032026_T1","","New","","6","","0","0","","USD-SOFR CME Term","M","10-Mar-2026","STP","","","","","C-MWIRE","","0","0","","","0","0","",
"ALLEGED","N/A","Doc(s) Req'd","10-Mar-2026 at 07:10:25 AM EDT - System -  ' Disputed Field(s): Fee 1(w/ tolerance btwn 0.0 and 8.0) (Client : USD 100), [ Allocations-->|1684:MWMF_FUND2:Fee (Client : USD 100) ].Status updated to Disputed '|10-Mar-2026 at 07:10:25 AM EDT - System -  ' Disputed Field(s): Fee 1(w/ tolerance btwn 0.0 and 8.0) (Dealer : USD 109), [ Allocations-->|1684:MWMF_FUND2:Fee (Dealer : USD 109) ]. Status updated to Disputed '|","N","N","1684","","M.BANK","SJ_IRS_Test_10032026","","Recv Fixed","","","100","USD","10-Mar-2026 07:10:26 AM","12-Mar-2027","15000000","USD","IRS","IRSW","10-Mar-2026","SJ_IRS_Test_10032026","","New","","5","","","","","USD-SOFR CME Term","M","10-Mar-2026","","","","","","","","","","","","","","",
"CONFIRMED","N/A","Executed","10-Mar-2026 at 07:10:08 AM EDT - vikram.singh@ihsmarkit.com -  ' Trade manually affirmed '|10-Mar-2026 at 07:10:05 AM EDT - MarkitWire -  ' 1683 :Disputed Field(s): Fee 1(w/ tolerance btwn 0.0 and 8.0) (Client : USD 49), [ Allocations-->|1683:MWMF_FUND1:Fee (Client : USD 49) ].Status updated to Disputed '|10-Mar-2026 at 07:10:04 AM EDT - System -  ' Disputed Field(s): Fee 1(w/ tolerance btwn 0.0 and 8.0) (Dealer : USD 1000), [ Allocations-->|1683:MWMF_FUND1:Fee (Dealer : USD 1000) ]. Status updated to Disputed '|","N","N","1683","42048384_1","M.BANK","S42048384_1","","Recv Fixed","42048384","10-Mar-2026 07:09:29 AM","49","USD","10-Mar-2026 07:10:11 AM","12-Mar-2027","182289710","USD","IFS","IFS","10-Mar-2026","TAUTO42048384_1","","New","","6","","","3645794.2","2","USA-CPI-U","M","10-Mar-2026","STP","","","","","C-MWIRE","","","","","","","","",
"CONFIRMED","N/A","Executed","10-Mar-2026 at 07:09:25 AM EDT - MarkitWire -  ' SettlementAgencySent '|10-Mar-2026 at 07:09:08 AM EDT - vikram.singh@ihsmarkit.com -  ' Trade manually affirmed '|10-Mar-2026 at 07:09:04 AM EDT - System -  ' Disputed Field(s): Fee1(w/ tolerance btwn 0.0 and 1.0) (Client : USD 49), [ Allocations-->|1683:MWMF_FUND1:Fee1 (Client : USD 49) ].Status updated to Disputed '|","N","N","1683","42048382_1","M.BANK","S42048382_1","","Recv","42048382","10-Mar-2026 07:08:30 AM","49","USD","10-Mar-2026 07:09:25 AM","12-Mar-2027","640555230","USD","CCIRS","CCIRS","10-Mar-2026","TAUTO42048382_1","","New","","4.2","","0","0","","EUR-EuroSTR-OIS Compound","M","10-Mar-2026","STP","","","","","C-MWIRE","","0","0","","","0","0","LCHSGB2L",
"CONFIRMED","N/A","Executed","10-Mar-2026 at 07:08:09 AM EDT - vikram.singh@ihsmarkit.com -  ' Trade manually affirmed '|10-Mar-2026 at 07:08:03 AM EDT - System -  ' Disputed Field(s): Fee 1(w/ tolerance btwn 0.0 and 8.0) (Dealer : EUR 1000), [ Allocations-->|1683:MWMF_FUND1:Fee (Dealer : EUR 1000) ]. Status updated to Disputed '|10-Mar-2026 at 07:08:03 AM EDT - System -  ' Disputed Field(s): Fee 1(w/ tolerance btwn 0.0 and 8.0) (Client : EUR 49), [ Allocations-->|1683:MWMF_FUND1:Fee (Client : EUR 49) ].Status updated to Disputed '|","N","N","1683","42048381_1","M.BANK","S42048381_1","","Buy","42048381","10-Mar-2026 07:07:29 AM","49","EUR","10-Mar-2026 07:08:12 AM","12-Mar-2027","125901530","EUR","FRA","FRA","10-Mar-2026","TAUTO42048381_1","","New","","5","","","2518030.6","2","EUR-EURIBOR","M","10-Mar-2026","STP","","","","","C-MWIRE","","","","","","","","",
"ALLEGED","N/A","Doc(s) Req'd","","N","N","1683","","M.BANK","S42048380_1","","Sell","","","49","JPY","10-Mar-2026 07:01:23 AM","12-Mar-2028","1200000","JPY","CPFL","CPFL","10-Mar-2026","TAUTO42048380_1","","New","","","","","24000","2","JPY-TONA-OIS Compound","M","10-Mar-2026","","","7.5","","","","","","","","","","","",
"CONFIRMED","N/A","Executed","10-Mar-2026 at 06:53:49 AM EDT - vikram.singh@ihsmarkit.com -  ' Trade manually affirmed '|10-Mar-2026 at 06:53:44 AM EDT - System -  ' Disputed Field(s): Fee1(w/ tolerance btwn 0.0 and 1.0) (Client : AUD 49), [ Allocations-->|1683:MWMF_FUND1:Fee1 (Client : AUD 49) ].Status updated to Disputed '|10-Mar-2026 at 06:53:44 AM EDT - System -  ' Disputed Field(s): Fee1(w/ tolerance btwn 0.0 and 1.0) (Dealer : AUD 1000), [ Allocations-->|1683:MWMF_FUND1:Fee1 (Dealer : AUD 1000) ]. Status updated to Disputed '|","N","N","1683","42048378_1","M.BANK","S42048378_1","","Recv Fixed","42048378","10-Mar-2026 06:53:10 AM","49","AUD","10-Mar-2026 06:53:52 AM","10-Mar-2036","128763420","AUD","FIXED","FIXED","10-Mar-2026","TAUTO42048378_1","","New","","5","8","","2575268.4","2","","M","10-Mar-2026","STP","","","","","C-MWIRE","","","","","","","","",
"CONFIRMED","N/A","Executed","10-Mar-2026 at 06:52:50 AM EDT - vikram.singh@ihsmarkit.com -  ' Trade manually affirmed '|10-Mar-2026 at 06:52:44 AM EDT - System -  ' Disputed Field(s): Fee(w/ tolerance btwn 0.0 and 1.0) (Dealer : CAD 40), [ Allocations-->|1683:MWMF_FUND1:Fee (Dealer : CAD 40) ]. Status updated to Disputed '|10-Mar-2026 at 06:52:44 AM EDT - System -  ' Disputed Field(s): Fee(w/ tolerance btwn 0.0 and 1.0) (Client : CAD 49), [ Allocations-->|1683:MWMF_FUND1:Fee (Client : CAD 49) ].Status updated to Disputed '|","N","N","1683","42048377_1","M.BANK","S42048377_1","","Recv Fixed","42048377","10-Mar-2026 06:52:11 AM","49","CAD","10-Mar-2026 06:52:53 AM","11-Mar-2047","200000","CAD","SWO","SWO","10-Mar-2026","TAUTO42048377_1","","New","","5","","","4000","2","CAD-CORRA-OIS Compound","M","10-Mar-2026","STP","","","","","C-MWIRE","","","","","","","","",
"CONFIRMED","N/A","Executed","10-Mar-2026 at 06:51:50 AM EDT - vikram.singh@ihsmarkit.com -  ' Trade manually affirmed '|10-Mar-2026 at 06:51:45 AM EDT - MarkitWire -  ' 1683 :Disputed Field(s): Fee 1(w/ tolerance btwn 0.0 and 1.0) (Client : USD 49),Fee 1 Direction (Client : Pay), [ Allocations-->|1683:MWMF_FUND1:Fee (Client : USD 49) ].Status updated to Disputed '|10-Mar-2026 at 06:51:44 AM EDT - System -  ' Disputed Field(s): Fee 1(w/ tolerance btwn 0.0 and 1.0) (Dealer : USD 0),Fee 1 Direction (Dealer : NOT PROVIDED), [ Allocations-->|1683:MWMF_FUND1:Fee (Dealer : USD 0.0) ]. Status updated to Disputed '|","N","N","1683","42048376_1","M.BANK","S42048376_1","","Recv Fixed","42048376","10-Mar-2026 06:51:11 AM","49","USD","10-Mar-2026 06:51:53 AM","12-Mar-2041","176337470","USD","IFS","IFS","10-Mar-2026","TAUTO42048376_1","","New","","6","","","3526749.4","2","USA-CPI-U","M","10-Mar-2026","STP","","","","","C-MWIRE","","","","","","","","",
"CONFIRMED","N/A","Executed","10-Mar-2026 at 06:50:50 AM EDT - vikram.singh@ihsmarkit.com -  ' Trade manually affirmed '|10-Mar-2026 at 06:50:44 AM EDT - System -  ' Disputed Field(s): Fee 1(w/ tolerance btwn 0.0 and 1.0) (Client : USD 49),Fee 1 Direction (Client : Pay), [ Allocations-->|1683:MWMF_FUND1:Fee (Client : USD 49) ].Status updated to Disputed '|10-Mar-2026 at 06:50:44 AM EDT - System -  ' Disputed Field(s): Fee 1(w/ tolerance btwn 0.0 and 1.0) (Dealer : USD 0),Fee 1 Direction (Dealer : NOT PROVIDED), [ Allocations-->|1683:MWMF_FUND1:Fee (Dealer : USD 0.0) ]. Status updated to Disputed '|","N","N","1683","42048375_1","M.BANK","S42048375_1","","Pay Fixed","42048375","10-Mar-2026 06:50:10 AM","49","USD","10-Mar-2026 06:50:54 AM","12-Mar-2036","591693620","USD","IRS","IRSW","10-Mar-2026","TAUTO42048375_1","","New","","5.2","","0","0","","USD-SOFR CME Term","M","10-Mar-2026","STP","","","","","C-MWIRE","","0","0","","","0","0","",
"CONFIRMED","N/A","Executed","10-Mar-2026 at 06:49:49 AM EDT - vikram.singh@ihsmarkit.com -  ' Trade manually affirmed '|10-Mar-2026 at 06:49:46 AM EDT - MarkitWire -  ' 1683 :Disputed Field(s): Fee 1(w/ tolerance btwn 0.0 and 1.0) (Client : USD 49), [ Allocations-->|1683:MWMF_FUND1:Fee (Client : USD 49) ].Status updated to Disputed '|10-Mar-2026 at 06:49:45 AM EDT - System -  ' Disputed Field(s): Fee 1(w/ tolerance btwn 0.0 and 1.0) (Client : USD 49), [ Allocations-->|1683:MWMF_FUND1:Fee (Client : USD 49) ].Status updated to Disputed '|","N","N","1683","42048374_1","M.BANK","S42048374_1","","Pay Fixed","42048374","10-Mar-2026 06:49:10 AM","49","USD","10-Mar-2026 06:49:54 AM","12-Mar-2041","598826810","USD","IRS","IRSW","10-Mar-2026","TAUTO42048374_1","","New","","5.2","","0","11976536.2","2","USD-SOFR CME Term","M","10-Mar-2026","STP","","","","","C-MWIRE","","0","0","","","0","0","",
"CONFIRMED","N/A","Executed","10-Mar-2026 at 06:48:49 AM EDT - vikram.singh@ihsmarkit.com -  ' Trade manually affirmed '|10-Mar-2026 at 06:48:44 AM EDT - System -  ' Disputed Field(s): Fee 1(w/ tolerance btwn 0.0 and 1.0) (Client : USD 49), [ Allocations-->|1683:MWMF_FUND1:Fee (Client : USD 49) ].Status updated to Disputed '|10-Mar-2026 at 06:48:44 AM EDT - System -  ' Disputed Field(s): Fee 1(w/ tolerance btwn 0.0 and 1.0) (Dealer : USD 1000), [ Allocations-->|1683:MWMF_FUND1:Fee (Dealer : USD 1000) ]. Status updated to Disputed '|","N","N","1683","42048373_1","M.BANK","S42048373_1","","Pay","42048373","10-Mar-2026 06:48:09 AM","49","USD","10-Mar-2026 06:48:52 AM","12-Mar-2027","468647790","USD","BSWP","BSWP","10-Mar-2026","TAUTO42048373_1","","New","","","","","","","USD-LIBOR","M","10-Mar-2026","STP","","","","","C-MWIRE","","","","","","","","",
"CONFIRMED","N/A","Executed","10-Mar-2026 at 06:47:28 AM EDT - vikram.singh@ihsmarkit.com -  ' Trade manually affirmed '|10-Mar-2026 at 06:47:24 AM EDT - System -  ' Disputed Field(s): Fee 1(w/ tolerance btwn 0.0 and 1.0) (Client : USD 49), [ Allocations-->|1683:MWMF_FUND1:Fee (Client : USD 49) ].Status updated to Disputed '|10-Mar-2026 at 06:47:24 AM EDT - System -  ' Disputed Field(s): Fee 1(w/ tolerance btwn 0.0 and 1.0) (Dealer : USD 1000), [ Allocations-->|1683:MWMF_FUND1:Fee (Dealer : USD 1000) ]. Status updated to Disputed '|","N","N","1683","42048372_1","M.BANK","S42048372_1","","Pay Fixed","42048372","10-Mar-2026 06:46:49 AM","49","USD","10-Mar-2026 06:47:32 AM","12-Mar-2041","777564590","USD","IRS","IRSW","10-Mar-2026","TAUTO42048372_1","","New","","5.2","","0","15551291.8","2","USD-SOFR CME Term","M","10-Mar-2026","STP","","","","","C-MWIRE","","0","0","","","0","0","",
"CONFIRMED","N/A","Executed","10-Mar-2026 at 06:46:29 AM EDT - vikram.singh@ihsmarkit.com -  ' Trade manually affirmed '|10-Mar-2026 at 06:46:23 AM EDT - MarkitWire -  ' 1683 :Disputed Field(s): Fee 1(w/ tolerance btwn 0.0 and 1.0) (Client : USD 49), [ Allocations-->|1683:MWMF_FUND1:Fee (Client : USD 49) ].Status updated to Disputed '|10-Mar-2026 at 06:46:22 AM EDT - System -  ' Disputed Field(s): Fee 1(w/ tolerance btwn 0.0 and 1.0) (Client : USD 49), [ Allocations-->|1683:MWMF_FUND1:Fee (Client : USD 49) ].Status updated to Disputed '|","N","N","1683","42048371_1","M.BANK","S42048371_1","","Pay","42048371","10-Mar-2026 06:45:45 AM","49","USD","10-Mar-2026 06:46:32 AM","12-Mar-2027","662953210","USD","BSWP","BSWP","10-Mar-2026","TAUTO42048371_1","","New","","","","","","","USD-LIBOR","M","10-Mar-2026","STP","","","","","C-MWIRE","","","","","","","","",
"CONFIRMED","N/A","Executed","10-Mar-2026 at 06:44:45 AM EDT - vikram.singh@ihsmarkit.com -  ' Trade manually affirmed '|10-Mar-2026 at 06:44:40 AM EDT - MarkitWire -  ' 1683 :Disputed Field(s): Fee 1(w/ tolerance btwn 0.0 and 1.0) (Client : USD 49), [ Allocations-->|1683:MWMF_FUND1:Fee (Client : USD 49) ].Status updated to Disputed '|10-Mar-2026 at 06:44:39 AM EDT - System -  ' Disputed Field(s): Fee 1(w/ tolerance btwn 0.0 and 1.0) (Client : USD 49), [ Allocations-->|1683:MWMF_FUND1:Fee (Client : USD 49) ].Status updated to Disputed '|","N","N","1683","42048370_1","M.BANK","S42048370_1","","Pay Fixed","42048370","10-Mar-2026 06:44:01 AM","49","USD","10-Mar-2026 06:44:51 AM","12-Mar-2041","190203660","USD","IRS","IRSW","10-Mar-2026","TAUTO42048370_1","","New","","5.2","","0","3804073.2","2","USD-SOFR CME Term","M","10-Mar-2026","STP","","","","","C-MWIRE","","0","0","","","0","0","",
"ALLEGED","N/A","Doc(s) Req'd","10-Mar-2026 at 06:26:55 AM EDT - System -  ' Disputed Field(s): Fee 1(w/ tolerance btwn 0.0 and 1.0) (Dealer : USD 109), [ Allocations-->|1684:MWMF_FUND2:Fee (Dealer : USD 109) ]. Status updated to Disputed '|10-Mar-2026 at 06:26:55 AM EDT - System -  ' Disputed Field(s): Fee 1(w/ tolerance btwn 0.0 and 1.0) (Client : USD 100), [ Allocations-->|1684:MWMF_FUND2:Fee (Client : USD 100) ].Status updated to Disputed '|10-Mar-2026 at 06:26:55 AM EDT - mw.demo@markitserv.com -  ' Trade manually linked '|","N","N","1684","","M.BANK","AP_IRS_Test_10032026","","Recv Fixed","","","100","USD","10-Mar-2026 06:26:56 AM","12-Mar-2027","14000000","USD","IRS","IRSW","10-Mar-2026","AP_IRS_Test_10032026","","New","","5","","","","","USD-SOFR CME Term","M","10-Mar-2026","","","","","","","","","","","","","","",
"ALLEGED","N/A","Doc(s) Req'd","10-Mar-2026 at 06:22:25 AM EDT - System -  ' Disputed Field(s): Fee 1(w/ tolerance btwn 0.0 and 1.0) (Dealer : USD 100), [ Allocations-->|1683:MWMF_FUND1:Fee (Dealer : USD 100) ]. Status updated to Disputed '|10-Mar-2026 at 06:22:25 AM EDT - System -  ' Disputed Field(s): Fee 1(w/ tolerance btwn 0.0 and 1.0) (Client : USD 120), [ Allocations-->|1683:MWMF_FUND1:Fee (Client : USD 120) ].Status updated to Disputed '|10-Mar-2026 at 06:22:25 AM EDT - mw.demo@markitserv.com -  ' Trade manually linked '|","N","N","1683","","M.BANK","AP_IRS_Test_10032026_DemoC_2","","Recv Fixed","","","120","USD","10-Mar-2026 06:22:26 AM","12-Mar-2027","16000000","USD","IRS","IRSW","10-Mar-2026","AP_IRS_Test_10032026_DemoC_2","","New","","8","","","","","USD-SOFR CME Term","M","10-Mar-2026","","","","","","","","","","","","","","",
"ALLEGED","N/A","Doc(s) Req'd","10-Mar-2026 at 06:12:13 AM EDT - System -  ' Disputed Field(s): Fee 1(w/ tolerance btwn 0.0 and 1.0) (Dealer : USD 140), [ Allocations-->|1684:Account Id (Dealer : no matching account) ]. Status updated to Disputed '|10-Mar-2026 at 06:12:13 AM EDT - System -  ' Disputed Field(s): Fee 1(w/ tolerance btwn 0.0 and 1.0) (Client : USD 120), [ Allocations-->Account Ids ].Status updated to Disputed '|10-Mar-2026 at 06:12:13 AM EDT - mw.demo@markitserv.com -  ' Trade manually linked '|","N","N","1683","","M.BANK","AP_IRS_Test_10032026_DemoC_1","","Recv Fixed","","10-Mar-2026 06:10:58 AM","120","USD","10-Mar-2026 06:17:11 AM","12-Mar-2027","16000000","USD","IRS","IRSW","10-Mar-2026","AP_IRS_Test_10032026_DemoC_1","","New","","8","","","","","USD-SOFR CME Term","M","10-Mar-2026","","","","","","","","","","","","","","",
"CONFIRMED","N/A","Executed","10-Mar-2026 at 06:09:09 AM EDT - mw.demo@markitserv.com -  ' Trade manually affirmed '|10-Mar-2026 at 06:07:04 AM EDT - System -  ' Disputed Field(s): Fee 1(w/ tolerance btwn 0.0 and 1.0) (Client : USD 120), [ Allocations-->Account Ids ].Status updated to Disputed '|10-Mar-2026 at 06:07:04 AM EDT - System -  ' Disputed Field(s): Fee 1(w/ tolerance btwn 0.0 and 1.0) (Dealer : USD 100), [ Allocations-->|1684:Account Id (Dealer : no matching account) ]. Status updated to Disputed '|","N","N","1684","42048364_1","M.BANK","AP_IRS_Test_10032026_DemoC","","Recv Fixed","42048364","10-Mar-2026 06:03:59 AM","120","USD","10-Mar-2026 06:09:16 AM","12-Mar-2027","16000000","USD","IRS","IRSW","10-Mar-2026","AP_IRS_Test_10032026_DemoC","","New","","8","","0","0","","USD-SOFR CME Term","M","10-Mar-2026","STP","","","","","C-MWIRE","","0","0","","","0","0","",
"ALLEGED","N/A","Doc(s) Req'd","","N","N","1684","","M.BANK","IRS_Test_10032026_DemoC_test1","","Recv Fixed","","","100","USD","10-Mar-2026 05:43:32 AM","12-Mar-2027","16000000","USD","IRS","IRSW","10-Mar-2026","IRS_Test_10032026_DemoC_test1","","New","","8","","","","","USD-SOFR CME Term","M","10-Mar-2026","","","","","","","","","","","","","","",
"CPTY ALLEGED","N/A","Doc(s) Req'd","10-Mar-2026 at 04:50:14 AM EDT - MarkitWire -  ' MarkitWire Template Changed for fields : BO Side Letter, Futures Price Valuation '|","N","N","MWMF_FUND1","42014703_2","M.BANK","","Americas Master EQ IN OP","Buy","42014703","28-Jan-2026 11:55:19 PM","3228343500","USD","10-Mar-2026 04:50:14 AM","15-Sep-2027","0","USD","EQO","EQO","29-Jan-2026","A42014703_1_2_01292026_E","","F.Exer","","","","0","0","",".SPXAV10P","","29-Jan-2026","STP","two-way","15","Qty 129133740","","","1","0","0","","","0","0","",
"CPTY ALLEGED","N/A","Doc(s) Req'd","","N","N","MWMF_FUND1","42046738_2","M.BANK","","","","42046738","","0","","10-Mar-2026 04:48:20 AM","","0","","REPU","Repurchase","07-Mar-2026","","","Cancel","","","","0","0","","","","07-Mar-2026","STP","two-way","","","","","","141438300","0","1","","100000","0","",
"CPTY ALLEGED","N/A","Doc(s) Req'd","","N","N","MWMF_FUND1","41983952_1","M.BANK","","","","41983952","","0","","10-Mar-2026 04:48:09 AM","","0","","REPU","Repurchase","06-Jan-2026","","","New","","","","0","0","","","","06-Jan-2026","STP","two-way","","","","","","661885160","0","1","","100000","0","",
"CPTY ALLEGED","N/A","Doc(s) Req'd","","N","N","MWMF_FUND1","42042178_2","M.BANK","","OIS USD 1y","Pay Fixed","42042178","02-Mar-2026 06:35:15 AM","0","USD","10-Mar-2026 04:47:39 AM","04-Mar-2027","974462390","USD","OIS","IRS","02-Mar-2026","A42042178_1_2_03022026_E","","F.Exer","","5.2","","0","0","","USD-SOFR-OIS Compound","","02-Mar-2026","STP","two-way","","","","","","0","0","","","0","0","",
"CPTY ALLEGED","N/A","Doc(s) Req'd","","N","N","Block","42044299_1","M.BANK","","Cross Currency IRS USD v EUR 1Y","Pay","42044299","06-Mar-2026 01:44:25 AM","1000","USD","10-Mar-2026 04:47:35 AM","10-Mar-2027","329077290","USD","CCIRS","IRS","06-Mar-2026","","","New","","4","","0","6581545.8","2","EUR-EONIA-OIS Compound","","06-Mar-2026","STP","two-way","","","","","","0","0","","","0","0","LCHSGB2L",
"CPTY ALLEGED","N/A","Doc(s) Req'd","","N","N","MWMF_FUND1","42043912_2","M.BANK","","","","42043912","","0","","10-Mar-2026 04:47:28 AM","12-Mar-2026","0","","BYSE","BuySellback","06-Mar-2026","","","Amend","A","","","0","0","","","","06-Mar-2026","STP","two-way","","","","","","1000","821472190","1","","0","100","",
"CPTY ALLEGED","N/A","Doc(s) Req'd","","N","N","MWMF_FUND1","41999606_1","M.BANK","","Cliquet Master EQ IN OP","Buy","41999606","19-Jan-2026 07:45:55 AM","5000","USD","10-Mar-2026 04:46:34 AM","03-Jun-2027","860122020","USD","EQO","EQO","19-Jan-2026","","","New","","","","0","0","",".SPX","","19-Jan-2026","STP","two-way","12","Qty 0","","","1","0","0","","","0","0","",
"CPTY ALLEGED","N/A","Doc(s) Req'd","","N","N","Block","41969286_1","M.BANK","","","","41969286","","0","","10-Mar-2026 04:46:17 AM","28-Dec-2025","0","","BYSE","BuySellback","22-Dec-2025","","","New","","","","0","0","","","","22-Dec-2025","STP","two-way","","","","","","1000","228492770","","10","0","100","",
"CPTY ALLEGED","N/A","Doc(s) Req'd","","N","N","Block","41987318_1","M.BANK","","","","41987318","","0","","10-Mar-2026 04:46:00 AM","15-Jan-2026","0","","BYSE","BuySellback","09-Jan-2026","","","New","","","","0","0","","","","09-Jan-2026","STP","two-way","","","","","","1000","640898060","","10","100000","0","",
"CPTY ALLEGED","N/A","Doc(s) Req'd","","N","N","MWMF_FUND1","42002910_1","M.BANK","","Basis Swap EUR 15Y","Recv","42002910","21-Jan-2026 09:13:25 PM","1000","EUR","10-Mar-2026 04:44:52 AM","26-Jan-2041","271472360","EUR","BSWP","BSWP","22-Jan-2026","","","New","","","","0","5429447.2","2","EUR-EURIBOR","","22-Jan-2026","STP","two-way","","","","","","0","0","","","0","0","",
"CPTY ALLEGED","N/A","Doc(s) Req'd","17-Dec-2025 at 05:29:49 PM EST - MarkitWire -  ' Deal is currently under review '|","N","N","MWMF_FUND1","41965231_1","M.BANK","","","","41965231","","0","","10-Mar-2026 04:44:45 AM","24-Dec-2025","0","","BYSE","BuySellback","18-Dec-2025","","","New","","","","0","0","","","","18-Dec-2025","STP","two-way","","","","","","1000","621088950","10","","100000","0","",
"CPTY ALLEGED","N/A","Doc(s) Req'd","","N","N","MWMF_FUND1","42032578_1","M.BANK","","OIS USD 1y (Exercise of Swaption 42032577)","Pay Fixed","42032578","16-Feb-2026 12:32:34 PM","0","USD","10-Mar-2026 04:43:44 AM","18-Feb-2028","201055940","USD","OIS","IRS","16-Feb-2026","","","New","","4","","0","0","","USD-SOFR-OIS Compound","","16-Feb-2026","STP","two-way","","","","","","0","0","","","0","0","",
"CPTY ALLEGED","N/A","Doc(s) Req'd","","N","N","Block","41992383_1","M.BANK","","","","41992383","","0","","10-Mar-2026 04:43:16 AM","","0","","REPU","Repurchase","14-Jan-2026","","","New","","","","0","0","","","","14-Jan-2026","STP","two-way","","","","","","532061860","0","","10","0","100","",
"CPTY ALLEGED","N/A","Doc(s) Req'd","","N","N","MWMF_FUND1","41977039_2","M.BANK","","","","41977039","","0","","10-Mar-2026 04:42:53 AM","05-Jan-2026","0","","BYSE","BuySellback","29-Dec-2025","","","Cancel","","","","0","0","","","","29-Dec-2025","STP","two-way","","","","","","1000","935957150","1","","10000","0","",
"CPTY ALLEGED","N/A","Doc(s) Req'd","","N","N","MWMF_FUND1","42032337_1","M.BANK","","Americas Master EQ IN OP","Buy","42032337","16-Feb-2026 10:32:27 AM","10304428800","USD","10-Mar-2026 04:42:28 AM","15-Sep-2026","0","USD","EQO","EQO","16-Feb-2026","","","New","","","","0","0","",".SPXAV10P","","16-Feb-2026","STP","two-way","10","Qty 515221440","","","1","0","0","","","0","0","",
"CPTY ALLEGED","N/A","Doc(s) Req'd","","N","N","Block","42000717_1","M.BANK","","Cross Currency IRS USD v EUR 1Y","Pay","42000717","20-Jan-2026 02:22:33 AM","1000","USD","10-Mar-2026 04:41:54 AM","22-Jan-2027","314403570","USD","CCIRS","IRS","20-Jan-2026","","","New","","4.2","","0","6288071.4","2","EUR-EuroSTR-OIS Compound","","20-Jan-2026","STP","two-way","","","","","","0","0","","","0","0","LCHSGB2L",
"CPTY ALLEGED","N/A","Doc(s) Req'd","","N","N","Block","42009029_1","M.BANK","","","","42009029","","0","","10-Mar-2026 04:41:44 AM","","0","","REPU","Repurchase","27-Jan-2026","","","New","","","","0","0","","","","27-Jan-2026","STP","two-way","","","","","","461972970","0","","10","100000","0","",
"CPTY ALLEGED","N/A","Doc(s) Req'd","04-Jan-2026 at 06:27:12 PM EST - MarkitWire -  ' Deal is currently under review '|","N","N","MWMF_FUND1","41982451_1","M.BANK","","","","41982451","","0","","10-Mar-2026 04:40:32 AM","23-Feb-2026","0","","REPU","Repurchase","05-Jan-2026","","","New","","","","0","0","","","","05-Jan-2026","STP","two-way","","","","","","559531630","383894110","12","","0","100","",
"CPTY ALLEGED","N/A","Doc(s) Req'd","","N","N","MWMF_FUND1","41945004_1","M.BANK","","","","41945004","","0","","10-Mar-2026 04:40:21 AM","11-Nov-2025","0","","BYSE","BuySellback","04-Nov-2025","","","New","","","","0","0","","","","04-Nov-2025","STP","two-way","","","","","","1000","882300890","1","","0","100","",
"CPTY ALLEGED","N/A","Doc(s) Req'd","02-Mar-2026 at 12:40:29 AM EST - MarkitWire -  ' Deal is currently under review '|","N","N","MWMF_FUND1","42041997_1","M.BANK","","","","42041997","","0","","10-Mar-2026 04:39:36 AM","09-Mar-2026","0","","BYSE","BuySellback","02-Mar-2026","","","New","","","","0","0","","","","02-Mar-2026","STP","two-way","","","","","","1000","308454650","10","","100000","0","",
"CPTY ALLEGED","N/A","Doc(s) Req'd","","N","N","MWMF_FUND1","41977010_1","M.BANK","","","","41977010","","0","","10-Mar-2026 04:33:56 AM","","0","","REPU","Repurchase","29-Dec-2025","","","New","","","","0","0","","","","29-Dec-2025","STP","two-way","","","","","","288775700","0","1","","100000","0","",
"CPTY ALLEGED","N/A","Doc(s) Req'd","","N","N","MWMF_FUND1","42032819_1","M.BANK","","Basis Swap EUR 1Y","Recv","42032819","16-Feb-2026 02:13:24 PM","1000","EUR","10-Mar-2026 04:33:30 AM","19-Feb-2027","393542720","EUR","BSWP","BSWP","17-Feb-2026","","","New","","","","0","7870854.4","2","EUR-EURIBOR","","17-Feb-2026","STP","two-way","","","","","","0","0","","","0","0","",
"CPTY ALLEGED","N/A","Doc(s) Req'd","","N","N","Block","42047466_1","M.BANK","","Cross Currency IRS USD v EUR 1Y","Pay","42047466","08-Mar-2026 08:03:20 PM","1000","USD","10-Mar-2026 04:33:27 AM","11-Mar-2027","930243870","USD","CCIRS","IRS","09-Mar-2026","","","New","","4","","0","18604877.4","2","EUR-EONIA-OIS Compound","","09-Mar-2026","STP","two-way","","","","","","0","0","","","0","0","LCHSGB2L",
"CPTY ALLEGED","IFC-LCH_EUR","Doc(s) Req'd","","N","N","MWMF_FUND1","42006661_1","M.BANK","","ZC Inflation Swap USD 1Y","Pay Fixed","42006661","24-Jan-2026 06:52:35 PM","0","USD","10-Mar-2026 04:24:07 AM","27-Jan-2027","966124900","USD","IFS","IFS","25-Jan-2026","","","New","","5.2","","0","0","","USA-CPI-U","","25-Jan-2026","STP","two-way","","","","","","0","0","","","0","0","",
"CPTY ALLEGED","N/A","Doc(s) Req'd","","N","N","MWMF_FUND1","42047259_2","A.BANK","","IRS USD 1Y","Recv Fixed","42047259","07-Mar-2026 09:52:08 PM","0","USD","10-Mar-2026 04:23:37 AM","10-Mar-2027","711572180","USD","IRS","IRS","07-Mar-2026","A42047257_1_2_03072026_U","","F.Term","","5.2","","0","0","","USD-SOFR CME Term","","07-Mar-2026","STP","two-way","","","","","","0","0","","","0","0","",
"CPTY ALLEGED","N/A","Doc(s) Req'd","","N","N","MWMF_FUND1","42034179_1","M.BANK","","IRS CAD 1Y","Recv Fixed","42034179","17-Feb-2026 04:45:53 AM","1000","CAD","10-Mar-2026 04:22:57 AM","17-Feb-2027","605451770","CAD","IRS","IRS","17-Feb-2026","","","New","","8.2","","0","12109035.4","","CAD-CDOR","","17-Feb-2026","STP","two-way","","","","","","0","0","","","0","0","",
"CPTY ALLEGED","N/A","Doc(s) Req'd","","N","N","MWMF_FUND1","42042300_2","M.BANK","","OIS USD 1y","Pay Fixed","42042300","02-Mar-2026 08:41:21 AM","0","USD","10-Mar-2026 04:22:18 AM","04-Mar-2027","734489390","USD","OIS","IRS","02-Mar-2026","A42042300_1_2_03022026_E","","F.Exer","","5.2","","0","0","","USD-SOFR-OIS Compound","","02-Mar-2026","STP","two-way","","","","","","0","0","","","0","0","",
"CPTY ALLEGED","N/A","Doc(s) Req'd","","N","N","MWMF_FUND1","42047792_2","M.BANK","","","","42047792","","0","","10-Mar-2026 04:21:28 AM","","0","","REPU","Repurchase","09-Mar-2026","","","Rerate","","","","0","0","","","","09-Mar-2026","STP","two-way","","","","","","850397260","0","","10","0","100","",
"CPTY ALLEGED","IFC-LCH_EUR","Doc(s) Req'd","","N","N","Block","42010905_1","M.BANK","","IRS AUD 15Y","Recv Fixed","42010905","27-Jan-2026 04:34:35 PM","0","AUD","10-Mar-2026 04:21:00 AM","29-Jan-2041","203959580","AUD","IRS","IRS","28-Jan-2026","","","New","","5.2","","0","0","","AUD-BBSW","","28-Jan-2026","STP","two-way","","","","","","0","0","","","0","0","",
"CPTY ALLEGED","N/A","Doc(s) Req'd","","N","N","Block","42020699_1","M.BANK","","Basis Swap EUR 1Y","Recv","42020699","03-Feb-2026 06:17:10 AM","1000","EUR","10-Mar-2026 04:20:05 AM","05-Feb-2027","555987140","EUR","BSWP","BSWP","03-Feb-2026","","","New","","","","0","11119742.8","2","EUR-EURIBOR","","03-Feb-2026","STP","two-way","","","","","","0","0","","","0","0","",
"CPTY ALLEGED","N/A","Doc(s) Req'd","","N","N","Block","42036425_1","M.BANK","","Cross Currency Basis Swap EUR v USD 10Y","Pay","42036425","20-Feb-2026 01:40:00 AM","2400","USD","10-Mar-2026 04:19:27 AM","24-Feb-2036","899064","USD","CCBSWP","BSWP","20-Feb-2026","","","New","","","","0","4000000","444","EUR-EuroSTR-OIS Compound","","20-Feb-2026","STP","two-way","","","","","","0","0","","","0","0","",
"CPTY ALLEGED","N/A","Doc(s) Req'd","","N","N","MWMF_FUND1","41924942_1","M.BANK","","","","41924942","","0","","10-Mar-2026 04:19:25 AM","","0","","REPU","Repurchase","04-Sep-2025","","","New","","","","0","0","","","","04-Sep-2025","STP","two-way","","","","","","430470500","0","1","","100000","0","",
"CPTY ALLEGED","N/A","Doc(s) Req'd","","N","N","Block","42009367_1","M.BANK","","Cross Currency Basis Swap EUR v USD 10Y","Pay","42009367","26-Jan-2026 08:39:31 PM","2400","USD","10-Mar-2026 04:19:20 AM","29-Jan-2036","899064","USD","CCBSWP","BSWP","27-Jan-2026","","","New","","","","0","4000000","444","EUR-EuroSTR-OIS Compound","","27-Jan-2026","STP","two-way","","","","","","0","0","","","0","0","LCHSGB2L",
"CPTY ALLEGED","N/A","Doc(s) Req'd","","N","N","Block","41997731_1","M.BANK","","","","41997731","","0","","10-Mar-2026 04:19:10 AM","","0","","REPU","Repurchase","19-Jan-2026","","","New","","","","0","0","","","","19-Jan-2026","STP","two-way","","","","","","574347490","0","","10","0","100","",
"CPTY ALLEGED","N/A","Doc(s) Req'd","18-Feb-2026 at 11:51:02 PM EST - MarkitWire -  ' Deal is currently under review '|","N","N","MWMF_FUND1","42035591_1","M.BANK","","","","42035591","","0","","10-Mar-2026 04:18:43 AM","26-Feb-2026","0","","BYSE","BuySellback","19-Feb-2026","","","New","","","","0","0","","","","19-Feb-2026","STP","two-way","","","","","","1000","692222740","10","","100000","0","",
"CPTY ALLEGED","N/A","Doc(s) Req'd","","N","N","Block","42009002_1","M.BANK","","","","42009002","","0","","10-Mar-2026 04:18:13 AM","","0","","REPU","Repurchase","27-Jan-2026","","","New","","","","0","0","","","","27-Jan-2026","STP","two-way","","","","","","758826890","0","","10","0","100","",
"CPTY ALLEGED","N/A","Doc(s) Req'd","16-Jan-2026 at 07:12:49 PM EST - MarkitWire -  ' Deal is currently under review '|","N","N","MWMF_FUND1","41996275_1","M.BANK","","","","41996275","","0","","10-Mar-2026 04:17:38 AM","08-Mar-2026","0","","REPU","Repurchase","17-Jan-2026","","","New","","","","0","0","","","","17-Jan-2026","STP","two-way","","","","","","934702650","597853160","12","","0","100","",
"CPTY ALLEGED","N/A","Doc(s) Req'd","","N","N","MWMF_FUND1","42014869_1","M.BANK/A.BANK","","IRS USD 15Y","Recv Fixed","42014869","","1000","USD","10-Mar-2026 04:17:33 AM","02-Feb-2041","516964476","USD","IRS","IRS","29-Jan-2026","","","New","","5.2","","0","0","","USD-SOFR CME Term","","29-Jan-2026","STP","two-way","","","","","","0","0","","","0","0","",
"CPTY ALLEGED","N/A","Doc(s) Req'd","24-Jan-2026 at 07:45:37 PM EST - MarkitWire -  ' Deal is currently under review '|","N","N","MWMF_FUND1","42006692_1","M.BANK","","","","42006692","","0","","10-Mar-2026 04:17:05 AM","01-Feb-2026","0","","BYSE","BuySellback","25-Jan-2026","","","New","","","","0","0","","","","25-Jan-2026","STP","two-way","","","","","","1000","410848960","10","","100000","0","",
"CPTY ALLEGED","N/A","Doc(s) Req'd","08-Mar-2026 at 08:15:06 PM EDT - MarkitWire -  ' Deal is currently under review '|","N","N","MWMF_FUND1","42047478_1","M.BANK","","","","42047478","","0","","10-Mar-2026 04:16:53 AM","28-Apr-2026","0","","REPU","Repurchase","09-Mar-2026","","","New","","","","0","0","","","","09-Mar-2026","STP","two-way","","","","","","144006130","565035760","12","","0","100","",
"CPTY ALLEGED","N/A","Doc(s) Req'd","","N","N","Block","42023109_1","M.BANK","","OIS USD 1y","Pay Fixed","42023109","05-Feb-2026 05:49:35 PM","0","USD","10-Mar-2026 04:16:16 AM","10-Feb-2027","542490960","USD","OIS","IRS","06-Feb-2026","","","New","","5.2","","0","0","","USD-SOFR-OIS Compound","","06-Feb-2026","STP","two-way","","","","","","0","0","","","0","0","",
"CPTY ALLEGED","N/A","Doc(s) Req'd","","N","N","Block","42014738_1","M.BANK","","Cross Currency IRS USD v EUR 1Y","Pay","42014738","29-Jan-2026 12:10:19 AM","1000","USD","10-Mar-2026 04:16:02 AM","02-Feb-2027","964044610","USD","CCIRS","IRS","29-Jan-2026","","","New","","4","","0","19280892.2","2","EUR-EONIA-OIS Compound","","29-Jan-2026","STP","two-way","","","","","","0","0","","","0","0","LCHSGB2L",
"CPTY ALLEGED","IFC-LCH_EUR","Doc(s) Req'd","","N","N","Block","42003357_1","M.BANK","","IRS AUD 15Y","Recv Fixed","42003357","22-Jan-2026 04:24:43 AM","0","AUD","10-Mar-2026 04:15:42 AM","23-Jan-2041","449940940","AUD","IRS","IRS","22-Jan-2026","","","New","","5.2","","0","0","","AUD-BBSW","","22-Jan-2026","STP","two-way","","","","","","0","0","","","0","0","",
"CPTY ALLEGED","N/A","Doc(s) Req'd","","N","N","MWMF_FUND1","41977011_1","M.BANK","","","","41977011","","0","","10-Mar-2026 04:15:34 AM","05-Jan-2026","0","","BYSE","BuySellback","29-Dec-2025","","","New","","","","0","0","","","","29-Dec-2025","STP","two-way","","","","","","1000","986656220","1","","0","100","",
"CPTY ALLEGED","N/A","Doc(s) Req'd","","N","N","Block","41996653_1","M.BANK","","","","41996653","","0","","10-Mar-2026 04:15:31 AM","24-Jan-2026","0","","BYSE","BuySellback","18-Jan-2026","","","New","","","","0","0","","","","18-Jan-2026","STP","two-way","","","","","","1000","395862070","","10","100000","0","",
"CPTY ALLEGED","N/A","Doc(s) Req'd","","N","N","Block","42009076_1","M.BANK","","IRS GBP 1Y","Recv Fixed","42009076","26-Jan-2026 06:52:08 PM","0","GBP","10-Mar-2026 04:14:23 AM","27-Jan-2027","857072370","GBP","IRS","IRS","27-Jan-2026","","","New","","5.2","","0","0","","GBP-LIBOR","","27-Jan-2026","STP","two-way","","","","","","0","0","","","0","0","",
"CPTY ALLEGED","N/A","Doc(s) Req'd","","N","N","MWMF_FUND1","41977036_1","M.BANK","","","","41977036","","0","","10-Mar-2026 04:13:49 AM","14-Oct-2299","0","","REPU","Repurchase","29-Dec-2025","","","New","","","","0","0","","","","29-Dec-2025","STP","two-way","","","","","","454601390","206035370","12","","5000000","0","",
"CPTY ALLEGED","N/A","Doc(s) Req'd","","N","N","MWMF_FUND1","42043288_2","M.BANK","","","","42043288","","0","","10-Mar-2026 04:13:05 AM","11-Mar-2026","0","","BYSE","BuySellback","05-Mar-2026","","","Amend","A","","","0","0","","","","05-Mar-2026","STP","two-way","","","","","","1000","790038860","1","","0","100","",
"CPTY ALLEGED","IFC-LCH_EUR","Doc(s) Req'd","","N","N","MWMF_FUND1","42018453_1","M.BANK","","ZC Inflation Swap USD 1Y","Pay Fixed","42018453","01-Feb-2026 06:23:49 PM","0","USD","10-Mar-2026 04:12:32 AM","04-Feb-2027","858314260","USD","IFS","IFS","02-Feb-2026","","","New","","5.2","","0","0","","USA-CPI-U","","02-Feb-2026","STP","two-way","","","","","","0","0","","","0","0","",
"CPTY ALLEGED","IFC-LCH_EUR","Doc(s) Req'd","","N","N","Block","42029040_1","M.BANK","","IRS AUD 15Y","Recv Fixed","42029040","11-Feb-2026 03:44:18 AM","0","AUD","10-Mar-2026 04:12:30 AM","12-Feb-2041","163763570","AUD","IRS","IRS","11-Feb-2026","","","New","","5.2","","0","0","","AUD-BBSW","","11-Feb-2026","STP","two-way","","","","","","0","0","","","0","0","",
"CPTY ALLEGED","N/A","Doc(s) Req'd","","N","N","Block","42010153_1","M.BANK","","Basis Swap EUR 1Y","Recv","42010153","27-Jan-2026 10:40:52 AM","1000","EUR","10-Mar-2026 04:12:11 AM","29-Jan-2027","182065420","EUR","BSWP","BSWP","27-Jan-2026","","","New","","","","0","3641308.4","2","EUR-EURIBOR","","27-Jan-2026","STP","two-way","","","","","","0","0","","","0","0","",
"CPTY ALLEGED","N/A","Doc(s) Req'd","","N","N","Block","42008686_1","M.BANK","","Fixed Fixed Swap AUD v USD 1Y","Recv Fixed","42008686","26-Jan-2026 12:07:44 AM","1000","USD","10-Mar-2026 04:11:50 AM","29-Jan-2027","332435550","USD","FIXED","FIXED","26-Jan-2026","","","New","","8","5","0","1000","","","","26-Jan-2026","STP","two-way","","","","","","0","0","","","0","0","LCHSGB2L",
"CPTY ALLEGED","N/A","Doc(s) Req'd","","N","N","Block","41988760_1","M.BANK","","","","41988760","","0","","10-Mar-2026 04:11:37 AM","18-Jan-2026","0","","BYSE","BuySellback","11-Jan-2026","","","New","","","","0","0","","","","11-Jan-2026","STP","two-way","","","","","","1000","179262790","1","","0","100","",
"CPTY ALLEGED","N/A","Doc(s) Req'd","10-Mar-2026 at 04:11:34 AM EDT - MarkitWire -  ' MarkitWire Template Changed for fields : Payment Holiday Centres '|","N","N","MWMF_FUND1","42039332_1","M.BANK","","Swaption CAD RFR 4y into 11y","Recv Fixed","42039332","24-Feb-2026 07:25:33 PM","1000","CAD","10-Mar-2026 04:11:35 AM","26-Feb-2041","749121650","CAD","SWO","SWO","25-Feb-2026","","","New","","4","","0","0","","CAD-CORRA-OIS Compound","","25-Feb-2026","STP","two-way","","","","","","0","0","","","0","0","",
"CPTY ALLEGED","N/A","Doc(s) Req'd","","N","N","Block","42026696_1","M.BANK","","Basis Swap EUR 1Y","Recv","42026696","09-Feb-2026 04:04:55 AM","1000","EUR","10-Mar-2026 04:11:29 AM","11-Feb-2027","830674430","EUR","BSWP","BSWP","09-Feb-2026","","","New","","","","0","16613488.6","2","EUR-EURIBOR","","09-Feb-2026","STP","two-way","","","","","","0","0","","","0","0","",
"CPTY ALLEGED","N/A","Doc(s) Req'd","","N","N","Block","42007576_1","M.BANK","","Cross Currency IRS USD v EUR 1Y","Pay","42007576","24-Jan-2026 11:58:40 PM","1000","USD","10-Mar-2026 04:06:34 AM","27-Jan-2027","736413700","USD","CCIRS","IRS","25-Jan-2026","","","New","","4.2","","0","14728274","2","EUR-EuroSTR-OIS Compound","","25-Jan-2026","STP","two-way","","","","","","0","0","","","0","0","LCHSGB2L",
"CPTY ALLEGED","N/A","Doc(s) Req'd","","N","N","MWMF_FUND1","42047805_2","M.BANK","","","","42047805","","0","","10-Mar-2026 04:06:05 AM","26-Jun-2029","0","","REPU","Repurchase","09-Mar-2026","","","Term","","","","0","0","","","","09-Mar-2026","STP","two-way","","","","","","315549200","7000","1","","100000","0","",
"CPTY ALLEGED","N/A","Doc(s) Req'd","","N","N","MWMF_FUND1","42010111_1","M.BANK","","Americas Master EQ SH OP","Buy","42010111","27-Jan-2026 07:22:22 AM","89168","USD","10-Mar-2026 04:06:03 AM","27-Jan-2028","0","USD","EQO","EQO","27-Jan-2026","","","New","","","","0","6000","","GOOG.OQ","","27-Jan-2026","STP","two-way","10","Qty 5573","","","1","0","0","","","0","0","",
"CPTY ALLEGED","N/A","Doc(s) Req'd","","N","N","MWMF_FUND1","42031357_1","M.BANK","","IRS USD 15Y","Recv Fixed","42031357","13-Feb-2026 05:36:10 PM","0","USD","10-Mar-2026 04:05:39 AM","18-Feb-2041","432442520","USD","IRS","IRS","14-Feb-2026","","","New","","5.2","","0","0","","USD-SOFR CME Term","","14-Feb-2026","STP","two-way","","","","","","0","0","","","0","0","",
"CPTY ALLEGED","N/A","Doc(s) Req'd","","N","N","Block","42007911_1","M.BANK","","Cross Currency IRS USD v EUR 1Y","Pay","42007911","25-Jan-2026 07:22:29 PM","1000","USD","10-Mar-2026 04:05:38 AM","28-Jan-2027","701822740","USD","CCIRS","IRS","26-Jan-2026","","","New","","4","","0","14036454.8","2","EUR-EONIA-OIS Compound","","26-Jan-2026","STP","two-way","","","","","","0","0","","","0","0","LCHSGB2L",
"CPTY ALLEGED","N/A","Doc(s) Req'd","","N","N","MWMF_FUND1","42032982_1","M.BANK","","","","42032982","","0","","10-Mar-2026 04:05:33 AM","23-Feb-2026","0","","BYSE","BuySellback","17-Feb-2026","","","New","","","","0","0","","","","17-Feb-2026","STP","two-way","","","","","","1000","543098530","1","","0","100","",
"CPTY ALLEGED","N/A","Doc(s) Req'd","","N","N","Block","42047117_1","M.BANK","","OIS USD 1y","Pay Fixed","42047117","07-Mar-2026 06:30:01 PM","0","USD","10-Mar-2026 04:05:16 AM","11-Mar-2027","453320560","USD","OIS","IRS","08-Mar-2026","","","New","","5.2","","0","0","","USD-SOFR-OIS Compound","","08-Mar-2026","STP","two-way","","","","","","0","0","","","0","0","",
"CPTY ALLEGED","N/A","Doc(s) Req'd","","N","N","MWMF_FUND1","41945008_1","M.BANK","","","","41945008","","0","","10-Mar-2026 04:05:13 AM","11-Nov-2025","0","","BYSE","BuySellback","04-Nov-2025","","","New","","","","0","0","","","","04-Nov-2025","STP","two-way","","","","","","1000","654188870","1","","0","100","",
"CPTY ALLEGED","N/A","Doc(s) Req'd","","N","N","MWMF_FUND1","42032562_1","M.BANK","","OIS USD 5y (Exercise of Swaption 42032561)","Pay Fixed","42032562","16-Feb-2026 12:23:54 PM","0","USD","10-Mar-2026 04:04:57 AM","21-Feb-2035","799384770","USD","OIS","IRS","16-Feb-2026","","","New","","4","","0","0","","USD-SOFR-OIS Compound","","16-Feb-2026","STP","two-way","","","","","","0","0","","","0","0","",
"CPTY ALLEGED","IFC-LCH_EUR","Doc(s) Req'd","","N","N","MWMF_FUND1","42035298_1","M.BANK","","IRS AUD 1Y","Recv Fixed","42035298","18-Feb-2026 04:29:52 AM","0","AUD","10-Mar-2026 04:04:53 AM","19-Feb-2027","3000000","AUD","IRS","IRS","18-Feb-2026","","","New","","1","","0","0","","AUD-BBSW","","18-Feb-2026","STP","two-way","","","","","","0","0","","","0","0","",
"CPTY ALLEGED","N/A","Doc(s) Req'd","","N","N","Block","41999169_1","M.BANK","","Fixed Fixed Swap AUD v USD 1Y","Recv Fixed","41999169","19-Jan-2026 03:16:09 AM","1000","USD","10-Mar-2026 04:04:32 AM","22-Jan-2027","806604150","USD","FIXED","FIXED","19-Jan-2026","","","New","","8","5","0","1000","","","","19-Jan-2026","STP","two-way","","","","","","0","0","","","0","0","LCHSGB2L",
"CPTY ALLEGED","N/A","Doc(s) Req'd","","N","N","MWMF_FUND1","42043363_2","M.BANK","","","","42043363","","0","","10-Mar-2026 04:04:14 AM","29-Aug-2028","0","","BYSE","BuySellback","05-Mar-2026","","","Extension","","","","0","0","","","","05-Mar-2026","STP","two-way","","","","","","1000","839350790","","10","0","100","",
"CPTY ALLEGED","N/A","Doc(s) Req'd","09-Sep-2025 at 05:31:37 PM EDT - MarkitWire -  ' Deal is currently under review '|","N","N","MWMF_FUND1","41928962_1","M.BANK","","","","41928962","","0","","10-Mar-2026 04:04:13 AM","","0","","REPU","Repurchase","10-Sep-2025","","","New","","","","0","0","","","","10-Sep-2025","STP","two-way","","","","","","891182650","0","1","","100000","0","",
"CPTY ALLEGED","IFC-LCH_EUR","Doc(s) Req'd","18-Feb-2026 at 01:00:15 AM EST - MarkitWire -  ' PCA workflow trade submitted by MTM (msgid:4182774'239875498) '|","N","N","MWMF_FUND1","42035168_1","MWMF","","IRS AUD 15Y","Recv Fixed","42035168","18-Feb-2026 01:00:11 AM","0","AUD","10-Mar-2026 04:03:41 AM","18-Feb-2041","957785560","AUD","IRS","IRS","17-Feb-2026","","","New","","5.2","","0","0","","AUD-BBSW","","17-Feb-2026","STP","two-way","","","","","","0","0","","","0","0","",
"CPTY ALLEGED","N/A","Doc(s) Req'd","","N","N","Block","42007329_1","M.BANK","","Cross Currency IRS USD v EUR 1Y","Pay","42007329","24-Jan-2026 11:13:23 PM","1000","USD","10-Mar-2026 04:03:17 AM","27-Jan-2027","520610300","USD","CCIRS","IRS","25-Jan-2026","","","New","","4","","0","10412206","2","EUR-EONIA-OIS Compound","","25-Jan-2026","STP","two-way","","","","","","0","0","","","0","0","LCHSGB2L",
"CPTY ALLEGED","N/A","Doc(s) Req'd","","N","N","MWMF_FUND1","41945007_1","M.BANK","","","","41945007","","0","","10-Mar-2026 04:02:41 AM","11-Nov-2025","0","","BYSE","BuySellback","04-Nov-2025","","","New","","","","0","0","","","","04-Nov-2025","STP","two-way","","","","","","1000","956614760","1","","0","100","",
"CPTY ALLEGED","N/A","Doc(s) Req'd","","N","N","Block","42033205_1","M.BANK","","","","42033205","","0","","10-Mar-2026 04:02:35 AM","24-Feb-2026","0","","BYSE","BuySellback","17-Feb-2026","","","New","","","","0","0","","","","17-Feb-2026","STP","two-way","","","","","","1000","201961210","","10","0","100","",
"CPTY ALLEGED","N/A","Doc(s) Req'd","","N","N","Block","42000879_1","M.BANK","","","","42000879","","0","","10-Mar-2026 04:01:37 AM","","0","","REPU","Repurchase","21-Jan-2026","","","New","","","","0","0","","","","21-Jan-2026","STP","two-way","","","","","","949537280","0","","10","0","100","",
"CPTY ALLEGED","N/A","Doc(s) Req'd","","N","N","MWMF_FUND1","42048316_2","M.BANK","","Americas Master EQ IN OP","Buy","42048316","10-Mar-2026 02:04:54 AM","5923521750","USD","10-Mar-2026 04:01:35 AM","15-Sep-2027","0","USD","EQO","EQO","10-Mar-2026","A42048316_1_2_03102026_E","","F.Exer","","","","0","0","",".SPXAV10P","","10-Mar-2026","STP","two-way","15","Qty 236940870","","","1","0","0","","","0","0","",
"CPTY ALLEGED","IFC-LCH_EUR","Doc(s) Req'd","","N","N","Block","42038368_1","M.BANK","","IRS AUD 15Y","Recv Fixed","42038368","24-Feb-2026 12:56:55 AM","0","AUD","10-Mar-2026 04:00:49 AM","25-Feb-2041","192770570","AUD","IRS","IRS","24-Feb-2026","","","New","","5.2","","0","0","","AUD-BBSW","","24-Feb-2026","STP","two-way","","","","","","0","0","","","0","0","",
"CPTY ALLEGED","N/A","Doc(s) Req'd","","N","N","Block","42047646_1","M.BANK","","Cross Currency IRS USD v EUR 1Y","Pay","42047646","09-Mar-2026 02:15:07 AM","1000","USD","10-Mar-2026 04:00:43 AM","11-Mar-2027","741505220","USD","CCIRS","IRS","09-Mar-2026","","","New","","4.2","","0","14830104.4","2","EUR-EuroSTR-OIS Compound","","09-Mar-2026","STP","two-way","","","","","","0","0","","","0","0","LCHSGB2L",
"CPTY ALLEGED","N/A","Doc(s) Req'd","","N","N","MWMF_FUND1","42032593_1","M.BANK","","OIS ZAR 1y (Exercise of JIBAR Swaption 42032579)","Pay Fixed","42032593","16-Feb-2026 12:36:12 PM","0","ZAR","10-Mar-2026 04:00:25 AM","17-Aug-2027","979270760","ZAR","OIS","IRS","16-Feb-2026","","","New","","4","","0","0","","ZAR-ZARONIA-OIS Compound","","16-Feb-2026","STP","two-way","","","","","","0","0","","","0","0","",
"CPTY ALLEGED","N/A","Doc(s) Req'd","","N","N","Block","41996149_1","M.BANK","","","","41996149","","0","","10-Mar-2026 04:00:23 AM","","0","","REPU","Repurchase","17-Jan-2026","","","New","","","","0","0","","","","17-Jan-2026","STP","two-way","","","","","","622664220","0","","10","0","100","",
"CPTY ALLEGED","N/A","Doc(s) Req'd","10-Mar-2026 at 04:00:03 AM EDT - MarkitWire -  ' MarkitWire Template Changed for fields : Equity End Dates, Equity Payment End Dates, Interest End Dates '|","N","N","MWMF_FUND1","42034182_1","M.BANK","","Global Master EQ SH SW","Pay Equity,Rec Interest","42034182","17-Feb-2026 05:27:56 AM","0","AUD","10-Mar-2026 04:00:05 AM","21-Feb-2028","40000","AUD","EQS","EQS","17-Feb-2026","","","New","","","","0","0","","QAN.AX","","17-Feb-2026","STP","two-way","","Qty 200","","","","0","0","","","0","0","",
"CPTY ALLEGED","N/A","Doc(s) Req'd","","N","N","Block","42006941_1","M.BANK","","Cross Currency IRS USD v EUR 1Y","Pay","42006941","24-Jan-2026 09:12:26 PM","1000","USD","10-Mar-2026 03:59:34 AM","27-Jan-2027","781622080","USD","CCIRS","IRS","25-Jan-2026","","","New","","4.2","","0","15632441.6","2","EUR-EuroSTR-OIS Compound","","25-Jan-2026","STP","two-way","","","","","","0","0","","","0","0","LCHSGB2L",
"CPTY ALLEGED","N/A","Doc(s) Req'd","","N","N","Block","42038011_1","M.BANK","","OIS USD 1y","Pay Fixed","42038011","23-Feb-2026 06:07:33 PM","0","USD","10-Mar-2026 03:58:56 AM","26-Feb-2027","920602880","USD","OIS","IRS","24-Feb-2026","","","New","","5.2","","0","0","","USD-SOFR-OIS Compound","","24-Feb-2026","STP","two-way","","","","","","0","0","","","0","0","",
"CPTY ALLEGED","N/A","Doc(s) Req'd","","N","N","MWMF_FUND1","42048110_2","M.BANK","","","","42048110","","0","","10-Mar-2026 03:58:18 AM","16-Mar-2026","0","","BYSE","BuySellback","10-Mar-2026","","","Cancel","","","","0","0","","","","10-Mar-2026","STP","two-way","","","","","","1000","855042270","","10","0","100","",
"CPTY ALLEGED","IFC-LCH_EUR","Doc(s) Req'd","","N","N","Block","42044262_1","M.BANK","","FRA EUR 6 x 12","Buy","42044262","06-Mar-2026 12:58:38 AM","0","EUR","10-Mar-2026 03:57:46 AM","10-Mar-2027","368021750","EUR","FRA","FRA","06-Mar-2026","","","New","","1.234568","","0","0","","EUR-EURIBOR","","06-Mar-2026","STP","two-way","","","","","","0","0","","","0","0","",
"CPTY ALLEGED","N/A","Doc(s) Req'd","","N","N","Block","42044146_1","M.BANK","","Fixed Fixed Swap AUD v USD 1Y","Recv Fixed","42044146","05-Mar-2026 07:37:47 PM","1000","USD","10-Mar-2026 03:57:13 AM","10-Mar-2027","542177990","USD","FIXED","FIXED","06-Mar-2026","","","New","","8","5","0","1000","","","","06-Mar-2026","STP","two-way","","","","","","0","0","","","0","0","LCHSGB2L",
"CPTY ALLEGED","N/A","Doc(s) Req'd","","N","N","Block","42011975_1","M.BANK","","","","42011975","","0","","10-Mar-2026 03:56:45 AM","04-Feb-2026","0","","BYSE","BuySellback","28-Jan-2026","","","New","","","","0","0","","","","28-Jan-2026","STP","two-way","","","","","","1000","562052060","1","","0","100","",
"CPTY ALLEGED","N/A","Doc(s) Req'd","","N","N","MWMF_FUND1","41969299_1","M.BANK","","","","41969299","","0","","10-Mar-2026 03:56:42 AM","06-Oct-2299","0","","REPU","Repurchase","22-Dec-2025","","","New","","","","0","0","","","","22-Dec-2025","STP","two-way","","","","","","600350700","552464000","12","","5000000","0","",
"CPTY ALLEGED","N/A","Doc(s) Req'd","","N","N","MWMF_FUND1","42042389_2","M.BANK","","","","42042389","","0","","10-Mar-2026 03:56:30 AM","","0","","REPU","Repurchase","03-Mar-2026","","","Cancel","","","","0","0","","","","03-Mar-2026","STP","two-way","","","","","","468199470","0","1","","100000","0","",
"CPTY ALLEGED","N/A","Doc(s) Req'd","10-Mar-2026 at 02:43:20 AM EDT - System -  ' Disputed Field(s): Fixed Rate (Client : 8),Fee 1(w/ tolerance btwn 0.0 and 1.0) (Client : USD 100), [ Allocations-->|1684:MWMF_FUND2:Fee (Client : USD 100) ].Status updated to Disputed '|10-Mar-2026 at 02:43:20 AM EDT - System -  ' Disputed Field(s): Fixed Rate (Dealer : 5),Fee 1(w/ tolerance btwn 0.0 and 1.0) (Dealer : USD 107), [ Allocations-->|1684:MWMF_FUND2:Fee (Dealer : USD 107) ]. Status updated to Disputed '|","N","N","MWMF_FUND2","38123134_1","M.BANK","","IRS USD 1Y","Pay Fixed","38123134","10-Mar-2026 02:41:00 AM","107","USD","10-Mar-2026 02:43:22 AM","12-Mar-2027","16000000","USD","IRS","IRS","10-Mar-2026","","","New","","5","","0","0","","USD-SOFR CME Term","","10-Mar-2026","STP","two-way","","","","R","","0","0","","","0","0","",
"CONFIRMED","N/A","Executed","","N","N","1684","38123132_1","M.BANK","IRS_Test_10032026_T1","","Recv Fixed","38123132","10-Mar-2026 01:22:29 AM","100","USD","10-Mar-2026 01:24:26 AM","12-Mar-2027","16000000","USD","IRS","IRSW","10-Mar-2026","IRS_Test_10032026_T1","","New","","8","","0","0","","USD-SOFR CME Term","M","10-Mar-2026","STP","","","","","C-MWIRE","","0","0","","","0","0","",
"ERROR","N/A","Doc(s) Req'd","10-Mar-2026 at 01:14:33 AM EDT - System -  ' Disputed Field(s): Fee 1(w/ tolerance btwn 0.0 and 8.0) (Dealer : USD 109), [ Allocations-->|1684:MWMF_FUND2:Fee (Dealer : USD 109) ]. Status updated to Disputed '|10-Mar-2026 at 01:14:33 AM EDT - System -  ' Disputed Field(s): Fee 1(w/ tolerance btwn 0.0 and 8.0) (Client : USD 100), [ Allocations-->|1684:MWMF_FUND2:Fee (Client : USD 100) ].Status updated to Disputed '|10-Mar-2026 at 01:11:44 AM EDT - System -  ' Disputed Field(s): Fixed Rate (Client : 6),Swap Direction (Client : Pay Fixed),Float leg roll convention (Client : 11),Fixed leg roll convention (Client : 11),Fee 1(w/ tolerance btwn 0.0 and 1.0) (Client : USD 100),Fee 1 Direction (Client : NOT(...) '|","N","N","1684","38123131_1","M.BANK","IRS_Test_10032026","","Recv Fixed","38123131","10-Mar-2026 01:06:29 AM","100","USD","10-Mar-2026 01:14:33 AM","12-Mar-2027","14000000","USD","IRS","IRSW","10-Mar-2026","IRS_Test_10032026","","New","","5","","","","","USD-SOFR CME Term","M","10-Mar-2026","STP","","","","","","","","","","","","","",
"CPTY ALLEGED","N/A","Doc(s) Req'd","","N","N","MWMF_FUND1","38123088_1","M.BANK","","IRS AUD 1Y","Pay Fixed","38123088","09-Mar-2026 12:37:51 PM","0","AUD","09-Mar-2026 12:39:00 PM","10-Mar-2027","11000000","AUD","IRS","IRS","09-Mar-2026","","","New","","11","","0","0","","AUD-BBSW","","09-Mar-2026","STP","two-way","","","","","","0","0","","","0","0","",
"CPTY ALLEGED","N/A","Doc(s) Req'd","","N","N","MWMF_FUND2","38123083_1","M.BANK","","IRS USD 1Y","Pay Fixed","38123083","09-Mar-2026 04:36:33 AM","0","USD","09-Mar-2026 12:34:20 PM","11-Mar-2027","13000000","USD","IRS","IRS","09-Mar-2026","","","New","","6","","0","0","","USD-SOFR CME Term","","09-Mar-2026","STP","two-way","","","","","","0","0","","","0","0","",
"CPTY ALLEGED","N/A","Doc(s) Req'd","","N","N","MWMF_FUND2","38123086_1","M.BANK","","IRS AUD 1Y","Recv Fixed","38123086","09-Mar-2026 11:15:39 AM","0","AUD","09-Mar-2026 12:34:13 PM","10-Sep-2026","12000000","AUD","IRS","IRS","09-Mar-2026","","","New","","5","","0","0","","AUD-BBSW","","09-Mar-2026","STP","two-way","","","","","","0","0","","","0","0","",
"CPTY ALLEGED","N/A","Doc(s) Req'd","","N","N","MWMF_FUND2","38123085_1","M.BANK","","IRS AUD 1Y","Pay Fixed","38123085","09-Mar-2026 11:06:16 AM","0","AUD","09-Mar-2026 12:34:10 PM","10-Mar-2027","14000000","AUD","IRS","IRS","09-Mar-2026","","","New","","9","","0","0","","AUD-BBSW","","09-Mar-2026","STP","two-way","","","","","","0","0","","","0","0","",
"CONFIRMED","N/A","Executed","","N","N","MWMF_FUND1","38123059_1","M.BANK","","IRS USD 2Y","Pay Fixed","38123059","24-Feb-2026 11:55:14 AM","0","USD","09-Mar-2026 11:17:17 AM","26-Feb-2028","12000000","USD","IRS","IRS","24-Feb-2026","","","New","","1.2","","0","0","","USD-LIBOR-BBA","","24-Feb-2026","STP","","","","","C-MWIRE","","0","0","","","0","0","",
"CONFIRMED","N/A","Executed","","N","N","MWMF_FUND1","38123058_1","M.BANK","","IRS USD 2Y","Pay Fixed","38123058","24-Feb-2026 06:22:31 AM","0","USD","09-Mar-2026 11:17:15 AM","26-Feb-2028","12000000","USD","IRS","IRS","24-Feb-2026","","","New","","1.2","","0","0","","USD-LIBOR-BBA","","24-Feb-2026","STP","","","","","C-MWIRE","","0","0","","","0","0","",
"CONFIRMED","N/A","Executed","","N","N","MWMF_FUND1","38123054_1","M.BANK","","IRS USD 2Y","Pay Fixed","38123054","23-Feb-2026 04:17:32 AM","0","USD","09-Mar-2026 11:17:13 AM","25-Feb-2028","12000000","USD","IRS","IRS","23-Feb-2026","","","New","","1.2","","0","0","","USD-LIBOR-BBA","","23-Feb-2026","STP","","","","","C-MWIRE","","0","0","","","0","0","",
"CPTY ALLEGED","N/A","Doc(s) Req'd","","N","N","MWMF_FUND1","38123084_1","M.BANK","","IRS AUD 1Y","Pay Fixed","38123084","09-Mar-2026 10:02:54 AM","0","AUD","09-Mar-2026 11:14:54 AM","10-Mar-2027","3456789765","AUD","IRS","IRS","09-Mar-2026","","","New","","5","","0","0","","AUD-BBSW","","09-Mar-2026","STP","two-way","","","","","","0","0","","","0","0","",
"ALLEGED","N/A","Doc(s) Req'd","","N","N","Block","","M.BANK","TAUTO38110260_1_AP_1","","Pay Fixed","","","980","CAD","03-Feb-2026 08:18:03 AM","03-Feb-2027","626647960","CAD","IRS","IRSW","03-Feb-2026","TAUTO38110260_1_AP_1","","New","","8.2","","","12532959.2","","CAD-CDOR","M","03-Feb-2026","","","","","","","","","","","","","","",
"CPTY ALLEGED","N/A","Doc(s) Req'd","","N","N","Block","38110261_1","M.BANK","","IRS CAD 1Y","Recv Fixed","38110261","03-Feb-2026 08:15:47 AM","1000","CAD","03-Feb-2026 08:16:15 AM","03-Feb-2027","626647960","CAD","IRS","IRS","03-Feb-2026","","","New","","8.2","","0","12532959.2","","CAD-CDOR","","03-Feb-2026","STP","two-way","","","","","","0","0","","","0","0","",
"DISPUTED","N/A","Doc(s) Req'd","03-Feb-2026 at 06:27:00 AM EST - System -  ' Disputed Field(s): Cannot upload fees where mismatch exists. Fee 1 (Client : CAD 980).Status updated to Disputed '|03-Feb-2026 at 06:27:00 AM EST - System -  ' Disputed Field(s): Cannot upload fees where mismatch exists. Fee 1 (Dealer : CAD 1000). Status updated to Disputed '|","N","N","Block","38110260_1","M.BANK","S38110260_1","","Pay Fixed","38110260","03-Feb-2026 06:26:07 AM","980","CAD","03-Feb-2026 06:27:08 AM","03-Feb-2027","626647960","CAD","IRS","IRSW","03-Feb-2026","TAUTO38110260_1","","New","","8.2","","","12532959.2","","CAD-CDOR","M","03-Feb-2026","","","","","","","","","","","","","","",
"CPTY ALLEGED","N/A","Doc(s) Req'd","","N","N","Block","38110259_1","M.BANK","","IRS CAD 1Y","Recv Fixed","38110259","03-Feb-2026 05:54:55 AM","1000","CAD","03-Feb-2026 05:55:11 AM","03-Feb-2027","326668390","CAD","IRS","IRS","03-Feb-2026","","","New","","8.2","","0","6533367.8","","CAD-CDOR","","03-Feb-2026","STP","two-way","","","","","","0","0","","","0","0","",
"DISPUTED","N/A","Doc(s) Req'd","03-Feb-2026 at 05:09:41 AM EST - System -  ' Disputed Field(s): Cannot upload fees where mismatch exists. Fee 1 (Client : CAD 980).Status updated to Disputed '|03-Feb-2026 at 05:09:41 AM EST - System -  ' Disputed Field(s): Cannot upload fees where mismatch exists. Fee 1 (Dealer : CAD 1000). Status updated to Disputed '|","N","N","Block","38110258_1","M.BANK","S38110258_1","","Pay Fixed","38110258","03-Feb-2026 05:08:45 AM","980","CAD","03-Feb-2026 05:09:51 AM","03-Feb-2027","143456190","CAD","IRS","IRSW","03-Feb-2026","TAUTO38110258_1","","New","","8.2","","","2869123.8","","CAD-CDOR","M","03-Feb-2026","","","","","","","","","","","","","","",
"ALLOC UPLOAD","N/A","Doc(s) Req'd","03-Feb-2026 at 05:05:16 AM EST - mw.demo@markitserv.com -  ' Trade affirmed with fee mismatch, fee will be prorated '|03-Feb-2026 at 05:05:16 AM EST - mw.demo@markitserv.com -  ' Trade manually affirmed '|03-Feb-2026 at 04:53:29 AM EST - System -  ' Disputed Field(s): Cannot upload fees where mismatch exists. Fee 1 (Dealer : CAD 1000). Status updated to Disputed '|","N","N","Block","38110253_1","M.BANK","S38110253_1","","Pay Fixed","38110253","03-Feb-2026 02:14:24 AM","980","CAD","03-Feb-2026 05:05:33 AM","03-Feb-2027","326668390","CAD","IRS","IRSW","03-Feb-2026","TAUTO38110253_1","","New","","8.2","","","6533367.8","","CAD-CDOR","M","03-Feb-2026","","","","","","","","","","","","","","",
"DISPUTED","N/A","Doc(s) Req'd","03-Feb-2026 at 04:11:22 AM EST - System -  ' Disputed Field(s): Cannot upload fees where mismatch exists. Fee 1 (Client : CAD 980).Status updated to Disputed '|03-Feb-2026 at 04:11:22 AM EST - System -  ' Disputed Field(s): Cannot upload fees where mismatch exists. Fee 1 (Dealer : CAD 1000). Status updated to Disputed '|","N","N","Block","38110255_1","M.BANK","S38110255_1","","Pay Fixed","38110255","03-Feb-2026 04:10:34 AM","980","CAD","03-Feb-2026 04:11:31 AM","03-Feb-2027","705863690","CAD","IRS","IRSW","03-Feb-2026","TAUTO38110255_1","","New","","8.2","","","14117273.8","","CAD-CDOR","M","03-Feb-2026","","","","","","","","","","","","","","",
"DISPUTED","N/A","Doc(s) Req'd","03-Feb-2026 at 02:11:35 AM EST - System -  ' Disputed Field(s): Cannot upload fees where mismatch exists. Fee 1 (Client : EUR 62).Status updated to Disputed '|03-Feb-2026 at 02:11:35 AM EST - System -  ' Disputed Field(s): Cannot upload fees where mismatch exists. Fee 1 (Dealer : EUR 112). Status updated to Disputed '|","N","N","Block","38110252_1","M.BANK","S38110252_1","","Pay","38110252","03-Feb-2026 02:10:50 AM","62","EUR","03-Feb-2026 02:12:10 AM","05-Feb-2027","607303500","EUR","BSWP","BSWP","03-Feb-2026","TAUTO38110252_1","","New","","","","","","","EUR-EURIBOR","M","03-Feb-2026","","","","","","","","","","","","","","LCHSGB2L",
"ALLOC UPLOAD","N/A","Doc(s) Req'd","","N","N","Block","38110246_1","M.BANK","S38110246_1","","Recv Fixed","38110246","03-Feb-2026 01:39:45 AM","34360.6","CAD","03-Feb-2026 02:10:10 AM","05-Feb-2047","114535340","CAD","SWO","SWO","03-Feb-2026","TAUTO38110246_1","","New","","4","","","2290706.8","2","CAD-CORRA-OIS Compound","M","03-Feb-2026","","","","","","","","","","","","","","",
"ALLOC UPLOAD","N/A","Doc(s) Req'd","","N","N","Block","38110245_1","M.BANK","S38110245_1","","Sell","38110245","03-Feb-2026 01:34:52 AM","0","JPY","03-Feb-2026 02:10:09 AM","05-Feb-2028","610284170","JPY","CPFL","CPFL","03-Feb-2026","TAUTO38110245_1","","New","","","","","12205683.4","2","JPY-TONA-OIS Compound","M","03-Feb-2026","","","3.5","","","","","","","","","","","",
"ALLOC UPLOAD","N/A","Doc(s) Req'd","03-Feb-2026 at 01:33:14 AM EST - vikram.singh@ihsmarkit.com -  ' Trade manually affirmed '|03-Feb-2026 at 01:32:56 AM EST - System -  ' Disputed Field(s): Fee 2(w/ tolerance btwn 0.0 and 1.0) (Dealer : JPY 112). Status updated to Disputed '|03-Feb-2026 at 01:32:56 AM EST - System -  ' Disputed Field(s): Fee 2(w/ tolerance btwn 0.0 and 1.0) (Client : JPY 62).Status updated to Disputed '|","N","N","Block","38110244_1","M.BANK","S38110244_1","","Sell","38110244","03-Feb-2026 01:32:13 AM","0","JPY","03-Feb-2026 02:10:05 AM","05-Feb-2028","112426970","JPY","CPFL","CPFL","03-Feb-2026","TAUTO38110244_1","","New","","","","","2248539.4","2","JPY-TONA-OIS Compound","M","03-Feb-2026","","","3.5","","","","","","","","","","","",
"ALLOC UPLOAD","N/A","Doc(s) Req'd","03-Feb-2026 at 01:44:52 AM EST - vikram.singh@ihsmarkit.com -  ' Trade manually affirmed '|03-Feb-2026 at 01:44:47 AM EST - System -  ' Disputed Field(s): Fee 2(w/ tolerance btwn 0.0 and 1.0) (Client : CAD 110).Status updated to Disputed '|03-Feb-2026 at 01:44:47 AM EST - System -  ' Disputed Field(s): Fee 2(w/ tolerance btwn 0.0 and 1.0) (Dealer : CAD 112). Status updated to Disputed '|","N","N","Block","38110247_1","M.BANK","S38110247_1","","Recv Fixed","38110247","03-Feb-2026 01:44:09 AM","128980.61","CAD","03-Feb-2026 02:09:56 AM","05-Feb-2047","429935350","CAD","SWO","SWO","03-Feb-2026","TAUTO38110247_1","","New","","4","","","8598707","2","CAD-CORRA-OIS Compound","M","03-Feb-2026","","","","","","","","","","","","","","",
"DISPUTED","N/A","Doc(s) Req'd","03-Feb-2026 at 01:53:41 AM EST - System -  ' Disputed Field(s): Cannot upload fees where mismatch exists. Fee 1 (Client : EUR 62).Status updated to Disputed '|03-Feb-2026 at 01:53:41 AM EST - System -  ' Disputed Field(s): Cannot upload fees where mismatch exists. Fee 1 (Dealer : EUR 112). Status updated to Disputed '|","N","N","Block","38110251_1","M.BANK","S38110251_1","","Pay","38110251","03-Feb-2026 01:53:06 AM","62","EUR","03-Feb-2026 01:55:26 AM","05-Feb-2027","548210740","EUR","BSWP","BSWP","03-Feb-2026","TAUTO38110251_1","","New","","","","","","","EUR-EURIBOR","M","03-Feb-2026","","","","","","","","","","","","","","LCHSGB2L",
"CONFIRMED","N/A","Executed","03-Feb-2026 at 01:50:18 AM EST - MarkitWire -  ' SettlementAgencyAccepted '|03-Feb-2026 at 01:50:16 AM EST - MarkitWire -  ' SettlementAgencyAccepted '|03-Feb-2026 at 01:50:05 AM EST - MarkitWire -  ' SettlementAgencySent '|","N","N","Block","38110248_1","M.BANK","S38110248_1","","Pay","38110248","03-Feb-2026 01:49:52 AM","112","EUR","03-Feb-2026 01:50:18 AM","05-Feb-2027","246376210","EUR","BSWP","BSWP","03-Feb-2026","TAUTO38110248_1","","New","","","","","","","EUR-EURIBOR","M","03-Feb-2026","STP","","","","","C-MWIRE","","","","","","","","LCHSGB2L",
"ALLOC UPLOAD","N/A","Doc(s) Req'd","","N","N","Block","38110243_1","M.BANK","S38110243_1","","Pay Fixed","38110243","03-Feb-2026 01:18:27 AM","1000","CAD","03-Feb-2026 01:30:03 AM","03-Feb-2027","650967090","CAD","IRS","IRSW","03-Feb-2026","TAUTO38110243_1","","New","","8.2","","","13019341.8","","CAD-CDOR","M","03-Feb-2026","","","","","","","","","","","","","","",
"DISPUTED","N/A","Doc(s) Req'd","03-Feb-2026 at 01:14:56 AM EST - System -  ' Disputed Field(s): Cannot upload fees where mismatch exists. Fee 1 (Client : CAD 980).Status updated to Disputed '|03-Feb-2026 at 01:14:56 AM EST - System -  ' Disputed Field(s): Cannot upload fees where mismatch exists. Fee 1 (Dealer : CAD 1000). Status updated to Disputed '|","N","N","Block","38110242_1","M.BANK","S38110242_1","","Pay Fixed","38110242","03-Feb-2026 01:13:58 AM","980","CAD","03-Feb-2026 01:16:32 AM","03-Feb-2027","209369010","CAD","IRS","IRSW","03-Feb-2026","TAUTO38110242_1","","New","","8.2","","","4187380.2","","CAD-CDOR","M","03-Feb-2026","","","","","","","","","","","","","","",
"DISPUTED","N/A","Doc(s) Req'd","03-Feb-2026 at 12:28:59 AM EST - System -  ' Disputed Field(s): Cannot upload fees where mismatch exists. Fee 1 (Dealer : CAD 1000). Status updated to Disputed '|03-Feb-2026 at 12:28:59 AM EST - System -  ' Disputed Field(s): Cannot upload fees where mismatch exists. Fee 1 (Client : CAD 980).Status updated to Disputed '|","N","N","Block","38110241_1","M.BANK","S38110241_1","","Pay Fixed","38110241","03-Feb-2026 12:28:14 AM","980","CAD","03-Feb-2026 12:29:56 AM","03-Feb-2027","496886140","CAD","IRS","IRSW","03-Feb-2026","TAUTO38110241_1","","New","","8.2","","","9937722.8","","CAD-CDOR","M","03-Feb-2026","","","","","","","","","","","","","","",
"DISPUTED","N/A","Doc(s) Req'd","02-Feb-2026 at 02:39:30 PM EST - System -  ' Disputed Field(s): Cannot upload fees where mismatch exists. Fee 1 (Dealer : CAD 1000). Status updated to Disputed '|02-Feb-2026 at 02:39:30 PM EST - System -  ' Disputed Field(s): Cannot upload fees where mismatch exists. Fee 1 (Client : CAD 980).Status updated to Disputed '|02-Feb-2026 at 02:39:30 PM EST - mw.demo@markitserv.com -  ' Trade manually linked '|","N","N","Block","38110234_1","M.BANK","S38110224_1","","Pay Fixed","38110234","02-Feb-2026 10:29:07 AM","980","CAD","02-Feb-2026 02:39:57 PM","02-Feb-2027","201228630","CAD","IRS","IRSW","02-Feb-2026","TAUTO38110223_1_AP_4","","New","","8.2","","","4024572.6","","CAD-CDOR","M","02-Feb-2026","","","","","","","","","","","","","","",
"CPTY ALLEGED","N/A","Doc(s) Req'd","","N","N","Block","38110236_1","M.BANK","","IRS CAD 1Y","Recv Fixed","38110236","02-Feb-2026 02:25:36 PM","1000","CAD","02-Feb-2026 02:26:14 PM","03-Feb-2027","201228630","CAD","IRS","IRS","03-Feb-2026","","","New","","8.2","","0","4024572.6","","CAD-CDOR","","03-Feb-2026","STP","two-way","","","","","","0","0","","","0","0","",
"ALLOC UPLOAD","N/A","Doc(s) Req'd","","N","N","Block","38110223_1","M.BANK","S38110223_1","","Pay Fixed","38110223","02-Feb-2026 06:07:21 AM","993","CAD","02-Feb-2026 02:22:45 PM","02-Feb-2027","459779260","CAD","IRS","IRSW","02-Feb-2026","TAUTO38110223_1","","New","","8.2","","","9195585.2","","CAD-CDOR","M","02-Feb-2026","","","","","","","","","","","","","","",
"ALLOC UPLOAD","N/A","Doc(s) Req'd","02-Feb-2026 at 10:12:42 AM EST - mw.demo@markitserv.com -  ' Trade manually affirmed '|02-Feb-2026 at 10:12:42 AM EST - mw.demo@markitserv.com -  ' Trade affirmed with fee mismatch, fee will be prorated '|","N","N","Block","38110233_1","M.BANK","S38110224_1","","Pay Fixed","38110233","02-Feb-2026 10:11:30 AM","980","CAD","02-Feb-2026 02:22:39 PM","02-Feb-2027","201228630","CAD","IRS","IRSW","02-Feb-2026","TAUTO38110223_1_AP_3","","New","","8.2","","","4024572.6","","CAD-CDOR","M","02-Feb-2026","","","","","","","","","","","","","","",
"ALLOC UPLOAD","N/A","Doc(s) Req'd","","N","N","Block","38110222_1","M.BANK","S38110222_1","","Pay Fixed","38110222","02-Feb-2026 06:04:42 AM","1000","CAD","02-Feb-2026 02:22:34 PM","02-Feb-2027","973052010","CAD","IRS","IRSW","02-Feb-2026","TAUTO38110222_1","","New","","8.2","","","19461040.2","","CAD-CDOR","M","02-Feb-2026","","","","","","","","","","","","","","",
"ALLOC UPLOAD","N/A","Doc(s) Req'd","02-Feb-2026 at 09:59:38 AM EST - mw.demo@markitserv.com -  ' Trade manually affirmed '|02-Feb-2026 at 09:59:38 AM EST - mw.demo@markitserv.com -  ' Trade affirmed with fee mismatch, fee will be prorated '|","N","N","Block","38110231_1","M.BANK","S38110224_1","","Pay Fixed","38110231","02-Feb-2026 09:55:53 AM","980","CAD","02-Feb-2026 02:22:30 PM","02-Feb-2027","201228630","CAD","IRS","IRSW","02-Feb-2026","TAUTO38110223_1_AP_1","","New","","8.2","","","4024572.6","","CAD-CDOR","M","02-Feb-2026","","","","","","","","","","","","","","",
"CPTY ALLEGED","N/A","Doc(s) Req'd","","N","N","Block","38110235_1","M.BANK","","IRS CAD 1Y","Recv Fixed","38110235","02-Feb-2026 01:56:19 PM","1000","CAD","02-Feb-2026 01:56:56 PM","03-Feb-2027","201228630","CAD","IRS","IRS","03-Feb-2026","","","New","","8.2","","0","4024572.6","","CAD-CDOR","","03-Feb-2026","STP","two-way","","","","","","0","0","","","0","0","",
"DISPUTED","N/A","Doc(s) Req'd","02-Feb-2026 at 10:02:33 AM EST - System -  ' Disputed Field(s): Cannot upload fees where mismatch exists. Fee 1 (Client : CAD 980).Status updated to Disputed '|02-Feb-2026 at 10:02:33 AM EST - System -  ' Disputed Field(s): Cannot upload fees where mismatch exists. Fee 1 (Dealer : CAD 1000). Status updated to Disputed '|02-Feb-2026 at 10:02:33 AM EST - mw.demo@markitserv.com -  ' Trade manually linked '|","N","N","Block","38110232_1","M.BANK","S38110224_1","","Pay Fixed","38110232","02-Feb-2026 10:01:20 AM","980","CAD","02-Feb-2026 10:02:44 AM","02-Feb-2027","201228630","CAD","IRS","IRSW","02-Feb-2026","TAUTO38110223_1_AP_2","","New","","8.2","","","4024572.6","","CAD-CDOR","M","02-Feb-2026","","","","","","","","","","","","","","",
"DISPUTED","N/A","Doc(s) Req'd","02-Feb-2026 at 06:10:43 AM EST - System -  ' Disputed Field(s): Cannot upload fees where mismatch exists. Fee 1 (Dealer : CAD 1000). Status updated to Disputed '|02-Feb-2026 at 06:10:43 AM EST - System -  ' Disputed Field(s): Cannot upload fees where mismatch exists. Fee 1 (Client : CAD 980).Status updated to Disputed '|","N","N","Block","38110224_1","M.BANK","S38110224_1","","Pay Fixed","38110224","02-Feb-2026 06:10:06 AM","980","CAD","02-Feb-2026 09:36:41 AM","02-Feb-2027","201228630","CAD","IRS","IRSW","02-Feb-2026","TAUTO38110224_1","","New","","8.2","","","4024572.6","","CAD-CDOR","M","02-Feb-2026","","","","","","","","","","","","","","",
"ALLEGED","N/A","Doc(s) Req'd","","N","N","Block","","M.BANK/M.BANK","IRS_29122025_Trade_SC08_AP_21","","Recv Fixed","","","94","USD","02-Feb-2026 08:22:31 AM","04-Feb-2027","18000000","USD","IRS","IRSW","02-Feb-2026","IRS_29122025_Trade_SC08_AP_21","","New","","4","","","","","USD-SOFR CME Term","M","02-Feb-2026","","","","","","","","","","","","","","",
"CPTY ALLEGED","N/A","Doc(s) Req'd","","N","N","MWMF_FUND1","38110230_1","M.BANK","","FRA EUR 6 x 12","Sell","38110230","02-Feb-2026 08:06:06 AM","0","EUR","02-Feb-2026 08:06:14 AM","04-Feb-2027","701024680","EUR","FRA","FRA","02-Feb-2026","","","New","","1.234568","","0","14020493.6","2","EUR-EURIBOR","","02-Feb-2026","STP","two-way","","","","","","0","0","","","0","0","LCHSGB2L",
"ERROR","N/A","Doc(s) Req'd","02-Feb-2026 at 07:16:31 AM EST - vikram.singh@ihsmarkit.com -  ' Trade manually affirmed '|02-Feb-2026 at 07:16:25 AM EST - System -  ' Disputed Field(s): Fee 2(w/ tolerance btwn 0.0 and 8.0) (Dealer : CAD 112). Status updated to Disputed '|02-Feb-2026 at 07:16:25 AM EST - System -  ' Disputed Field(s): Fee 2(w/ tolerance btwn 0.0 and 8.0) (Client : CAD 62).Status updated to Disputed '|","N","N","Block","38110229_1","M.BANK","S38110229_1","","Recv Fixed","38110229","02-Feb-2026 07:15:34 AM","143042.15","CAD","02-Feb-2026 07:16:33 AM","05-Feb-2047","476807170","CAD","SWO","SWO","02-Feb-2026","TAUTO38110229_1","","New","","4","","","9536143.4","2","CAD-CORRA-OIS Compound","M","02-Feb-2026","STP","","","","","","","","","","","","","",
"CONFIRMED","N/A","Executed","02-Feb-2026 at 07:09:02 AM EST - vikram.singh@ihsmarkit.com -  ' Trade manually affirmed '|02-Feb-2026 at 07:08:56 AM EST - System -  ' Disputed Field(s): Fee 2(w/ tolerance btwn 0.0 and 8.0) (Dealer : CAD 112), [ Allocations-->|1683:MWMF_FUND1:Fee 2 (Dealer : CAD 112) ]. Status updated to Disputed '|02-Feb-2026 at 07:08:56 AM EST - System -  ' Disputed Field(s): Fee 2(w/ tolerance btwn 0.0 and 8.0) (Client : CAD 31), [ Allocations-->|1683:MWMF_FUND1:Fee 2 (Client : CAD 31) ].Status updated to Disputed '|","N","N","1683","38110228_1","M.BANK","S38110228_1","","Recv Fixed","38110228","02-Feb-2026 07:08:19 AM","253703.11","CAD","02-Feb-2026 07:09:04 AM","05-Feb-2047","845677040","CAD","SWO","SWO","02-Feb-2026","TAUTO38110228_1","","New","","4","","","16913540.8","2","CAD-CORRA-OIS Compound","M","02-Feb-2026","STP","","","","","C-MWIRE","","","","","","","","",
"CPTY ALLEGED","N/A","Doc(s) Req'd","","N","N","MWMF_FUND1","38110227_1","M.BANK","","Swaption CAD RFR 10y into 11y","Pay Fixed","38110227","02-Feb-2026 07:03:02 AM","175587.24","CAD","02-Feb-2026 07:03:12 AM","05-Feb-2047","585290810","CAD","SWO","SWO","02-Feb-2026","","","New","","4","","0","11705816.2","2","CAD-CORRA-OIS Compound","","02-Feb-2026","STP","two-way","","","","","","0","0","","","0","0","",
"ERROR","N/A","Doc(s) Req'd","02-Feb-2026 at 06:36:51 AM EST - vikram.singh@ihsmarkit.com -  ' Trade manually affirmed '|02-Feb-2026 at 06:36:44 AM EST - System -  ' Disputed Field(s): Fee 2(w/ tolerance btwn 0.0 and 8.0) (Dealer : JPY 112). Status updated to Disputed '|02-Feb-2026 at 06:36:44 AM EST - System -  ' Disputed Field(s): Fee 2(w/ tolerance btwn 0.0 and 8.0) (Client : JPY 62).Status updated to Disputed '|","N","N","Block","38110226_1","M.BANK","S38110226_1","","Sell","38110226","02-Feb-2026 06:36:07 AM","0","JPY","02-Feb-2026 06:36:56 AM","04-Feb-2028","723555260","JPY","CPFL","CPFL","02-Feb-2026","TAUTO38110226_1","","New","","","","","14471105.2","2","JPY-TONA-OIS Compound","M","02-Feb-2026","STP","","3.5","","","","","","","","","","","",
"CONFIRMED","N/A","Executed","02-Feb-2026 at 06:22:10 AM EST - vikram.singh@ihsmarkit.com -  ' Trade manually affirmed '|02-Feb-2026 at 06:22:07 AM EST - MarkitWire -  ' 1683 :Disputed Field(s): Fee 2(w/ tolerance btwn 0.0 and 8.0) (Client : JPY 100), [ Allocations-->|1683:MWMF_FUND1:Fee 2 (Client : JPY 100) ].Status updated to Disputed '|02-Feb-2026 at 06:22:06 AM EST - System -  ' Disputed Field(s): Fee 2(w/ tolerance btwn 0.0 and 8.0) (Dealer : JPY 112), [ Allocations-->|1683:MWMF_FUND1:Fee 2 (Dealer : JPY 112) ]. Status updated to Disputed '|","N","N","1683","38110225_1","M.BANK","S38110225_1","","Sell","38110225","02-Feb-2026 06:21:30 AM","0","JPY","02-Feb-2026 06:22:13 AM","04-Feb-2028","501388120","JPY","CPFL","CPFL","02-Feb-2026","TAUTO38110225_1","","New","","","","0","10027762.4","2","JPY-TONA-OIS Compound","M","02-Feb-2026","STP","","3.5","","","C-MWIRE","","0","0","","","0","0","",
"CONFIRMED","N/A","Executed","","N","N","1683","38110221_1","M.BANK","S38110221_1","","Recv Fixed","38110221","02-Feb-2026 05:58:40 AM","108","USD","02-Feb-2026 05:59:16 AM","04-Feb-2027","370766840","USD","OIS","OIS","02-Feb-2026","TAUTO38110221_1","","New","","5.2","","","7415336.8","2","USD-SOFR-OIS Compound","M","02-Feb-2026","STP","","","","","C-MWIRE","","","","","","","","",
"CONFIRMED","N/A","Executed","02-Feb-2026 at 05:56:36 AM EST - vikram.singh@ihsmarkit.com -  ' Trade manually affirmed '|02-Feb-2026 at 05:56:31 AM EST - System -  ' Disputed Field(s): Fee 1(w/ tolerance btwn 0.0 and 8.0) (Dealer : USD 112), [ Allocations-->|1683:MWMF_FUND1:Fee (Dealer : USD 112) ]. Status updated to Disputed '|02-Feb-2026 at 05:56:31 AM EST - System -  ' Disputed Field(s): Fee 1(w/ tolerance btwn 0.0 and 8.0) (Client : USD 102), [ Allocations-->|1683:MWMF_FUND1:Fee (Client : USD 102) ].Status updated to Disputed '|","N","N","1683","38110220_1","M.BANK","S38110220_1","","Recv Fixed","38110220","02-Feb-2026 05:55:56 AM","102","USD","02-Feb-2026 05:56:38 AM","04-Feb-2027","207756020","USD","OIS","OIS","02-Feb-2026","TAUTO38110220_1","","New","","5.2","","","4155120.4","2","USD-SOFR-OIS Compound","M","02-Feb-2026","STP","","","","","C-MWIRE","","","","","","","","",
"CONFIRMED","N/A","Executed","02-Feb-2026 at 05:54:03 AM EST - vikram.singh@ihsmarkit.com -  ' Trade manually affirmed '|02-Feb-2026 at 05:53:56 AM EST - MarkitWire -  ' 1683 :Disputed Field(s): Fixed leg roll convention (Client : 31).Status updated to Disputed '|02-Feb-2026 at 05:53:55 AM EST - System -  ' Disputed Field(s): Fixed leg roll convention (Dealer : 4). Status updated to Disputed '|","N","N","1683","38110219_1","M.BANK","S38110219_1","","Recv Fixed","38110219","02-Feb-2026 05:53:21 AM","112","USD","02-Feb-2026 05:54:06 AM","04-Feb-2027","413018300","USD","OIS","OIS","02-Feb-2026","TAUTO38110219_1","","New","","5.2","","","8260366","2","USD-SOFR-OIS Compound","M","02-Feb-2026","STP","","","","","C-MWIRE","","","","","","","","",
"CONFIRMED","N/A","Executed","","N","N","1683","38110218_1","M.BANK","S38110218_1","","Sell","38110218","02-Feb-2026 05:41:36 AM","0","JPY","02-Feb-2026 05:42:29 AM","04-Feb-2028","951041500","JPY","CPFL","CPFL","02-Feb-2026","TAUTO38110218_1","","New","","","","0","19020830","2","JPY-TONA-OIS Compound","M","02-Feb-2026","STP","","3.5","","","C-MWIRE","","0","0","","","0","0","",
"CPTY ALLEGED","N/A","Doc(s) Req'd","","N","N","MWMF_FUND1","38110217_1","M.BANK","","Cap JPY RFR 1y","B","38110217","02-Feb-2026 05:40:20 AM","46930864.2","JPY","02-Feb-2026 05:40:35 AM","04-Feb-2027","234654321","JPY","CPFL","CPFL","02-Feb-2026","","","New","","","","0","0","","JPY-TONA-OIS Compound","","02-Feb-2026","STP","two-way","4","","","","","0","0","","","0","0","",
"CONFIRMED","N/A","Executed","02-Feb-2026 at 05:37:00 AM EST - vikram.singh@ihsmarkit.com -  ' Trade manually affirmed '|02-Feb-2026 at 05:36:55 AM EST - MarkitWire -  ' 1683 :Disputed Field(s): Fee(w/ tolerance btwn 0.0 and 8.0) (Client : JPY 107),Fee Direction (Client : Receive), [ Allocations-->|1683:MWMF_FUND1:Fee (Client : JPY 107) ].Status updated to Disputed '|02-Feb-2026 at 05:36:54 AM EST - System -  ' Disputed Field(s): Fee(w/ tolerance btwn 0.0 and 8.0) (Client : JPY 107),Fee Direction (Client : Receive), [ Allocations-->|1683:MWMF_FUND1:Fee (Client : JPY 107) ].Status updated to Disputed '|","N","N","1683","38110215_1","M.BANK","S38110215_1","","Sell","38110215","02-Feb-2026 05:36:18 AM","107","JPY","02-Feb-2026 05:37:03 AM","04-Feb-2028","270637300","JPY","CPFL","CPFL","02-Feb-2026","TAUTO38110215_1","","New","","","","0","5412746","2","JPY-TONA-OIS Compound","M","02-Feb-2026","STP","","3.5","","","C-MWIRE","","0","0","","","0","0","",
"CONFIRMED","N/A","Executed","","N","N","1683","38110214_1","M.BANK","S38110214_1","","Sell","38110214","02-Feb-2026 05:33:12 AM","0","JPY","02-Feb-2026 05:33:50 AM","04-Feb-2028","274822060","JPY","CPFL","CPFL","02-Feb-2026","TAUTO38110214_1","","New","","","","0","5496441.2","2","JPY-TONA-OIS Compound","M","02-Feb-2026","STP","","3.5","","","C-MWIRE","","0","0","","","0","0","",
"CONFIRMED","N/A","Executed","02-Feb-2026 at 05:26:21 AM EST - vikram.singh@ihsmarkit.com -  ' Trade manually affirmed '|02-Feb-2026 at 05:26:12 AM EST - MarkitWire -  ' 1683 :Disputed Field(s): Fee 2(w/ tolerance btwn 0.0 and 8.0) (Client : JPY 100), [ Allocations-->|1683:MWMF_FUND1:Fee 2 (Client : JPY 100) ].Status updated to Disputed '|02-Feb-2026 at 05:26:11 AM EST - System -  ' Disputed Field(s): Fee 2(w/ tolerance btwn 0.0 and 8.0) (Dealer : JPY 112), [ Allocations-->|1683:MWMF_FUND1:Fee 2 (Dealer : JPY 112) ]. Status updated to Disputed '|","N","N","1683","38110213_1","M.BANK","S38110213_1","","Sell","38110213","02-Feb-2026 05:25:22 AM","0","JPY","02-Feb-2026 05:26:23 AM","04-Feb-2028","278964810","JPY","CPFL","CPFL","02-Feb-2026","TAUTO38110213_1","","New","","","","0","5579296.2","2","JPY-TONA-OIS Compound","M","02-Feb-2026","STP","","3.5","","","C-MWIRE","","0","0","","","0","0","",
"CONFIRMED","N/A","Executed","02-Feb-2026 at 05:19:04 AM EST - vikram.singh@ihsmarkit.com -  ' Trade manually affirmed '|02-Feb-2026 at 05:18:58 AM EST - System -  ' Disputed Field(s): Fee 2(w/ tolerance btwn 0.0 and 8.0) (Client : JPY 3), [ Allocations-->|1683:MWMF_FUND1:Fee 2 (Client : JPY 3) ].Status updated to Disputed '|02-Feb-2026 at 05:18:58 AM EST - System -  ' Disputed Field(s): Fee 2(w/ tolerance btwn 0.0 and 8.0) (Dealer : JPY 112), [ Allocations-->|1683:MWMF_FUND1:Fee 2 (Dealer : JPY 112) ]. Status updated to Disputed '|","N","N","1683","38110211_1","M.BANK","S38110211_1","","Sell","38110211","02-Feb-2026 05:18:25 AM","0","JPY","02-Feb-2026 05:19:07 AM","04-Feb-2028","957246940","JPY","CPFL","CPFL","02-Feb-2026","TAUTO38110211_1","","New","","","","0","19144938.8","2","JPY-TONA-OIS Compound","M","02-Feb-2026","STP","","3.5","","","C-MWIRE","","0","0","","","0","0","",
"CONFIRMED","N/A","Executed","02-Feb-2026 at 05:17:07 AM EST - vikram.singh@ihsmarkit.com -  ' Trade manually affirmed '|02-Feb-2026 at 05:17:02 AM EST - MarkitWire -  ' 1683 :Disputed Field(s): Float leg payment lag (Client : 3).Status updated to Disputed '|02-Feb-2026 at 05:17:01 AM EST - System -  ' Disputed Field(s): Float leg payment lag (Client : 3).Status updated to Disputed '|","N","N","1683","38110209_1","M.BANK","S38110209_1","","Sell","38110209","02-Feb-2026 05:16:19 AM","0","JPY","02-Feb-2026 05:17:09 AM","04-Feb-2028","516171590","JPY","CPFL","CPFL","02-Feb-2026","TAUTO38110209_1","","New","","","","0","10323431.8","2","JPY-TONA-OIS Compound","M","02-Feb-2026","STP","","3.5","","","C-MWIRE","","0","0","","","0","0","",
"CONFIRMED","N/A","Executed","02-Feb-2026 at 04:34:35 AM EST - vikram.singh@ihsmarkit.com -  ' Trade manually affirmed '|02-Feb-2026 at 04:34:30 AM EST - System -  ' Disputed Field(s): Float leg payment lag (Dealer : 2). Status updated to Disputed '|02-Feb-2026 at 04:34:30 AM EST - System -  ' Disputed Field(s): Float leg payment lag (Client : 3).Status updated to Disputed '|","N","N","1683","38110208_1","M.BANK","S38110208_1","","Sell","38110208","02-Feb-2026 04:33:53 AM","0","JPY","02-Feb-2026 04:34:39 AM","04-Feb-2028","255425000","JPY","CPFL","CPFL","02-Feb-2026","TAUTO38110208_1","","New","","","","0","5108500","2","JPY-TONA-OIS Compound","M","02-Feb-2026","STP","","3.5","","","C-MWIRE","","0","0","","","0","0","",
"CONFIRMED","N/A","Executed","02-Feb-2026 at 04:03:25 AM EST - vikram.singh@ihsmarkit.com -  ' Trade manually affirmed '|02-Feb-2026 at 04:03:21 AM EST - MarkitWire -  ' 1683 :Disputed Field(s): Float leg payment lag (Client : 3).Status updated to Disputed '|02-Feb-2026 at 04:03:20 AM EST - System -  ' Disputed Field(s): Float leg payment lag (Dealer : 2). Status updated to Disputed '|","N","N","1683","38110207_1","M.BANK","S38110207_1","","Sell","38110207","02-Feb-2026 04:02:43 AM","0","JPY","02-Feb-2026 04:03:27 AM","04-Feb-2028","547237850","JPY","CPFL","CPFL","02-Feb-2026","TAUTO38110207_1","","New","","","","0","10944757","2","JPY-TONA-OIS Compound","M","02-Feb-2026","STP","","3.5","","","C-MWIRE","","0","0","","","0","0","",
"CPTY ALLEGED","N/A","Doc(s) Req'd","","N","N","MWMF_FUND1","38110206_1","M.BANK","","Cap JPY RFR 2y","B","38110206","02-Feb-2026 04:01:53 AM","0","JPY","02-Feb-2026 04:01:59 AM","04-Feb-2028","998795950","JPY","CPFL","CPFL","02-Feb-2026","","","New","","","","0","19975919","2","JPY-TONA-OIS Compound","","02-Feb-2026","STP","two-way","3.5","","","","","0","0","","","0","0","",
"DISPUTED","N/A","Doc(s) Req'd","23-Jan-2026 at 02:56:30 PM EST - System -  ' Disputed Field(s): 2nd Leg Effective Date (Client : 27-Jan-2027),Cannot upload fees where mismatch exists. Fee 1 (Client : USD 100).Status updated to Disputed '|23-Jan-2026 at 02:56:30 PM EST - System -  ' Disputed Field(s): 2nd Leg Effective Date (Dealer : 27-Jan-2026),Cannot upload fees where mismatch exists. Fee 1 (Dealer : USD 112). Status updated to Disputed '|23-Jan-2026 at 02:55:36 PM EST - System -  ' Disputed Field(s): Maturity Date (Client : 27-Jan-2026),Float leg roll convention (Client : 14),Fixed leg roll convention (Client : 14),2nd Leg Effective Date (Client : 27-Jan-2027),Cannot upload fees where mismatch exists. Fee 1 (Client : USD (...) '|","N","N","Block","38110162_1","M.BANK/M.BANK","IRS_24022026_Trade","","Recv Fixed","38110162","23-Jan-2026 02:51:25 PM","100","USD","02-Feb-2026 03:59:07 AM","27-Jan-2027","12000000","USD","IRS","IRSW","24-Jan-2026","IRS_24022026_Trade","","New","","7","","","","","USD-SOFR CME Term","M","24-Jan-2026","","","","","","","","","","","","","","",
"CONFIRMED","N/A","Executed","02-Feb-2026 at 03:48:53 AM EST - vikram.singh@ihsmarkit.com -  ' Trade manually affirmed '|02-Feb-2026 at 03:48:48 AM EST - MarkitWire -  ' 1683 :Disputed Field(s): Float leg payment lag (Client : 3).Status updated to Disputed '|02-Feb-2026 at 03:48:47 AM EST - System -  ' Disputed Field(s): Float leg payment lag (Dealer : 2). Status updated to Disputed '|","N","N","1683","38110205_1","M.BANK","S38110205_1","","Sell","38110205","02-Feb-2026 03:47:54 AM","0","JPY","02-Feb-2026 03:48:57 AM","04-Feb-2028","703947820","JPY","CPFL","CPFL","02-Feb-2026","TAUTO38110205_1","","New","","","","0","14078956.4","2","JPY-TONA-OIS Compound","M","02-Feb-2026","STP","","3.5","","","C-MWIRE","","0","0","","","0","0","",
"CONFIRMED","N/A","Executed","02-Feb-2026 at 03:32:03 AM EST - MarkitWire -  ' Allocations have been uploaded. Please affirm '|02-Feb-2026 at 03:31:53 AM EST - vikram.singh@ihsmarkit.com -  ' Trade manually affirmed '|02-Feb-2026 at 03:31:45 AM EST - MarkitWire -  ' Disputed Field(s): Fixed leg roll convention (Client : 31).Status updated to Disputed '|","N","N","Block","38110202_1","M.BANK","S38110202_1","","Pay Fixed","38110202","02-Feb-2026 03:32:26 AM","1000","CAD","02-Feb-2026 03:32:39 AM","02-Feb-2027","435765780","CAD","IRS","IRSW","02-Feb-2026","TAUTO38110202_1","","New","","8.2","","0","8715315.6","","CAD-CDOR","M","02-Feb-2026","STP","","","","","C-MWIRE","","0","0","","","0","0","",
"CONFIRMED","N/A","Executed","02-Feb-2026 at 03:11:47 AM EST - MarkitWire -  ' Allocations have been uploaded. Please affirm '|02-Feb-2026 at 03:11:35 AM EST - vikram.singh@ihsmarkit.com -  ' Trade manually affirmed '|02-Feb-2026 at 03:11:29 AM EST - MarkitWire -  ' Disputed Field(s): Fixed leg roll convention (Client : 31).Status updated to Disputed '|","N","N","Block","38110199_1","M.BANK","S38110199_1","","Pay Fixed","38110199","02-Feb-2026 03:12:14 AM","1000","CAD","02-Feb-2026 03:12:25 AM","02-Feb-2027","880217140","CAD","IRS","IRSW","02-Feb-2026","TAUTO38110199_1","","New","","8.2","","0","17604342.8","","CAD-CDOR","M","02-Feb-2026","STP","","","","","C-MWIRE","","0","0","","","0","0","",
"ALLOC DELIV","N/A","Doc(s) Req'd","02-Feb-2026 at 03:03:28 AM EST - MarkitWire -  ' Allocations have been uploaded. Please affirm '|02-Feb-2026 at 03:03:20 AM EST - vikram.singh@ihsmarkit.com -  ' Trade manually affirmed '|02-Feb-2026 at 03:00:49 AM EST - MarkitWire -  ' Disputed Field(s): Fixed leg roll convention (Client : 31).Status updated to Disputed '|","N","N","Block","38110198_1","M.BANK","S38110198_1","","Pay Fixed","38110198","02-Feb-2026 03:00:04 AM","1000","CAD","02-Feb-2026 03:03:41 AM","02-Feb-2027","486417460","CAD","IRS","IRSW","02-Feb-2026","TAUTO38110198_1","","New","","8.2","","","9728349.2","","CAD-CDOR","M","02-Feb-2026","","","","","","","","","","","","","","",
"CPTY ALLEGED","N/A","Doc(s) Req'd","","N","N","Block","38110197_1","M.BANK","","IRS CAD 1Y","Recv Fixed","38110197","02-Feb-2026 02:55:41 AM","1000","CAD","02-Feb-2026 02:55:49 AM","02-Feb-2027","811956020","CAD","IRS","IRS","02-Feb-2026","","","New","","8.2","","0","16239120.4","","CAD-CDOR","","02-Feb-2026","STP","two-way","","","","","","0","0","","","0","0","",
"CPTY ALLEGED","N/A","Doc(s) Req'd","","N","N","Block","38110196_1","M.BANK","","IRS CAD 1Y","Recv Fixed","38110196","02-Feb-2026 02:53:36 AM","1000","CAD","02-Feb-2026 02:53:45 AM","02-Feb-2027","342018610","CAD","IRS","IRS","02-Feb-2026","","","New","","8.2","","0","6840372.2","","CAD-CDOR","","02-Feb-2026","STP","two-way","","","","","","0","0","","","0","0","",
"CPTY ALLEGED","N/A","Doc(s) Req'd","","N","N","Block","38110195_1","M.BANK","","IRS CAD 1Y","Recv Fixed","38110195","02-Feb-2026 02:43:11 AM","1000","CAD","02-Feb-2026 02:43:21 AM","02-Feb-2027","848939810","CAD","IRS","IRS","02-Feb-2026","","","New","","8.2","","0","16978796.2","","CAD-CDOR","","02-Feb-2026","STP","two-way","","","","","","0","0","","","0","0","",
"CPTY ALLEGED","N/A","Doc(s) Req'd","","N","N","Block","38110194_1","M.BANK","","IRS CAD 1Y","Recv Fixed","38110194","02-Feb-2026 02:30:11 AM","1000","CAD","02-Feb-2026 02:30:19 AM","02-Feb-2027","929374620","CAD","IRS","IRS","02-Feb-2026","","","New","","8.2","","0","18587492.4","","CAD-CDOR","","02-Feb-2026","STP","two-way","","","","","","0","0","","","0","0","",
"CPTY ALLEGED","N/A","Doc(s) Req'd","","N","N","Block","38110193_1","M.BANK","","IRS CAD 1Y","Recv Fixed","38110193","02-Feb-2026 02:28:47 AM","1000","CAD","02-Feb-2026 02:28:58 AM","02-Feb-2027","726487680","CAD","IRS","IRS","02-Feb-2026","","","New","","8.2","","0","14529753.6","","CAD-CDOR","","02-Feb-2026","STP","two-way","","","","","","0","0","","","0","0","",
"CPTY ALLEGED","N/A","Doc(s) Req'd","","N","N","Block","38110192_1","M.BANK","","FRA EUR 6 x 7","Buy","38110192","02-Feb-2026 01:49:13 AM","0","EUR","02-Feb-2026 01:50:16 AM","04-Sep-2026","16000000","EUR","FRA","FRA","02-Feb-2026","","","New","","5","","0","320000","2","EUR-EURIBOR","","02-Feb-2026","STP","two-way","","","","","","0","0","","","0","0","LCHSGB2L",
"DISPUTED","N/A","Doc(s) Req'd","28-Jan-2026 at 02:53:05 AM EST - System -  ' Disputed Field(s): 2nd Leg Effective Date (Dealer : 30-Jan-2026),Cannot upload fees where mismatch exists. Fee 1 (Dealer : USD 112). Status updated to Disputed '|28-Jan-2026 at 02:53:05 AM EST - System -  ' Disputed Field(s): 2nd Leg Effective Date (Client : 30-Jan-2027),Cannot upload fees where mismatch exists. Fee 1 (Client : USD 100).Status updated to Disputed '|28-Jan-2026 at 02:51:22 AM EST - System -  ' Disputed Field(s): Maturity Date (Client : 27-Jan-2027),2nd Leg Effective Date (Client : 30-Jan-2027),Cannot upload fees where mismatch exists. Fee 1 (Client : USD 100).Status updated to Disputed '|","N","N","Block","38110173_1","M.BANK/M.BANK","IRS_24022026_Trade_AP","","Recv Fixed","38110173","28-Jan-2026 02:42:11 AM","100","USD","28-Jan-2026 03:09:08 AM","30-Jan-2027","12000000","USD","IRS","IRSW","28-Jan-2026","IRS_24022026_Trade_AP","","New","","7","","","","","USD-SOFR CME Term","M","28-Jan-2026","","","","","","","","","","","","","","",
"CPTY ALLEGED","N/A","Doc(s) Req'd","","N","N","Block","38110175_1","M.BANK","","FRA EUR 6 x 12","Sell","38110175","28-Jan-2026 02:47:26 AM","0","EUR","28-Jan-2026 02:47:34 AM","29-Jan-2027","378154390","EUR","FRA","FRA","28-Jan-2026","","","New","","1.234568","","0","7563087.8","2","EUR-EURIBOR","","28-Jan-2026","STP","two-way","","","","","","0","0","","","0","0","LCHSGB2L",
"ERROR","N/A","Doc(s) Req'd","","N","N","Block","38110172_1","M.BANK","FRA_test_auto_trade","","Sell","38110172","28-Jan-2026 02:35:25 AM","0","EUR","28-Jan-2026 02:44:26 AM","31-Aug-2026","16000000","EUR","FRA","FRA","28-Jan-2026","FRA_test_auto_trade","","New","","5","","","320000","2","EUR-EURIBOR","M","28-Jan-2026","STP","","","","","","","","","","","","","LCHSGB2L",
"ALLOC UPLOAD","N/A","Doc(s) Req'd","23-Jan-2026 at 01:40:50 PM EST - mw.demo@markitserv.com -  ' Automatically Untied when Ticket Edited '|23-Jan-2026 at 01:40:50 PM EST - mw.demo@markitserv.com -  ' Automatically Untied when Ticket Edited '|23-Jan-2026 at 01:39:09 PM EST - System -  ' Disputed Field(s): Cannot upload fees where mismatch exists. Fee 1 (Dealer : USD 110). Status updated to Disputed '|","N","N","Block","38110159_1","M.BANK","CCBSWP_Trade_23012026","","Pay","38110159","23-Jan-2026 01:18:46 PM","109","USD","24-Jan-2026 07:33:15 PM","27-Jan-2027","0","EUR","CCBSWP","CCBSWP","23-Jan-2026","CCBSWP_Trade_23012026","","New","","","","","7302993.64","0","USD-SOFR-OIS Compound","M","23-Jan-2026","","","","","","","","","","","","","","",
"DISPUTED","N/A","Doc(s) Req'd","23-Jan-2026 at 06:28:25 PM EST - System -  ' Disputed Field(s): Cannot upload fees where mismatch exists. Fee 1 (Client : USD 100),1st Leg Non Deliverable (Client : false).Status updated to Disputed '|23-Jan-2026 at 06:28:25 PM EST - System -  ' Disputed Field(s): Cannot upload fees where mismatch exists. Fee 1 (Dealer : USD 109),1st Leg Non Deliverable (Dealer : true). Status updated to Disputed '|23-Jan-2026 at 02:30:49 PM EST - System -  ' Disputed Field(s): 1st Leg Non Deliverable (Dealer : true),Cannot upload fees where mismatch exists. Fee 1 (Dealer : USD 109). Status updated to Disputed '|","N","N","Block","38110160_1","M.BANK","CCBSWP_Trade_23012026_22379","","Pay","38110160","23-Jan-2026 01:52:25 PM","100","USD","23-Jan-2026 06:28:40 PM","28-Jan-2027","0","USD","CCBSWP","CCBSWP","24-Jan-2026","CCBSWP_Trade_23012026_22379","","New","","","","","7302993.64","","USD-SOFR-OIS Compound","M","24-Jan-2026","","","","","","","","","","","","","","",
"DISPUTED","N/A","Doc(s) Req'd","23-Jan-2026 at 02:45:59 PM EST - System -  ' Disputed Field(s): 1st Leg Non Deliverable (Client : false),Cannot upload fees where mismatch exists. Fee 1 (Client : USD 100).Status updated to Disputed '|23-Jan-2026 at 02:45:59 PM EST - System -  ' Disputed Field(s): 1st Leg Non Deliverable (Dealer : true),Cannot upload fees where mismatch exists. Fee 1 (Dealer : USD 112). Status updated to Disputed '|23-Jan-2026 at 02:45:59 PM EST - mw.demo@markitserv.com -  ' Trade manually linked '|","N","N","Block","38110161_1","M.BANK","CCBSWP_Test_23012026","","Pay","38110161","23-Jan-2026 02:42:21 PM","100","USD","23-Jan-2026 02:48:55 PM","28-Jan-2027","0","USD","CCBSWP","CCBSWP","24-Jan-2026","CCBSWP_Test_23012026","","New","","","","","7302993.64","","USD-SOFR-OIS Compound","M","24-Jan-2026","","","","","","","","","","","","","","",
"CONFIRMED","N/A","Executed","23-Jan-2026 at 01:17:44 PM EST - mw.demo@markitserv.com -  ' Trade manually affirmed '|23-Jan-2026 at 01:15:45 PM EST - MarkitWire -  ' 1684 :Disputed Field(s): Float Leg Non-Deliverable (Client : false),Fee1(w/ tolerance btwn 0.0 and 8.0) (Client : USD 100),Fee1 Date (Client : NOT PROVIDED), [ Allocations-->|1684:MWMF_FUND2:Fee1 (Client : USD 100) ].Status updated to Disputed '|23-Jan-2026 at 01:15:44 PM EST - System -  ' Disputed Field(s): Float Leg Non-Deliverable (Dealer : true),Fee1(w/ tolerance btwn 0.0 and 8.0) (Dealer : USD 109),Fee1 Date (Dealer : 27-Jan-2026), [ Allocations-->|1684:MWMF_FUND2:Fee1 (Dealer : USD 109) ]. Status updated to Disputed '|","N","N","1684","38110158_1","M.BANK","CCIRS_Trade_23012026","","Recv","38110158","23-Jan-2026 01:10:38 PM","100","USD","23-Jan-2026 01:17:58 PM","28-Jan-2027","16000000","USD","CCIRS","CCIRS","23-Jan-2026","CCIRS_Trade_23012026","","New","","4","","0","0","","INR-MIFOR","M","23-Jan-2026","STP","","","","","C-MWIRE","","0","0","","","0","0","",
"CONFIRMED","N/A","Executed","","N","N","Block","38110155_1","M.BANK","","IRS USD 1Y","Pay Fixed","38110155","21-Jan-2026 09:46:19 AM","100","USD","21-Jan-2026 09:51:39 AM","23-Jan-2027","14000000","USD","IRS","IRS","21-Jan-2026","","","New","","7","","0","0","","USD-SOFR CME Term","","21-Jan-2026","STP","","","","","C-MWIRE","","0","0","","","0","0","",
"ALLEGED","N/A","Doc(s) Req'd","","N","N","1683","","M.BANK","PA_EQO_09012026_T1","","Buy","","","5000","USD","09-Jan-2026 09:45:58 AM","09-Jan-2026","0","USD","EQO","EQO","09-Jan-2026","PA_EQO_09012026_T1","","New","","","","","","",".SPX","M","09-Jan-2026","","","5","Qty 1000","","","1","","","","","","","",
"ALLEGED","N/A","Doc(s) Req'd","","N","N","1683","","M.BANK","SP_EQO_201125_T203_raj","","Buy","","","5000","USD","09-Jan-2026 06:56:52 AM","01-Dec-2025","0","USD","EQO","EQO","09-Jan-2026","SP_EQO_201125_T203_raj","","New","","","","","","",".SPX","M","09-Jan-2026","","","5","Qty 1000","","","1","","","","","","","",
"ALLEGED","N/A","Doc(s) Req'd","","N","N","1683","","M.BANK","SP_EQO_201125_T201","","Buy","","","5000","USD","09-Jan-2026 05:10:04 AM","01-Dec-2025","0","USD","EQO","EQO","08-Jan-2026","SP_EQO_201125_T201","","New","","","","","","",".SPX","M","08-Jan-2026","","","5","Qty 1000","","","1","","","","","","","",
"ALLEGED","N/A","Doc(s) Req'd","","N","N","1683","","M.BANK","Rajunit_EQO_DIGITAL_10Jan03","","Sell","","","5000","USD","09-Jan-2026 04:52:53 AM","19-Feb-2027","1000.9","USD","EQO","EQO","09-Jan-2026","Rajunit_EQO_DIGITAL10Jan03_INC","","New","","","","","1000","",".SPX","M","09-Jan-2026","","","12",null"","","111","","","","","","","",
"ALLEGED","N/A","Doc(s) Req'd","","N","N","1683","","M.BANK","AP_SWO_109_T37","","Recv Fixed","","","146858.3","USD","13-Nov-2025 07:54:20 AM","02-Nov-2034","489527680","USD","SWO","SWO","31-Oct-2025","AP_SWO_109_T37","","New","","4","","","","","USD-SOFR-OIS Compound","M","31-Oct-2025","","","","","","","","","","","","","","",
"ALLEGED","N/A","Doc(s) Req'd","","N","","1683","","M.BANK","SP_111125_CCBS_T1","","Recv","","","","AUD","11-Nov-2025 01:46:00 AM","24-Oct-2026","7000000","AUD","CCBSWP","CCBSWP","22-Oct-2025","SP_111125_CCBS_T1","","New","","","","","","","USD-SOFR-OIS Compound","M","22-Oct-2025","","","","","","","","","","","","","","",
"CONFIRMED","N/A","Executed","","N","N","1683","38110029_1","M.BANK","S38110029_1","","Sell","38110029","18-Sep-2025 05:42:14 AM","0","USD","18-Sep-2025 05:42:38 AM","25-Sep-2025","101165328.33","USD","EQVS","EQVS","18-Sep-2025","TAUTO38110029_1","","New","","","","0","2000","","AIR.N","M","18-Sep-2025","STP","","9",null"","C-MWIRE","","0","0","","","0","0","",
"CONFIRMED","N/A","Executed","","N","N","1683","38110028_1","M.BANK","S38110028_1","","Sell","38110028","18-Sep-2025 05:40:41 AM","0","USD","18-Sep-2025 05:41:22 AM","25-Sep-2025","85225113.33","USD","EQVS","EQVS","18-Sep-2025","TAUTO38110028_1","","New","","","","0","2000","","AIR.N","M","18-Sep-2025","STP","","9",null"","C-MWIRE","","0","0","","","0","0","",
"ALLEGED","N/A","Doc(s) Req'd","","N","N","1683","","M.BANK","S38110027_1","","Pay Equity,Rec Interest","","","0","AUD","18-Sep-2025 05:36:03 AM","22-Sep-2027","40000","AUD","EQS","EQS","18-Sep-2025","TAUTO38110027_1","","New","","","","","","","QAN.AX","M","18-Sep-2025","","","","Qty 200","","","","","","","","","","",
"ALLEGED","N/A","Doc(s) Req'd","18-Sep-2025 at 05:34:35 AM EDT - System -  ' Disputed Field(s): Swap Direction (Client : Pay Equity,Rec Interest).Status updated to Disputed '|18-Sep-2025 at 05:34:35 AM EDT - System -  ' Disputed Field(s): Swap Direction (Dealer : Pay Equity,Rec Interest). Status updated to Disputed '|","N","N","1683","","M.BANK","S38110026_1","","Pay Equity,Rec Interest","","","0","AUD","18-Sep-2025 05:34:36 AM","22-Sep-2027","40000","AUD","EQS","EQS","18-Sep-2025","TAUTO38110026_1","","New","","","","","","","QAN.AX","M","18-Sep-2025","","","","Qty 200","","","","","","","","","","",
"CONFIRMED","N/A","Executed","","N","N","1683","38110003_1","M.BANK","S38110025_1","","Sell","38110003","18-Sep-2025 04:37:19 AM","54210","USD","18-Sep-2025 05:29:39 AM","20-Sep-2027","0","USD","EQO","EQO","18-Sep-2025","TAUTO38110025_1","","New","","","","","5000","","GOOG.OQ","M","18-Sep-2025","STP","","11","Qty 4170","","C-MWIRE","","","","","","","","",
"CONFIRMED","N/A","Executed","18-Sep-2025 at 04:36:39 AM EDT - MarkitWire -  ' 1683 :Disputed Field(s): Fee(w/ tolerance btwn 0.0 and 1.0) (Client : USD 3100), [ Allocations-->|1683:MWMF_FUND1:Fee (Client : USD 3100) ].Status updated to Disputed '|","N","N","1683","38110002_1","M.BANK","S38110024_1","","Sell","38110002","18-Sep-2025 04:35:59 AM","54210","USD","18-Sep-2025 05:28:03 AM","20-Sep-2027","0","USD","EQO","EQO","18-Sep-2025","TAUTO38110024_1","","New","","","","","5000","","GOOG.OQ","M","18-Sep-2025","STP","","11","Qty 4170","","C-MWIRE","","","","","","","","",
"CONFIRMED","N/A","Executed","","N","N","1683","38110023_1","M.BANK","S38110023_1","","Pay Fixed,Rec Dividend","38110023","18-Sep-2025 05:22:45 AM","0","EUR","18-Sep-2025 05:23:10 AM","18-Dec-2026","0","EUR","DIV","DIV","18-Sep-2025","TAUTO38110023_1","","New","","","","0","5000","",".SX7E","M","18-Sep-2025","STP","","23","Qty 617783350","","C-MWIRE","","0","0","","","0","0","",
"CONFIRMED","N/A","Executed","","N","N","1683","38110022_1","M.BANK","S38110022_1","","Pay Fixed,Rec Dividend","38110022","18-Sep-2025 05:21:08 AM","0","EUR","18-Sep-2025 05:21:49 AM","18-Dec-2026","0","EUR","DIV","DIV","18-Sep-2025","TAUTO38110022_1","","New","","","","0","5000","",".SX7E","M","18-Sep-2025","STP","","23","Qty 826452170","","C-MWIRE","","0","0","","","0","0","",
"CONFIRMED","N/A","Executed","","N","N","1683","38110021_1","M.BANK","S38110021_1","","Sell","38110021","18-Sep-2025 05:16:17 AM","0","USD","18-Sep-2025 05:16:40 AM","27-Jan-2027","40655671.79","USD","EQVS","EQVS","18-Sep-2025","TAUTO38110021_1","","New","","","","0","5000","",".SPXNTR","M","18-Sep-2025","STP","","34.2225",null"","C-MWIRE","","0","0","","","0","0","",
"CONFIRMED","N/A","Executed","","N","N","1683","38110020_1","M.BANK","S38110020_1","","Sell","38110020","18-Sep-2025 05:14:39 AM","0","USD","18-Sep-2025 05:15:04 AM","27-Jan-2027","53765510.26","USD","EQVS","EQVS","18-Sep-2025","TAUTO38110020_1","","New","","","","0","5000","",".SPXNTR","M","18-Sep-2025","STP","","34.2225",null"","C-MWIRE","","0","0","","","0","0","",
"CONFIRMED","N/A","Executed","","N","N","1683","38110019_1","M.BANK","S38110019_1","","Sell","38110019","18-Sep-2025 05:09:52 AM","12462131400","USD","18-Sep-2025 05:10:18 AM","15-Sep-2026","0","USD","EQO","EQO","18-Sep-2025","TAUTO38110019_1","","New","","","","0","0","",".SPXAV10P","M","18-Sep-2025","STP","","10","Qty 623106570","","C-MWIRE","1","0","0","","","0","0","",
"CONFIRMED","N/A","Executed","","N","N","1683","38110016_1","M.BANK","S38110016_1","","Sell","38110016","18-Sep-2025 05:08:13 AM","16145037600","USD","18-Sep-2025 05:08:39 AM","15-Sep-2026","0","USD","EQO","EQO","18-Sep-2025","TAUTO38110016_1","","New","","","","0","0","",".SPXAV10P","M","18-Sep-2025","STP","","10","Qty 807251880","","C-MWIRE","1","0","0","","","0","0","",
"ALLEGED","N/A","Doc(s) Req'd","","N","N","1683","","M.BANK","S38110005_1","","Sell","","","3100","USD","18-Sep-2025 04:44:06 AM","29-Jan-2027","474885430","USD","EQO","EQO","18-Sep-2025","TAUTO38110005_1","","New","","","","","","",".SPX","M","18-Sep-2025","","","12","Qty 0","","","1","","","","","","","",
"ALLEGED","N/A","Doc(s) Req'd","18-Sep-2025 at 04:42:58 AM EDT - System -  ' Disputed Field(s): Fee(w/ tolerance btwn 0.0 and 1.0) (Client : USD 3100), [ Allocations-->|1683:MWMF_FUND1:Fee (Client : USD 3100) ].Status updated to Disputed '|18-Sep-2025 at 04:42:58 AM EDT - System -  ' Disputed Field(s): Fee(w/ tolerance btwn 0.0 and 1.0) (Dealer : USD 5000), [ Allocations-->|1683:MWMF_FUND1:Fee (Dealer : USD 5000) ]. Status updated to Disputed '|","N","N","1683","","M.BANK","S38110004_1","","Sell","","","3100","USD","18-Sep-2025 04:42:59 AM","29-Jan-2027","734682940","USD","EQO","EQO","18-Sep-2025","TAUTO38110004_1","","New","","","","","","",".SPX","M","18-Sep-2025","","","12","Qty 0","","","1","","","","","","","",
"ALLEGED","N/A","Doc(s) Req'd","","N","N","1683","","M.BANK","S38110003_1","","Sell","","","3100","USD","18-Sep-2025 04:37:42 AM","20-Sep-2027","0","USD","EQO","EQO","18-Sep-2025","TAUTO38110003_1","","New","","","","","5000","","GOOG.OQ","M","18-Sep-2025","","","11","Qty 4170","","","","","","","","","","",
"ALLEGED","N/A","Doc(s) Req'd","18-Sep-2025 at 04:31:17 AM EDT - System -  ' Disputed Field(s): Valuation Dates (Client : NOT PROVIDED).Status updated to Disputed '|18-Sep-2025 at 04:31:17 AM EDT - System -  ' Disputed Field(s): Valuation Dates (Dealer : 01-Oct-2025). Status updated to Disputed '|","N","N","1683","","M.BANK","S38110001_1","","Buy","","","6853260000","EUR","18-Sep-2025 04:31:18 AM","01-Feb-2027","0","EUR","EQO","EQO","18-Sep-2025","TAUTO38110001_1","","New","","","","","","",".AEX","M","18-Sep-2025","","","12","Qty 685326000","","","1","","","","","","","",
"ALLEGED","N/A","Doc(s) Req'd","18-Sep-2025 at 04:30:09 AM EDT - System -  ' Disputed Field(s): Valuation Dates (Client : NOT PROVIDED).Status updated to Disputed '|18-Sep-2025 at 04:30:09 AM EDT - System -  ' Disputed Field(s): Valuation Dates (Dealer : 01-Oct-2025). Status updated to Disputed '|","N","N","1683","","M.BANK","S38109999_1","","Buy","","","9773989400","EUR","18-Sep-2025 04:30:10 AM","01-Feb-2027","0","EUR","EQO","EQO","18-Sep-2025","TAUTO38109999_1","","New","","","","","","",".AEX","M","18-Sep-2025","","","12","Qty 977398940","","","1","","","","","","","",
"ALLEGED","N/A","Doc(s) Req'd","18-Sep-2025 at 04:18:20 AM EDT - System -  ' Disputed Field(s): MarkitWire Defaults modified by the dealer on following fields(Equity Payment End Dates, Interest End Dates).Status updated to Disputed '|18-Sep-2025 at 04:18:20 AM EDT - System -  ' Disputed Field(s): MarkitWire Defaults modified by the dealer on following fields(Equity Payment End Dates, Interest End Dates). Status updated to Disputed '|","N","N","1683","","M.BANK","S38109995_1","","Rec Equity,Pay Interest","","","0","USD","18-Sep-2025 04:18:20 AM","22-Sep-2027","3210671378040","USD","EQS","EQS","18-Sep-2025","TAUTO38109995_1","","New","","","","","7860","","QAN.AX","M","18-Sep-2025","","","","Qty 475232590","","","","","","","","","","",
"ALLEGED","N/A","Doc(s) Req'd","18-Sep-2025 at 04:17:05 AM EDT - System -  ' Disputed Field(s): MarkitWire Defaults modified by the dealer on following fields(Equity Payment End Dates, Interest End Dates).Status updated to Disputed '|18-Sep-2025 at 04:17:05 AM EDT - System -  ' Disputed Field(s): MarkitWire Defaults modified by the dealer on following fields(Equity Payment End Dates, Interest End Dates). Status updated to Disputed '|","N","N","1683","","M.BANK","S38109994_1","","Rec Equity,Pay Interest","","","0","USD","18-Sep-2025 04:17:06 AM","22-Sep-2027","2222777507520","USD","EQS","EQS","18-Sep-2025","TAUTO38109994_1","","New","","","","","7860","","QAN.AX","M","18-Sep-2025","","","","Qty 329007920","","","","","","","","","","",
"CONFIRMED","N/A","Executed","","N","N","1683","38109993_1","M.BANK","S38109993_1","","Sell","38109993","18-Sep-2025 04:11:30 AM","5000","USD","18-Sep-2025 04:11:55 AM","29-Jan-2027","453880140","USD","EQO","EQO","18-Sep-2025","TAUTO38109993_1","","New","","","","0","1000","",".SPX","M","18-Sep-2025","STP","","12","Qty 0","","C-MWIRE","1","0","0","","","0","0","",
"CONFIRMED","N/A","Executed","","N","N","1683","38109992_1","M.BANK","S38109992_1","","Sell","38109992","18-Sep-2025 04:10:05 AM","5000","USD","18-Sep-2025 04:10:31 AM","29-Jan-2027","673025990","USD","EQO","EQO","18-Sep-2025","TAUTO38109992_1","","New","","","","0","1000","",".SPX","M","18-Sep-2025","STP","","12","Qty 0","","C-MWIRE","1","0","0","","","0","0","",
"CONFIRMED","N/A","Executed","","N","N","1683","38109991_1","M.BANK","S38109991_1","","Sell","38109991","18-Sep-2025 04:05:06 AM","16043930600","USD","18-Sep-2025 04:05:32 AM","15-Sep-2026","0","USD","EQO","EQO","18-Sep-2025","TAUTO38109991_1","","New","","","","0","0","",".SPXAV10P","M","18-Sep-2025","STP","","10","Qty 802196530","","C-MWIRE","1","0","0","","","0","0","",
"CONFIRMED","N/A","Executed","","N","N","1683","38109988_1","M.BANK","S38109988_1","","Sell","38109988","18-Sep-2025 04:03:39 AM","13734930600","USD","18-Sep-2025 04:04:05 AM","15-Sep-2026","0","USD","EQO","EQO","18-Sep-2025","TAUTO38109988_1","","New","","","","0","0","",".SPXAV10P","M","18-Sep-2025","STP","","10","Qty 686746530","","C-MWIRE","1","0","0","","","0","0","",
"CONFIRMED","N/A","Executed","","N","N","1683","38109987_1","M.BANK","S38109987_1","","Sell","38109987","18-Sep-2025 03:57:53 AM","54210","USD","18-Sep-2025 03:58:19 AM","20-Sep-2027","0","USD","EQO","EQO","18-Sep-2025","TAUTO38109987_1","","New","","","","","5000","","GOOG.OQ","M","18-Sep-2025","STP","","11","Qty 4170","","C-MWIRE","","","","","","","","",
"CONFIRMED","N/A","Executed","","N","N","1683","38109985_1","M.BANK","S38109985_1","","Sell","38109985","18-Sep-2025 03:51:29 AM","6812900800","USD","18-Sep-2025 03:51:55 AM","15-Sep-2026","0","USD","EQO","EQO","18-Sep-2025","TAUTO38109985_1","","New","","","","0","0","",".SPXAV10P","M","18-Sep-2025","STP","","10","Qty 340645040","","C-MWIRE","1","0","0","","","0","0","",
"CONFIRMED","N/A","Executed","","N","N","1683","38109982_1","M.BANK","S38109982_1","","Sell","38109982","18-Sep-2025 03:44:53 AM","54210","USD","18-Sep-2025 03:45:20 AM","20-Sep-2027","0","USD","EQO","EQO","18-Sep-2025","TAUTO38109982_1","","New","","","","","5000","","GOOG.OQ","M","18-Sep-2025","STP","","11","Qty 4170","","C-MWIRE","","","","","","","","",
"ALLEGED","N/A","Doc(s) Req'd","18-Sep-2025 at 03:39:16 AM EDT - System -  ' Disputed Field(s): MarkitWire Defaults modified by the dealer on following fields(Equity Payment End Dates, Interest End Dates).Status updated to Disputed '|18-Sep-2025 at 03:39:16 AM EDT - System -  ' Disputed Field(s): MarkitWire Defaults modified by the dealer on following fields(Equity Payment End Dates, Interest End Dates). Status updated to Disputed '|","N","N","1683","","M.BANK","S38109981_1","","Rec Equity,Pay Interest","","","0","USD","18-Sep-2025 03:39:17 AM","22-Sep-2027","6412150947840","USD","EQS","EQS","18-Sep-2025","TAUTO38109981_1","","New","","","","","7860","","QAN.AX","M","18-Sep-2025","","","","Qty 949104640","","","","","","","","","","",
"CONFIRMED","N/A","Executed","","N","N","1683","38109980_1","M.BANK","S38109980_1","","Sell","38109980","18-Sep-2025 03:38:28 AM","18852142000","USD","18-Sep-2025 03:38:55 AM","15-Sep-2026","0","USD","EQO","EQO","18-Sep-2025","TAUTO38109980_1","","New","","","","0","0","",".SPXAV10P","M","18-Sep-2025","STP","","10","Qty 942607100","","C-MWIRE","1","0","0","","","0","0","",
"CONFIRMED","N/A","Executed","","N","N","1683","38109978_1","M.BANK","S38109978_1","","Sell","38109978","18-Sep-2025 03:32:16 AM","0","USD","18-Sep-2025 03:32:43 AM","25-Sep-2025","160845616.67","USD","EQVS","EQVS","18-Sep-2025","TAUTO38109978_1","","New","","","","0","2000","","AIR.N","M","18-Sep-2025","STP","","9",null"","C-MWIRE","","0","0","","","0","0","",
"CONFIRMED","N/A","Executed","","N","N","1683","38109977_1","M.BANK","S38109977_1","","Sell","38109977","18-Sep-2025 03:25:50 AM","0","USD","18-Sep-2025 03:26:17 AM","25-Sep-2025","121488056.67","USD","EQVS","EQVS","18-Sep-2025","TAUTO38109977_1","","New","","","","0","2000","","AIR.N","M","18-Sep-2025","STP","","9",null"","C-MWIRE","","0","0","","","0","0","",
"ALLEGED","N/A","Doc(s) Req'd","18-Sep-2025 at 03:19:47 AM EDT - System -  ' Disputed Field(s): MarkitWire Defaults modified by the dealer on following fields(Equity Payment End Dates, Interest End Dates).Status updated to Disputed '|18-Sep-2025 at 03:19:47 AM EDT - System -  ' Disputed Field(s): MarkitWire Defaults modified by the dealer on following fields(Equity Payment End Dates, Interest End Dates). Status updated to Disputed '|","N","N","1683","","M.BANK","S38109975_1","","Rec Equity,Pay Interest","","","0","USD","18-Sep-2025 03:19:48 AM","22-Sep-2027","421484299200","USD","EQS","EQS","18-Sep-2025","TAUTO38109975_1","","New","","","","","7860","","QAN.AX","M","18-Sep-2025","","","","Qty 720","","","","","","","","","","",
"CONFIRMED","N/A","Executed","","N","N","1683","38109974_1","M.BANK","S38109974_1","","Sell","38109974","18-Sep-2025 03:19:20 AM","5000","USD","18-Sep-2025 03:19:47 AM","29-Jan-2027","197222010","USD","EQO","EQO","18-Sep-2025","TAUTO38109974_1","","New","","","","0","0","",".SPX","M","18-Sep-2025","STP","","12","Qty 0","","C-MWIRE","1","0","0","","","0","0","",
"CONFIRMED","N/A","Executed","","N","N","1683","38109973_1","M.BANK","S38109973_1","","Sell","38109973","18-Sep-2025 03:12:52 AM","3910499600","USD","18-Sep-2025 03:13:25 AM","15-Sep-2026","0","USD","EQO","EQO","18-Sep-2025","TAUTO38109973_1","","New","","","","0","0","",".SPXAV10P","M","18-Sep-2025","STP","","10","Qty 195524980","","C-MWIRE","1","0","0","","","0","0","",
"CONFIRMED","N/A","Executed","","N","N","1683","38109972_1","M.BANK","S38109972_1","","Sell","38109972","18-Sep-2025 03:12:35 AM","16998669800","USD","18-Sep-2025 03:13:24 AM","15-Sep-2026","0","USD","EQO","EQO","18-Sep-2025","TAUTO38109972_1","","New","","","","0","0","",".SPXAV10P","M","18-Sep-2025","STP","","10","Qty 849933490","","C-MWIRE","1","0","0","","","0","0","",
"CONFIRMED","N/A","Executed","","N","N","1683","38109306_2","M.BANK","S38109306_2","","Recv Fixed","38109306","20-Mar-2025 09:40:09 PM","0","USD","20-Mar-2025 09:40:37 PM","25-Mar-2027","323362285","USD","SWO","SWO","23-Mar-2026","TAUTO38109306_2","","F.Term","","4","","","0","","USD-SOFR-OIS Compound","M","23-Mar-2026","STP","","","","","C-MWIRE","","","","","","","","",
