"Status","Clearing Status","Doc Status","Cmt","Priority","Post Clearing Event","Account","Cpty Trade Id","Cpty(s)","Deal ID","Description","Direction","Cpty Ref ID","Execution Timestamp","Fee","Fee CCY","Last Activity","Maturity Date","Notional","CCY","Product","My Product Type Id","Trade Date","Trade ID","Trader Name","Type","A (Amended)","Fixed Rate (1st Leg Rate)","Floating Rate (2nd Leg Rate)","FV Notional","Independent Amount $","Independent Amount %","Index/Underlying","M (Modified)","Novation Date","STP","Strategy","Strike Price","# Shares / Options","Additional Trade Id","Confirmed","Multiplier/Option Entitlement","Purchase Cash Amount","Repurchase Cash Amount","Repo Rate (%)","Repo Spread (bp)","Purchase Security Nominal","Purchase Security Quantity","SA Name"
"EE APPROVED","N/A","Doc(s) Req'd","13-Aug-2026 at 12:22:00 PM EDT - jessie.liu@ihsmarkit.com -  ' Trade manually affirmed '|13-Aug-2026 at 10:03:40 AM EDT - SWMatcher -  ' Matched Fields are Trade Signature, Cpty Trade Id & Account Id. Status updated to Affirmed '|","N","N","1684","JL_08132026","M.BANK/ABANK","JL_SWO_EEfeeupdate","","","JL_08132026","13-Aug-2026 09:55:17 AM","1000","EUR","13-Aug-2026 12:22:00 PM","12-Aug-2029","18000000","USD","SWO","SWO","12-Aug-2026","JL_SWO_feeupdate_nov","","Asgm","","7","","0","0","","EUR-EuroSTR-OIS Compound","M","12-Aug-2026","STP","","","",""," U","","0","0","","","0","0","",
"CONFIRMED","N/A","Executed","13-Aug-2026 at 09:44:16 AM EDT - jessie.liu@ihsmarkit.com -  ' Trade manually affirmed '|13-Aug-2026 at 09:42:12 AM EDT - SWMatcher -  ' Disputed Field(s): Swapswire Legal Entity (Client : A.BANK). Status updated to Disputed '|","N","N","1684","JL_08132026944","M.BANK/ABANK","JL_SWO_SC04_PartyB_13082026","","Recv Fixed","JL_SWO_SC04_PartyB_13082026","13-Aug-2026 09:36:10 AM","0","EUR","13-Aug-2026 09:44:39 AM","12-Aug-2029","13000000","USD","SWO","SWO","12-Aug-2026","JL_SWO_SC04_PartyB_13082026_NOV","","Asgm","","7","","0","0","","EUR-EuroSTR-OIS Compound","M","12-Aug-2026","STP","","","","","C-MWIRE","","0","0","","","0","0","",
"CPTY ALLEGED","N/A","Doc(s) Req'd","13-Aug-2026 at 02:35:38 AM EDT - System -  ' Disputed Field(s): Trade Date (Dealer : 12-Aug-2026),Notional (Dealer : GBP 12000000),Fixed Rate (Dealer : 9),Scheduled Termination Date (Dealer : 12-Aug-2029),Effective Date (Dealer : 12-Aug-2027),Fee(w/ tolerance btwn 0.0 and 1.0) (Dealer : G(...) '|","N","N","MWMF_FUND2","42132286_1","M.BANK","","Swaption GBP RFR 1y into 2y","Pay Fixed","42132286","12-Aug-2026 07:54:37 AM","1320000","GBP","13-Aug-2026 02:35:38 AM","12-Aug-2029","12000000","GBP","SWO","SWO","12-Aug-2026","","","New","","9","","0","0","","GBP-SONIA-OIS Compound","","12-Aug-2026","","two-way","","","","","","0","0","","","0","0","",
"ERROR","N/A","Doc(s) Req'd","13-Aug-2026 at 02:15:03 AM EDT - System -  ' Disputed Field(s): Fee(w/ tolerance btwn 0.0 and 1.0) (Dealer : USD 5490), [ Allocations-->|1683:MWMF_FUND1:Fee (Dealer : USD 5490) ]. Status updated to Disputed '|12-Aug-2026 at 10:50:22 AM EDT - System -  ' Disputed Field(s): Fee(w/ tolerance btwn 0.0 and 1.0) (Dealer : USD 4980), [ Allocations-->|1683:MWMF_FUND1:Fee (Dealer : USD 4980) ]. Status updated to Disputed '|12-Aug-2026 at 04:29:27 AM EDT - System -  ' Disputed Field(s): Fee(w/ tolerance btwn 0.0 and 1.0) (Dealer : USD 5490), [ Allocations-->|1683:MWMF_FUND1:Fee (Dealer : USD 5490) ]. Status updated to Disputed '|","N","N","1683","42131894_1","M.BANK","S42132061_1","","Sell","42131894","11-Aug-2026 06:15:21 PM","1002","USD","13-Aug-2026 02:22:51 AM","27-Dec-2027","0","USD","EQO","EQO","12-Aug-2026","TAUTO42132061_1","","New","","","","","","",".SPXAV10P","M","12-Aug-2026","STP","","1","Qty 300","","","1","","","","","","","",
"CONFIRMED","N/A","Executed","","N","N","1683","42131959_2","M.BANK","S42131960_1","","Pay Equity,Rec Interest","42131959","11-Aug-2026 09:36:53 PM","0","AUD","13-Aug-2026 01:43:20 AM","16-Aug-2028","669444054500","AUD","EQS","EQS","12-Aug-2026","TAUTO42131960_1","","Cancel","","","","0","650","","QAN.AX","M","12-Aug-2026","STP","","","Qty 104437450","","C-MWIRE","","0","0","","","0","0","",
"CPTY ALLEGED","N/A","Doc(s) Req'd","12-Aug-2026 at 04:35:46 PM EDT - MarkitWire -  ' BROKER1 initiated novation request to TEST1 (Incoming) and MWBA (Remaining). Waiting for response... '|","N","N","MWMF_FUND2","SWO_08122026","M.BANK","","Swaption GBP RFR 1y into 2y","Pay Fixed","SWO_SC01_GBP_Dealer","12-Aug-2026 07:30:56 AM","0","GBP","12-Aug-2026 04:36:02 PM","12-Aug-2029","14000000","GBP","SWO","SWO","12-Aug-2026","SWO_SC01_GBP_Dealer_08122026_A","","Asgm","","9","","0","0","","GBP-SONIA-OIS Compound","","12-Aug-2026","STP","two-way","","","","","","0","0","","","0","0","",
"CONFIRMED","N/A","Executed","","N","N","MWMF_FUND1","42132448_1","M.BANK","","Swaption USD RFR 4y into 5y","Recv Fixed","42132448","12-Aug-2026 03:37:18 PM","12000","USD","12-Aug-2026 03:38:29 PM","14-Aug-2035","12000000","USD","SWO","SWO","12-Aug-2026","","","New","","4","","0","0","","USD-SOFR-OIS Compound","","12-Aug-2026","STP","","","","","C-MWIRE","","0","0","","","0","0","",
"CONFIRMED","N/A","Executed","","N","N","MWMF_FUND1","42132446_1","M.BANK","","Swaption USD RFR 4y into 5y","Recv Fixed","42132446","12-Aug-2026 03:34:27 PM","12000","USD","12-Aug-2026 03:36:47 PM","14-Aug-2035","12000000","USD","SWO","SWO","12-Aug-2026","","","New","","4","","0","0","","USD-SOFR-OIS Compound","M","12-Aug-2026","STP","","","","","C-MWIRE","","0","0","","","0","0","",
"CONFIRMED","N/A","Executed","12-Aug-2026 at 01:12:57 PM EDT - vikram.singh@ihsmarkit.com -  ' Trade manually affirmed '|12-Aug-2026 at 01:12:43 PM EDT - System -  ' Disputed Field(s): Strike Price (Dealer : 4). Status updated to Disputed '|12-Aug-2026 at 01:12:43 PM EDT - MarkitWire -  ' 1683 :Deal is currently under review '|","N","N","1683","42132421_1","M.BANK","S42132421_1","","Sell","42132421","12-Aug-2026 01:11:43 PM","5740","USD","12-Aug-2026 01:13:00 PM","15-Sep-2026","0","USD","EQO","EQO","12-Aug-2026","TAUTO42132421_1","","New","","","","0","0","",".SPXAV10P","M","12-Aug-2026","STP","","15","Qty 818090760","","C-MWIRE","","0","0","","","0","0","",
"CONFIRMED","N/A","Executed","12-Aug-2026 at 01:10:58 PM EDT - vikram.singh@ihsmarkit.com -  ' Trade manually affirmed '|12-Aug-2026 at 01:10:43 PM EDT - MarkitWire -  ' 1683 :Deal is currently under review '|12-Aug-2026 at 01:10:42 PM EDT - System -  ' Disputed Field(s): Strike Price (Dealer : 9). Status updated to Disputed '|","N","N","1683","42132420_1","M.BANK","S42132420_1","","Sell","42132420","12-Aug-2026 01:09:45 PM","5794.72","USD","12-Aug-2026 01:11:00 PM","27-Dec-2027","0","USD","EQO","EQO","12-Aug-2026","TAUTO42132420_1","","New","","","","0","0","",".SPXAV10P","M","12-Aug-2026","STP","","5","Qty 724339660","","C-MWIRE","1","0","0","","","0","0","",
"CONFIRMED","N/A","Executed","12-Aug-2026 at 01:09:05 PM EDT - vikram.singh@ihsmarkit.com -  ' Trade manually affirmed '|12-Aug-2026 at 01:08:16 PM EDT - MarkitWire -  ' 1683 :Deal is currently under review '|12-Aug-2026 at 01:08:15 PM EDT - System -  ' Disputed Field(s): Strike Price (Dealer : 12). Status updated to Disputed '|","N","N","1683","42132419_1","M.BANK","S42132419_1","","Sell","42132419","12-Aug-2026 01:07:13 PM","2960","USD","12-Aug-2026 01:09:08 PM","23-Dec-2027","902417350.5","USD","EQO","EQO","12-Aug-2026","TAUTO42132419_1","","New","","","","0","0","",".SPX","M","12-Aug-2026","STP","","13","Qty 0","","C-MWIRE","1","0","0","","","0","0","",
"CONFIRMED","N/A","Executed","12-Aug-2026 at 12:15:54 PM EDT - MarkitWire -  ' Broker novation processed '|12-Aug-2026 at 12:15:51 PM EDT - MarkitWire -  ' Broker novation processed '|12-Aug-2026 at 12:15:45 PM EDT - MarkitWire -  ' Broker novation processed '|","N","N","MWMF_FUND1","42132413_1","ABANKDUP","","Swaption USD RFR 9m into 7y","Recv Fixed","42132413","12-Aug-2026 12:15:38 PM","3000","USD","12-Aug-2026 12:16:10 PM","14-May-2034","15000000","USD","SWO","SWO","12-Aug-2026","","","New","","1.23","","0","0","","USD-SOFR-OIS Compound","M","12-Aug-2026","STP","","","","","C-MWIRE","","0","0","","","0","0","",
"CONFIRMED","N/A","Executed","","N","N","MWMF_FUND1","42132410_1","M.BANK","","Swaption USD RFR 9m into 7y","Recv Fixed","42132410","12-Aug-2026 11:56:33 AM","3000","USD","12-Aug-2026 11:56:55 AM","14-May-2034","15000000","USD","SWO","SWO","12-Aug-2026","","","New","","1.23","","0","0","","USD-SOFR-OIS Compound","M","12-Aug-2026","STP","","","","","C-MWIRE","","0","0","","","0","0","",
"CONFIRMED","N/A","Executed","","N","N","1683","42132409_1","M.BANK","S42132409_1","","Sell","42132409","12-Aug-2026 11:53:06 AM","162911.06","GBP","12-Aug-2026 11:53:53 AM","","325822110","GBP","CPFL","CPFL","12-Aug-2026","TAUTO42132409_1","","New","","","","0","0","","gbp-libor ice swap rate","M","12-Aug-2026","STP","","3.5","","","C-MWIRE","","0","0","","","0","0","",
"CONFIRMED","N/A","Executed","","N","N","1683","42132408_1","M.BANK","S42132408_1","","Sell","42132408","12-Aug-2026 11:45:24 AM","287260.47","EUR","12-Aug-2026 11:46:15 AM","","574520930","EUR","CPFL","CPFL","12-Aug-2026","TAUTO42132408_1","","New","","","","0","0","","EUR-EURIBOR ICE SWAP RATE-11:00","M","12-Aug-2026","STP","","3.5","","","C-MWIRE","","0","0","","","0","0","",
"CONFIRMED","N/A","Executed","","N","N","1683","42132407_1","M.BANK","S42132407_1","","Sell","42132407","12-Aug-2026 11:37:18 AM","463106.99","USD","12-Aug-2026 11:38:41 AM","","926213970","USD","CPFL","CPFL","12-Aug-2026","TAUTO42132407_1","","New","","","","0","0","","USD-Libor Ice Swap Rate-11:00","M","12-Aug-2026","STP","","3.5","","","C-MWIRE","","0","0","","","0","0","",
"AFFIRMED","N/A","Doc(s) Req'd","","N","N","1683","42132404_1","M.BANK/ABANK","S42132404_1","","Pay Fixed","42132404","","1000","USD","12-Aug-2026 11:37:01 AM","14-Aug-2027","942522790","USD","IRS","IRSW","12-Aug-2026","TAUTO42132404_1","","New","","5.2","","0","0","","USD-SOFR CME Term","M","12-Aug-2026","STP","","","",""," U","","0","0","","","0","0","",
"CONFIRMED","N/A","Executed","","N","N","1683","42132403_1","M.BANK","S42132403_1","","Pay Fixed","42132403","12-Aug-2026 11:27:43 AM","1000","CAD","12-Aug-2026 11:28:32 AM","12-Aug-2027","305059110","CAD","IRS","IRSW","12-Aug-2026","TAUTO42132403_1","","New","","8.2","","0","6101182.2","","CAD-CDOR","M","12-Aug-2026","STP","","","","","C-MWIRE","","0","0","","","0","0","",
"CONFIRMED","N/A","Executed","","N","N","1683","42132402_1","M.BANK","S42132402_1","","Pay Fixed","42132402","12-Aug-2026 11:20:01 AM","1000","CAD","12-Aug-2026 11:20:53 AM","12-Aug-2027","104692270","CAD","IRS","IRSW","12-Aug-2026","TAUTO42132402_1","","New","","8.2","","0","2093845.4","","CAD-CDOR","M","12-Aug-2026","STP","","","","","C-MWIRE","","0","0","","","0","0","",
"CONFIRMED","N/A","Executed","12-Aug-2026 at 11:17:13 AM EDT - MarkitWire -  ' 1683 :Novation via MTM - MWMF\Markit Wire Mega Fund EU Trader2 initiated novation request to TEST1 (Incoming) and MWBA (Remaining). Waiting for response... '|","N","N","1683","A42132398_081220261119","M.BANK/ABANK","S42132398_1","","Pay Fixed","TAUTO42132398_1_nv","12-Aug-2026 11:19:18 AM","1000","AUD","12-Aug-2026 11:19:28 AM","13-Aug-2031","384566880","AUD","IFS","IFS","12-Aug-2026","TAUTO42132398_1_nv","","Asgm","","6","","0","7691337.6","2","AUD-CPI","M","12-Aug-2026","STP","","","","","C-MWIRE","","0","0","","","0","0","",
"CONFIRMED","N/A","Executed","12-Aug-2026 at 11:11:05 AM EDT - vikram.singh@ihsmarkit.com -  ' Trade manually affirmed '|12-Aug-2026 at 11:10:54 AM EDT - System -  ' Disputed Field(s): Fixed leg roll convention (Dealer : NONE). Status updated to Disputed '|12-Aug-2026 at 11:10:54 AM EDT - MarkitWire -  ' 1683 :Deal is currently under review '|","N","N","1683","42132398_1","M.BANK","S42132398_1","","Recv Fixed","42132398","12-Aug-2026 11:10:09 AM","1000","AUD","12-Aug-2026 11:11:08 AM","13-Aug-2031","384566880","AUD","IFS","IFS","12-Aug-2026","TAUTO42132398_1","","New","","6","","","7691337.6","","AUD-CPI","M","12-Aug-2026","STP","","","","","C-MWIRE","","","","","","","","",
"CONFIRMED","N/A","Executed","12-Aug-2026 at 11:07:01 AM EDT - MarkitWire -  ' 1683 :Novation via MTM - MWMF\Markit Wire Mega Fund EU Trader2 initiated novation request to TEST1 (Incoming) and MWBA (Remaining). Waiting for response... '|","N","N","1683","A42132391_08122026119","M.BANK/ABANK","S42132391_1","","Pay","TAUTO42132391_1_nv","12-Aug-2026 11:09:11 AM","0","ZAR","12-Aug-2026 11:09:25 AM","","353420814","ZAR","BSWP","BSWP","12-Aug-2026","TAUTO42132391_1_nv","","Asgm","","","","0","0","","","M","12-Aug-2026","STP","","","","","C-MWIRE","","0","0","","","0","0","",
"CONFIRMED","N/A","Executed","12-Aug-2026 at 11:05:06 AM EDT - vikram.singh@ihsmarkit.com -  ' Trade manually affirmed '|12-Aug-2026 at 11:04:51 AM EDT - System -  ' Disputed Field(s): 1st Leg roll convention (Dealer : 12). Status updated to Disputed '|12-Aug-2026 at 11:04:51 AM EDT - MarkitWire -  ' 1683 :Deal is currently under review '|","N","N","1683","42132391_1","M.BANK","S42132391_1","","Pay","42132391","12-Aug-2026 11:04:07 AM","0","ZAR","12-Aug-2026 11:05:08 AM","12-Aug-2036","589034690","ZAR","BSWP","BSWP","12-Aug-2026","TAUTO42132391_1","","New","","","","","","","ZAR-ZARONIA","M","12-Aug-2026","STP","","","","","C-MWIRE","","","","","","","","",
"CONFIRMED","N/A","Executed","12-Aug-2026 at 11:00:53 AM EDT - MarkitWire -  ' 1683 :Novation via MTM - MWMF\Markit Wire Mega Fund EU Trader2 initiated novation request to TEST1 (Incoming) and MWBA (Remaining). Waiting for response... '|","N","N","1683","A42132387_08122026113","M.BANK/ABANK","S42132387_1","","Recv","TAUTO42132387_1_nv","12-Aug-2026 11:03:25 AM","1000","USD","12-Aug-2026 11:03:40 AM","14-Aug-2027","444505482","KRW","CCIRS","CCIRS","12-Aug-2026","TAUTO42132387_1_nv","","Asgm","","4","","0","0","","USD-SOFR-OIS Compound","M","12-Aug-2026","STP","","","","","C-MWIRE","","0","0","","","0","0","",
"CONFIRMED","N/A","Executed","12-Aug-2026 at 10:57:58 AM EDT - vikram.singh@ihsmarkit.com -  ' Trade manually affirmed '|12-Aug-2026 at 10:57:47 AM EDT - System -  ' Disputed Field(s): Fixed leg roll convention (Dealer : 14),Fixed Leg Non-Deliverable (Dealer : true),Leg2 Term Date Adj (Dealer : MODFOLLOWING),Leg1 Term Date Adj (Dealer : MODFOLLOWING),Leg2 Term Date Business Days (Dealer : USNY,KRSE),Leg1 Pa(...) '|12-Aug-2026 at 10:57:47 AM EDT - MarkitWire -  ' 1683 :Deal is currently under review '|","N","N","1683","42132387_1","M.BANK","S42132387_1","","Recv","42132387","12-Aug-2026 10:57:03 AM","1000","USD","12-Aug-2026 10:58:04 AM","14-Aug-2027","740842470","KRW","CCIRS","CCIRS","12-Aug-2026","TAUTO42132387_1","","New","","4","","0","0","","USD-SOFR-OIS Compound","M","12-Aug-2026","STP","","","","","C-MWIRE","","0","0","","","0","0","",
"ERROR","N/A","Doc(s) Req'd","","N","N","1683","42132070_1","M.BANK","S42132070_1","","Sell","42132070","12-Aug-2026 02:52:25 AM","1002","USD","12-Aug-2026 10:56:53 AM","15-Sep-2026","0","USD","EQO","EQO","12-Aug-2026","TAUTO42132070_1","","New","","","","","","",".SPXAV10P","M","12-Aug-2026","STP","","1","Qty 300","","","","","","","","","","",
"DISPUTED","N/A","Doc(s) Req'd","12-Aug-2026 at 10:50:29 AM EDT - System -  ' Disputed Field(s): Number of Options (w/ tolerance btwn 0.0 and 0.001) (Dealer : 899), [ Allocations-->|1683:MWMF_FUND1:Number of Shares/Options (Dealer : 899) ]. Status updated to Disputed '|","N","N","1683","42132380_2","M.BANK","S42132380_2","","Sell","42132380","12-Aug-2026 10:42:44 AM","1204660","USD","12-Aug-2026 10:50:29 AM","15-Sep-2026","0","USD","EQO","EQO","12-Aug-2026","TAUTO42132380_2","","F.Term","","","","","","",".SPXAV10P","M","12-Aug-2026","","","10","Qty 900","","","1","","","","","","","",
"ERROR","N/A","Doc(s) Req'd","12-Aug-2026 at 10:50:22 AM EDT - System -  ' Disputed Field(s): Fee(w/ tolerance btwn 0.0 and 1.0) (Dealer : USD 5550), [ Allocations-->|1683:MWMF_FUND1:Fee (Dealer : USD 5550) ]. Status updated to Disputed '|12-Aug-2026 at 12:34:19 AM EDT - System -  ' Disputed Field(s): Business Day Convention (Dealer : PRECEDING),Cap/Floor Rate (Dealer : 10). Status updated to Disputed '|11-Aug-2026 at 06:23:32 PM EDT - System -  ' Disputed Field(s): Business Day Convention (Dealer : PRECEDING),Fee(w/ tolerance btwn 0.0 and 1.0) (Dealer : USD 5550), [ Allocations-->|1683:MWMF_FUND1:Fee (Dealer : USD 5550) ]. Status updated to Disputed '|","N","N","1683","42131895_1","M.BANK","S42131895_1","","Sell","42131895","11-Aug-2026 06:22:49 PM","1002","USD","12-Aug-2026 10:50:22 AM","15-Sep-2026","0","USD","EQO","EQO","12-Aug-2026","TAUTO42131895_1","","New","","","","","","",".SPXAV10P","M","12-Aug-2026","STP","","9","Qty 300","","","","","","","","","","",
"CPTY ALLEGED","N/A","Doc(s) Req'd","12-Aug-2026 at 10:50:22 AM EDT - System -  ' Disputed Field(s): Fee(w/ tolerance btwn 0.0 and 1.0) (Dealer : USD 4980), [ Allocations-->|1683:MWMF_FUND1:Fee (Dealer : USD 4980) ]. Status updated to Disputed '|","N","N","MWMF_FUND1","42132061_1","M.BANK","","Digital Master EQ IN OP","Buy","42132061","12-Aug-2026 02:35:37 AM","4980","USD","12-Aug-2026 10:50:22 AM","27-Dec-2027","0","USD","EQO","EQO","12-Aug-2026","","","New","","","","0","0","",".SPXAV10P","","12-Aug-2026","STP","two-way","1","Qty 300","","R","1","0","0","","","0","0","",
"ERROR","N/A","Doc(s) Req'd","12-Aug-2026 at 10:50:21 AM EDT - System -  ' Disputed Field(s): Fee(w/ tolerance btwn 0.0 and 1.0) (Dealer : USD 7490), [ Allocations-->|1683:MWMF_FUND1:Fee (Dealer : USD 7490) ]. Status updated to Disputed '|","N","N","1683","42132064_1","M.BANK","S42132064_1","","Sell","42132064","12-Aug-2026 02:43:09 AM","1002","USD","12-Aug-2026 10:50:21 AM","15-Sep-2026","0","USD","EQO","EQO","12-Aug-2026","TAUTO42132064_1","","New","","","","","","",".SPXAV10P","M","12-Aug-2026","STP","","3","Qty 300","","","","","","","","","","",
"ERROR","N/A","Doc(s) Req'd","","N","N","1683","42132024_1","M.BANK","S42132024_1","","Sell","42132024","12-Aug-2026 12:33:46 AM","1002","USD","12-Aug-2026 10:50:21 AM","15-Sep-2026","0","USD","EQO","EQO","12-Aug-2026","TAUTO42132024_1","","New","","","","","","",".SPXAV10P","M","12-Aug-2026","STP","","1","Qty 300","","","","","","","","","","",
"ERROR","N/A","Doc(s) Req'd","","N","N","1683","42132112_1","M.BANK","S42132112_1","","Sell","42132112","12-Aug-2026 04:27:46 AM","1002","USD","12-Aug-2026 10:50:21 AM","15-Sep-2026","0","USD","EQO","EQO","12-Aug-2026","TAUTO42132112_1","","New","","","","","","",".SPXAV10P","M","12-Aug-2026","STP","","5","Qty 300","","","","","","","","","","",
"CONFIRMED","N/A","Executed","12-Aug-2026 at 10:50:12 AM EDT - vikram.singh@ihsmarkit.com -  ' Trade manually affirmed '|12-Aug-2026 at 10:50:04 AM EDT - MarkitWire -  ' 1683 :Deal is currently under review '|12-Aug-2026 at 10:50:03 AM EDT - System -  ' Disputed Field(s): Fixed leg roll convention (Dealer : 13). Status updated to Disputed '|","N","N","1683","42132385_1","M.BANK","S42132385_1","","Pay Fixed","42132385","12-Aug-2026 10:49:18 AM","0","KRW","12-Aug-2026 10:50:15 AM","13-Aug-2041","567158740","KRW","OIS","OIS","12-Aug-2026","TAUTO42132385_1","","New","","5","","","","","KRW-KOFR-OIS Compound","M","12-Aug-2026","STP","","","","","C-MWIRE","","","","","","","","",
"CONFIRMED","N/A","Executed","12-Aug-2026 at 10:46:06 AM EDT - MarkitWire -  ' 1683 :Novation via MTM - MWMF\Markit Wire Mega Fund EU Trader2 initiated novation request to TEST1 (Incoming) and MWBA (Remaining). Waiting for response... '|","N","N","1683","A42132381_081220261048","M.BANK/ABANK","S42132381_1","","Pay Fixed","TAUTO42132381_1_nv","12-Aug-2026 10:48:14 AM","1000","CAD","12-Aug-2026 10:48:39 AM","12-Aug-2027","97165182","CAD","IRS","IRSW","12-Aug-2026","TAUTO42132381_1_nv","","Asgm","","8.2","","0","3238839.4","3","CAD-CDOR","M","12-Aug-2026","STP","","","","","C-MWIRE","","0","0","","","0","0","",
"CONFIRMED","N/A","Executed","12-Aug-2026 at 10:42:05 AM EDT - vikram.singh@ihsmarkit.com -  ' Trade manually affirmed '|12-Aug-2026 at 10:41:55 AM EDT - MarkitWire -  ' 1683 :Deal is currently under review '|12-Aug-2026 at 10:41:54 AM EDT - System -  ' Disputed Field(s): Fixed leg roll convention (Dealer : 12). Status updated to Disputed '|","N","N","1683","42132381_1","M.BANK","S42132381_1","","Pay Fixed","42132381","12-Aug-2026 10:41:11 AM","1000","CAD","12-Aug-2026 10:42:10 AM","12-Aug-2027","161941970","CAD","IRS","IRSW","12-Aug-2026","TAUTO42132381_1","","New","","8.2","","0","3238839.4","","CAD-CDOR","M","12-Aug-2026","STP","","","","","C-MWIRE","","0","0","","","0","0","",
"CONFIRMED","N/A","Executed","","N","N","1683","42132380_1","M.BANK","S42132380_1","","Sell","42132380","12-Aug-2026 10:40:55 AM","17980","USD","12-Aug-2026 10:41:56 AM","15-Sep-2026","0","USD","EQO","EQO","12-Aug-2026","TAUTO42132380_1","","New","","","","0","0","",".SPXAV10P","M","12-Aug-2026","STP","","10","Qty 899","","C-MWIRE","1","0","0","","","0","0","",
"CONFIRMED","N/A","Executed","12-Aug-2026 at 10:40:50 AM EDT - mw.demo -  ' Trade manually affirmed '|","N","N","1683","42132379_2","M.BANK","S42132379_2","","Sell","42132379","12-Aug-2026 10:37:16 AM","1204660","USD","12-Aug-2026 10:40:52 AM","11-Aug-2028","0","USD","EQO","EQO","12-Aug-2026","TAUTO42132379_2","","F.Term","","","","","8000","","GOOG.OQ","M","12-Aug-2026","STP","","11","Qty 900","","C-MWIRE","","","","","","","","",
"DISPUTED","N/A","Doc(s) Req'd","12-Aug-2026 at 10:37:13 AM EDT - System -  ' Disputed Field(s): Number of Options (w/ tolerance btwn 0.0 and 0.001) (Dealer : 899), [ Allocations-->|1683:MWMF_FUND1:Number of Shares/Options (Dealer : 899) ]. Status updated to Disputed '|","N","N","1683","42132375_2","M.BANK","S42132375_2","","Sell","42132375","12-Aug-2026 10:26:34 AM","1204660","USD","12-Aug-2026 10:37:14 AM","11-Aug-2028","0","USD","EQO","EQO","12-Aug-2026","TAUTO42132375_2","","F.Term","","","","","8000","","GOOG.OQ","M","12-Aug-2026","","","11","Qty 900","","","","","","","","","","",
"CONFIRMED","N/A","Executed","","N","N","1683","42132379_1","M.BANK","S42132379_1","","Sell","42132379","12-Aug-2026 10:35:20 AM","14384","USD","12-Aug-2026 10:36:25 AM","11-Aug-2028","0","USD","EQO","EQO","12-Aug-2026","TAUTO42132379_1","","New","","","","","8000","","GOOG.OQ","M","12-Aug-2026","STP","","11","Qty 899","","C-MWIRE","","","","","","","","",
"CONFIRMED","N/A","Executed","","N","N","1683","42132378_1","M.BANK","S42132378_1","","Pay Fixed","42132378","12-Aug-2026 10:33:31 AM","1000","CAD","12-Aug-2026 10:34:20 AM","12-Aug-2027","962801230","CAD","IRS","IRSW","12-Aug-2026","TAUTO42132378_1","","New","","8.2","","0","19256024.6","","CAD-CDOR","M","12-Aug-2026","STP","","","","","C-MWIRE","","0","0","","","0","0","",
"CONFIRMED","N/A","Executed","12-Aug-2026 at 10:29:28 AM EDT - vikram.singh@ihsmarkit.com -  ' Trade manually affirmed '|12-Aug-2026 at 10:29:13 AM EDT - MarkitWire -  ' 1683 :Deal is currently under review '|12-Aug-2026 at 10:29:12 AM EDT - System -  ' Disputed Field(s): Fee(w/ tolerance btwn 0.0 and 1.0) (Dealer : USD 9990), [ Allocations-->|1683:MWMF_FUND1:Fee (Dealer : USD 9990) ]. Status updated to Disputed '|","N","N","1683","42132377_1","M.BANK","S42132377_1","","Sell","42132377","12-Aug-2026 10:26:39 AM","3100","USD","12-Aug-2026 10:29:31 AM","23-Dec-2027","712078600.5","USD","EQO","EQO","12-Aug-2026","TAUTO42132377_1","","New","","","","0","0","",".SPX","M","12-Aug-2026","STP","","12","Qty 0","","C-MWIRE","1","0","0","","","0","0","",
"CONFIRMED","N/A","Executed","","N","N","1683","42132376_1","M.BANK","S42132376_1","","Recv Fixed","42132376","12-Aug-2026 10:25:56 AM","0","BRL","12-Aug-2026 10:26:44 AM","01-Mar-2028","448443760","BRL","IRS","IRSW","12-Aug-2026","TAUTO42132376_1","","New","","5.2","","0","0","","BRL-CDI","M","12-Aug-2026","STP","","","","","C-MWIRE","","0","0","","","0","0","",
"CONFIRMED","N/A","Executed","","N","N","1683","42132375_1","M.BANK","S42132375_1","","Sell","42132375","12-Aug-2026 10:24:48 AM","14384","USD","12-Aug-2026 10:25:57 AM","11-Aug-2028","0","USD","EQO","EQO","12-Aug-2026","TAUTO42132375_1","","New","","","","","8000","","GOOG.OQ","M","12-Aug-2026","STP","","11","Qty 899","","C-MWIRE","","","","","","","","",
"CONFIRMED","N/A","Executed","12-Aug-2026 at 10:24:23 AM EDT - vikram.singh@ihsmarkit.com -  ' Trade manually affirmed '|12-Aug-2026 at 10:24:03 AM EDT - System -  ' Disputed Field(s): Number of Options (w/ tolerance btwn 0.0 and 0.001) (Dealer : 899), [ Allocations-->|1683:MWMF_FUND1:Number of Shares/Options (Dealer : 899) ]. Status updated to Disputed '|12-Aug-2026 at 10:24:03 AM EDT - MarkitWire -  ' 1683 :Deal is currently under review '|","N","N","1683","42132372_2","M.BANK","S42132372_2","","Sell","42132372","12-Aug-2026 10:18:06 AM","1204660","USD","12-Aug-2026 10:24:26 AM","15-Sep-2026","0","USD","EQO","EQO","12-Aug-2026","TAUTO42132372_2","","F.Term","","","","","","",".SPXAV10P","M","12-Aug-2026","STP","","10","Qty 900","","C-MWIRE","1","","","","","","","",
"CONFIRMED","N/A","Executed","","N","N","1683","42132373_1","M.BANK","S42132373_1","","Sell","42132373","12-Aug-2026 10:18:18 AM","140097.99","EUR","12-Aug-2026 10:19:08 AM","14-Aug-2036","264335830","EUR","CPFL","CPFL","12-Aug-2026","TAUTO42132373_1","","New","","","","0","0","","EUR-EuroSTR-OIS Compound","M","12-Aug-2026","STP","","3.5","","","C-MWIRE","","0","0","","","0","0","",
"CONFIRMED","N/A","Executed","","N","N","1683","42132372_1","M.BANK","S42132372_1","","Sell","42132372","12-Aug-2026 10:16:12 AM","17980","USD","12-Aug-2026 10:17:17 AM","15-Sep-2026","0","USD","EQO","EQO","12-Aug-2026","TAUTO42132372_1","","New","","","","0","0","",".SPXAV10P","M","12-Aug-2026","STP","","10","Qty 899","","C-MWIRE","1","0","0","","","0","0","",
"CONFIRMED","N/A","Executed","12-Aug-2026 at 10:14:39 AM EDT - vikram.singh@ihsmarkit.com -  ' Trade manually affirmed '|12-Aug-2026 at 10:14:19 AM EDT - System -  ' Disputed Field(s): Notional (Dealer : USD 0). Status updated to Disputed '|12-Aug-2026 at 10:14:19 AM EDT - MarkitWire -  ' 1683 :Deal is currently under review '|","N","N","1683","42132371_1","M.BANK","S42132371_1","","Sell","42132371","12-Aug-2026 10:13:16 AM","587486","USD","12-Aug-2026 10:14:41 AM","11-Aug-2028","10000000","USD","EQO","EQO","12-Aug-2026","TAUTO42132371_1","","New","","","","","8000","","GOOG.OQ","M","12-Aug-2026","STP","","11","Qty 34558","","C-MWIRE","","","","","","","","",
"CONFIRMED","N/A","Executed","12-Aug-2026 at 10:12:44 AM EDT - vikram.singh@ihsmarkit.com -  ' Trade manually affirmed '|12-Aug-2026 at 10:11:56 AM EDT - System -  ' Disputed Field(s): Notional (Dealer : USD 0). Status updated to Disputed '|12-Aug-2026 at 10:11:56 AM EDT - MarkitWire -  ' 1683 :Deal is currently under review '|","N","N","1683","42132370_1","M.BANK","S42132370_1","","Sell","42132370","12-Aug-2026 10:10:59 AM","8155157400","USD","12-Aug-2026 10:12:48 AM","15-Sep-2026","10000000","USD","EQO","EQO","12-Aug-2026","TAUTO42132370_1","","New","","","","0","0","",".SPXAV10P","M","12-Aug-2026","STP","","10","Qty 407757870","","C-MWIRE","1","0","0","","","0","0","",
"CONFIRMED","N/A","Executed","","N","N","1683","42132363_1","M.BANK","S42132363_1","","Recv Fixed","42132363","12-Aug-2026 10:05:50 AM","","EUR","12-Aug-2026 10:11:31 AM","14-Aug-2027","686911330","EUR","FIXED","FIXED","12-Aug-2026","TAUTO42132363_1","","New","","5.2","8","","1000","","","M","12-Aug-2026","STP","","","","","C-MWIRE","","","","","","","","",
"CONFIRMED","N/A","Executed","12-Aug-2026 at 10:09:01 AM EDT - SWMatcher -  ' Matched Fields are Trade Signature, Cpty Trade Id & Account Id. Status updated to Confirmed '|","N","N","1683","42132362_1","M.BANK","42132362","","Sell","42132362","12-Aug-2026 10:05:12 AM","11056066650","USD","12-Aug-2026 10:09:02 AM","27-Dec-2027","0","USD","EQO","EQO","12-Aug-2026","TAUTO42132362_1","","New","","","","0","0","",".SPXAV10P","M","12-Aug-2026","STP","","8","Qty 737071110","","C-MWIRE","1","0","0","","","0","0","",
"CONFIRMED","N/A","Executed","","N","N","MWMF_FUND1","42132361_1","M.BANK","","Swaption USD RFR 9m into 7y","Recv Fixed","42132361","12-Aug-2026 10:04:35 AM","3000","USD","12-Aug-2026 10:05:20 AM","14-May-2034","15000000","USD","SWO","SWO","12-Aug-2026","","","New","","1.23","","0","0","","USD-SOFR-OIS Compound","M","12-Aug-2026","STP","","","","","C-MWIRE","","0","0","","","0","0","",
"CONFIRMED","N/A","Executed","","N","N","1683","42132359_1","M.BANK","S42132359_1","","Recv Fixed","42132359","12-Aug-2026 09:58:19 AM","1000","AUD","12-Aug-2026 09:59:03 AM","12-Aug-2027","948403380","AUD","FIXED","FIXED","12-Aug-2026","TAUTO42132359_1","","New","","5","8","","18968067.6","2","","M","12-Aug-2026","STP","","","","","C-MWIRE","","","","","","","","",
"CONFIRMED","N/A","Executed","12-Aug-2026 at 09:55:24 AM EDT - MarkitWire -  ' 1683 :Novation via MTM - MWMF\Markit Wire Mega Fund EU Trader2 initiated novation request to TEST1 (Incoming) and MWBA (Remaining). Waiting for response... '|","N","N","1683","A42132351_08122026957","M.BANK/ABANK","S42132351_1","","Sell","TAUTO42132351_1_nv","12-Aug-2026 09:57:41 AM","14324865000","USD","12-Aug-2026 09:57:51 AM","15-Sep-2026","0","USD","EQO","EQO","12-Aug-2026","TAUTO42132351_1_nv","","Asgm","","","","0","0","",".SPXAV10P","M","12-Aug-2026","STP","","10","Qty 716243250","","C-MWIRE","1","0","0","","","0","0","",
"CONFIRMED","N/A","Executed","","N","N","1683","42132351_1","M.BANK","S42132351_1","","Buy","42132351","12-Aug-2026 09:48:38 AM","14324865000","USD","12-Aug-2026 09:49:21 AM","15-Sep-2026","0","USD","EQO","EQO","12-Aug-2026","TAUTO42132351_1","","New","","","","0","0","",".SPXAV10P","M","12-Aug-2026","STP","","10","Qty 716243250","","C-MWIRE","1","0","0","","","0","0","",
"CONFIRMED","N/A","Executed","","N","N","1683","42132350_1","M.BANK","S42132350_1","","Sell","42132350","12-Aug-2026 09:46:43 AM","39994416500","USD","12-Aug-2026 09:47:46 AM","27-Dec-2027","0","USD","EQO","EQO","12-Aug-2026","TAUTO42132350_1","","New","","","","0","0","",".SPXAV10P","M","12-Aug-2026","STP","","4","Qty 799888330","","C-MWIRE","1","0","0","","","0","0","",
"CPTY ALLEGED","N/A","Doc(s) Req'd","","N","N","MWMF_FUND1","42132346_2","M.BANK","","Americas Master EQ IN OP","Buy","42132346","12-Aug-2026 09:46:35 AM","22694380750","USD","12-Aug-2026 09:46:42 AM","15-Sep-2027","0","USD","EQO","EQO","12-Aug-2026","A42132346_1_2_08122026_E","","F.Exer","","","","0","0","",".SPXAV10P","","12-Aug-2026","STP","two-way","15","Qty 907775230","","","1","0","0","","","0","0","",
"CONFIRMED","N/A","Executed","","N","N","1683","42132346_1","M.BANK","S42132346_1","","Sell","42132346","12-Aug-2026 09:44:38 AM","22694380750","USD","12-Aug-2026 09:45:49 AM","15-Sep-2027","0","USD","EQO","EQO","12-Aug-2026","TAUTO42132346_1","","New","","","","0","0","",".SPXAV10P","M","12-Aug-2026","STP","","15","Qty 907775230","","C-MWIRE","1","0","0","","","0","0","",
"CONFIRMED","N/A","Executed","","N","N","1683","42132339_1","M.BANK","S42132339_1","","Pay Fixed","42132339","12-Aug-2026 09:41:00 AM","0","USD","12-Aug-2026 09:41:47 AM","14-Aug-2036","218222580","USD","IRS","IRSW","12-Aug-2026","TAUTO42132339_1","","New","","5","","0","0","","USD-SOFR CME Term","M","12-Aug-2026","STP","","","","","C-MWIRE","","0","0","","","0","0","",
"CONFIRMED","N/A","Executed","","N","N","1683","42132331_2","M.BANK","S42132331_2","","Sell","42132331","12-Aug-2026 09:38:10 AM","1000","USD","12-Aug-2026 09:41:18 AM","15-Sep-2026","0","USD","EQO","EQO","12-Aug-2026","TAUTO42132331_2","","Amend","A","","","","1000","",".SPXAV10P","M","12-Aug-2026","STP","","1","Qty 602","","C-MWIRE","","","","","","","","",
"CONFIRMED","N/A","Executed","12-Aug-2026 at 09:37:05 AM EDT - MarkitWire -  ' 1683 :Novation via MTM - MWMF\Markit Wire Mega Fund EU Trader2 initiated novation request to TEST1 (Incoming) and MWBA (Remaining). Waiting for response... '|","N","N","1683","A42132330_08122026940","M.BANK/ABANK","S42132330_1","","Sell","TAUTO42132330_1_nv","12-Aug-2026 09:39:17 AM","469521.54","EUR","12-Aug-2026 09:40:39 AM","14-Aug-2036","531533820","EUR","CPFL","CPFL","12-Aug-2026","TAUTO42132330_1_nv","","Asgm","","","","0","0","","EUR-EuroSTR-OIS Compound","M","12-Aug-2026","STP","","3.5","","","C-MWIRE","","0","0","","","0","0","",
"CONFIRMED","N/A","Executed","","N","N","1683","42132331_1","M.BANK","S42132331_1","","Sell","42132331","12-Aug-2026 09:35:50 AM","1000","USD","12-Aug-2026 09:37:14 AM","15-Sep-2026","0","USD","EQO","EQO","12-Aug-2026","TAUTO42132331_1","","New","","","","0","1000","",".SPXAV10P","M","12-Aug-2026","STP","","1","Qty 615279110","","C-MWIRE","","0","0","","","0","0","",
"CONFIRMED","N/A","Executed","","N","N","1683","42132329_1","M.BANK","S42132329_1","","Recv Fixed","42132329","12-Aug-2026 09:27:38 AM","","EUR","12-Aug-2026 09:37:10 AM","14-Aug-2027","663150540","EUR","FIXED","FIXED","12-Aug-2026","TAUTO42132329_1","","New","","5.2","8","","1000","","","M","12-Aug-2026","STP","","","","","C-MWIRE","","","","","","","","",
"CONFIRMED","N/A","Executed","12-Aug-2026 at 09:33:46 AM EDT - mw.demo -  ' Trade manually affirmed '|","N","N","1683","42132328_1","M.BANK","S42132328_1","","Sell","42132328","12-Aug-2026 09:26:50 AM","5000","USD","12-Aug-2026 09:37:02 AM","23-Dec-2027","539897170.5","USD","EQO","EQO","12-Aug-2026","TAUTO42132328_1","","New","","","","0","0","",".SPX","M","12-Aug-2026","STP","","12","Qty 0","","C-MWIRE","1","0","0","","","0","0","",
"CONFIRMED","N/A","Executed","","N","N","1683","42132330_1","M.BANK","S42132330_1","","Sell","42132330","12-Aug-2026 09:34:29 AM","469521.54","EUR","12-Aug-2026 09:35:48 AM","14-Aug-2036","885889700","EUR","CPFL","CPFL","12-Aug-2026","TAUTO42132330_1","","New","","","","0","0","","EUR-EuroSTR-OIS Compound","M","12-Aug-2026","STP","","3.5","","","C-MWIRE","","0","0","","","0","0","",
"ERROR","N/A","Doc(s) Req'd","12-Aug-2026 at 09:31:00 AM EDT - System -  ' Disputed Field(s): Notional (Dealer : USD 877906160). Status updated to Disputed '|","N","N","1683","42132146_1","M.BANK","S42132179_1","","Sell","42132146","12-Aug-2026 05:45:50 AM","5000","USD","12-Aug-2026 09:31:01 AM","23-Dec-2027","135877160.5","USD","EQO","EQO","12-Aug-2026","TAUTO42132179_1","","New","","","","","","",".SPX","M","12-Aug-2026","STP","","12","Qty 0","","","1","","","","","","","",
"CONFIRMED","N/A","Executed","","N","N","1683","42132326_2","M.BANK","S42132327_1","","Pay Equity,Rec Interest","42132326","12-Aug-2026 09:20:43 AM","0","AUD","12-Aug-2026 09:24:16 AM","16-Aug-2028","3351128482920","AUD","EQS","EQS","12-Aug-2026","TAUTO42132327_1","","Cancel","","","","0","7860","","QAN.AX","M","12-Aug-2026","STP","","","Qty 496022570","","C-MWIRE","","0","0","","","0","0","",
"CONFIRMED","N/A","Executed","","N","N","1683","42132326_1","M.BANK","S42132326_1","","Rec Equity,Pay Interest","42132326","12-Aug-2026 09:20:43 AM","0","USD","12-Aug-2026 09:21:57 AM","16-Aug-2028","3351128482920","USD","EQS","EQS","12-Aug-2026","TAUTO42132326_1","","New","","","","0","7860","","QAN.AX","M","12-Aug-2026","STP","","","Qty 496022570","","C-MWIRE","","0","0","","","0","0","",
"CONFIRMED","N/A","Executed","","N","N","1683","42132325_1","M.BANK","S42132325_1","","Pay Fixed","42132325","12-Aug-2026 09:19:58 AM","1000","CAD","12-Aug-2026 09:20:54 AM","14-Aug-2027","789503000","CAD","IRS","IRSW","12-Aug-2026","TAUTO42132325_1","","New","","8.2","","0","0","","CAD-CORRA CanDeal TMX Term","M","12-Aug-2026","STP","","","","","C-MWIRE","","0","0","","","0","0","",
"CONFIRMED","N/A","Executed","12-Aug-2026 at 09:16:39 AM EDT - MarkitWire -  ' 1683 :Novation via MTM - MWMF\Markit Wire Mega Fund EU Trader2 initiated novation request to TEST1 (Incoming) and MWBA (Remaining). Waiting for response... '|","N","N","1683","A42132320_08122026919","M.BANK/ABANK","S42132320_1","","Pay Fixed","TAUTO42132320_1_nv","12-Aug-2026 09:19:13 AM","0","ZAR","12-Aug-2026 09:19:22 AM","12-Aug-2027","330671484","ZAR","OIS","OIS","12-Aug-2026","TAUTO42132320_1_nv","","Asgm","","5","","0","0","","ZAR-ZARONIA-OIS Compound","M","12-Aug-2026","STP","","","","","C-MWIRE","","0","0","","","0","0","",
"CPTY ALLEGED","N/A","Doc(s) Req'd","","N","N","MWMF_FUND1","42132324_1","M.BANK","","Cliquet Master EQ IN OP","Buy","42132324","12-Aug-2026 09:18:39 AM","5000","USD","12-Aug-2026 09:19:10 AM","23-Dec-2027","914416620","USD","EQO","EQO","12-Aug-2026","","","New","","","","0","0","",".SPX","","12-Aug-2026","STP","two-way","12","Qty 0","","","1","0","0","","","0","0","",
"CONFIRMED","N/A","Executed","","N","N","1683","42132320_1","M.BANK","S42132320_1","","Pay Fixed","42132320","12-Aug-2026 09:11:05 AM","0","ZAR","12-Aug-2026 09:11:51 AM","12-Aug-2027","551119140","ZAR","OIS","OIS","12-Aug-2026","TAUTO42132320_1","","New","","5","","","","","ZAR-ZARONIA-OIS Compound","M","12-Aug-2026","STP","","","","","C-MWIRE","","","","","","","","",
"CONFIRMED","N/A","Executed","","N","N","1683","42132319_1","M.BANK","S42132319_1","","Sell","42132319","12-Aug-2026 09:04:27 AM","1126.09","USD","12-Aug-2026 09:05:31 AM","27-Dec-2027","0.5","USD","EQO","EQO","12-Aug-2026","TAUTO42132319_1","","New","","","","0","0","",".SPXAV10P","M","12-Aug-2026","STP","","1","Qty 563046530","","C-MWIRE","1","0","0","","","0","0","",
"CONFIRMED","N/A","Executed","","N","N","1683","42132318_1","M.BANK","S42132318_1","","Recv Fixed","42132318","12-Aug-2026 09:03:35 AM","216719.11","SAR","12-Aug-2026 09:04:19 AM","14-Aug-2035","722397030","SAR","SWO","SWO","12-Aug-2026","TAUTO42132318_1","","New","","4","","","","","SAR-SAIBOR","M","12-Aug-2026","STP","","","","","C-MWIRE","","","","","","","","",
"CONFIRMED","N/A","Executed","","N","N","1683","42132311_1","M.BANK","S42132311_1","","Pay Fixed","42132311","12-Aug-2026 08:55:58 AM","170297.7","USD","12-Aug-2026 08:56:42 AM","14-Aug-2035","567658990","USD","SWO","SWO","12-Aug-2026","TAUTO42132311_1","","New","","4","","","11353179.8","2","USD-LIBOR","M","12-Aug-2026","STP","","","","","C-MWIRE","","","","","","","","",
"CONFIRMED","N/A","Executed","","N","N","1683","42132306_1","M.BANK","S42132306_1","","Recv Fixed","42132306","12-Aug-2026 08:48:27 AM","1000","AUD","12-Aug-2026 08:49:12 AM","13-Aug-2031","294413080","AUD","IFS","IFS","12-Aug-2026","TAUTO42132306_1","","New","","6","","","5888261.6","","AUD-CPI","M","12-Aug-2026","STP","","","","","C-MWIRE","","","","","","","","",
"CONFIRMED","N/A","Executed","","N","N","1683","42132305_1","M.BANK","S42132305_1","","Recv Fixed","42132305","12-Aug-2026 08:40:46 AM","1000","USD","12-Aug-2026 08:41:41 AM","14-Aug-2027","505777750","USD","IFS","IFS","12-Aug-2026","TAUTO42132305_1","","New","","6","","","10115555","2","USA-CPI-U","M","12-Aug-2026","STP","","","","","C-MWIRE","","","","","","","","",
"CONFIRMED","N/A","Executed","12-Aug-2026 at 08:38:03 AM EDT - MarkitWire -  ' 1683 :Novation via MTM - MWMF\Markit Wire Mega Fund EU Trader2 initiated novation request to TEST1 (Incoming) and MWBA (Remaining). Waiting for response... '|","N","N","1683","A42132301_08122026840","M.BANK/ABANK","S42132301_1","","Recv Fixed","TAUTO42132301_1_nv","12-Aug-2026 08:39:53 AM","600","AUD","12-Aug-2026 08:40:04 AM","12-Aug-2027","220413480","AUD","FIXED","FIXED","12-Aug-2026","TAUTO42132301_1_nv","","Asgm","","5","8","0","0","","","M","12-Aug-2026","STP","","","","","C-MWIRE","","0","0","","","0","0","",
"CONFIRMED","N/A","Executed","","N","N","1683","42132301_1","M.BANK","S42132301_1","","Recv Fixed","42132301","12-Aug-2026 08:35:02 AM","1000","AUD","12-Aug-2026 08:35:46 AM","12-Aug-2027","367355800","AUD","FIXED","FIXED","12-Aug-2026","TAUTO42132301_1","","New","","5","8","","7347116","2","","M","12-Aug-2026","STP","","","","","C-MWIRE","","","","","","","","",
"DISPUTED","N/A","Doc(s) Req'd","12-Aug-2026 at 08:28:53 AM EDT - System -  ' Disputed Field(s): Leg2 Term Date Adj (Dealer : MODFOLLOWING),Leg1 Term Date Adj (Dealer : MODFOLLOWING),Leg2 Term Date Business Days (Dealer : HUBU,TRIS),Leg1 Pay Relative To (Dealer : CalculationPeriodEndDate),Leg1 Term Date Business Days (De(...) '|","N","N","1683","42132299_1","M.BANK","S42132299_1","","Recv","42132299","12-Aug-2026 08:28:11 AM","1000","HUF","12-Aug-2026 08:28:54 AM","14-Aug-2027","611915650","HUF","CCIRS","CCIRS","12-Aug-2026","TAUTO42132299_1","","New","","4","","","","","TRY-TRLIBOR","M","12-Aug-2026","","","","","","","","","","","","","","",
"CONFIRMED","N/A","Executed","","N","N","1683","42132298_1","M.BANK","S42132298_1","","Sell","42132298","12-Aug-2026 08:20:41 AM","0","USD","12-Aug-2026 08:21:26 AM","16-Aug-2027","307440640","USD","FRA","FRA","12-Aug-2026","TAUTO42132298_1","","New","","5.2","","","","","USD-LIBOR","M","12-Aug-2026","STP","","","","","C-MWIRE","","","","","","","","",
"DISPUTED","N/A","Doc(s) Req'd","12-Aug-2026 at 08:20:38 AM EDT - System -  ' Disputed Field(s): MarkitWire Defaults modified by the dealer on following fields(Break 1st Date Tenor, Break Frequency). Status updated to Disputed '|","N","N","1683","42132297_1","M.BANK","S42132297_1","","Recv","42132297","12-Aug-2026 08:13:50 AM","","AUD","12-Aug-2026 08:20:39 AM","14-Aug-2036","811965940","AUD","CCBSWP","CCBSWP","12-Aug-2026","TAUTO42132297_1","","New","","","","","25052308.5","","USD-SOFR-OIS Compound","M","12-Aug-2026","","","","","","","","","","","","","","",
"CONFIRMED","N/A","Executed","","N","N","1683","42132296_1","M.BANK","YG_MATCH_02","","Sell","42132296","12-Aug-2026 08:06:29 AM","1000","USD","12-Aug-2026 08:07:35 AM","15-Sep-2026","0","USD","EQO","EQO","12-Aug-2026","YG_MATCH_02","","New","","","","0","0","",".SPXAV10P","M","12-Aug-2026","STP","","1","Qty 101","","C-MWIRE","","0","0","","","0","0","",
"CONFIRMED","N/A","Executed","","N","N","1683","42132295_1","M.BANK","S42132295_1","","Pay","42132295","12-Aug-2026 08:06:18 AM","0","ZAR","12-Aug-2026 08:07:02 AM","12-Aug-2036","694056860","ZAR","BSWP","BSWP","12-Aug-2026","TAUTO42132295_1","","New","","","","","","","ZAR-ZARONIA","M","12-Aug-2026","STP","","","","","C-MWIRE","","","","","","","","",
"CONFIRMED","N/A","Executed","","N","N","1683","42132294_1","M.BANK","YG_MATCH_01","","Sell","42132294","12-Aug-2026 08:01:48 AM","1000","USD","12-Aug-2026 08:05:49 AM","15-Sep-2026","0","USD","EQO","EQO","12-Aug-2026","YG_MATCH_01","","New","","","","0","0","",".SPXAV10P","M","12-Aug-2026","STP","","1","Qty 501","","C-MWIRE","","0","0","","","0","0","",
"CONFIRMED","N/A","Executed","","N","N","1683","42132287_1","M.BANK","S42132287_1","","Recv Fixed","42132287","12-Aug-2026 07:58:44 AM","1000","USD","12-Aug-2026 07:59:30 AM","14-Aug-2027","995921540","USD","OIS","OIS","12-Aug-2026","TAUTO42132287_1","","New","","5.2","","","19918430.8","2","USD-SOFR-OIS Compound","M","12-Aug-2026","STP","","","","","C-MWIRE","","","","","","","","",
"CONFIRMED","N/A","Executed","12-Aug-2026 at 07:58:00 AM EDT - System -  ' Disputed Field(s): Fee Direction (Dealer : Pay). Status updated to Disputed '|12-Aug-2026 at 07:58:00 AM EDT - MarkitWire -  ' 1684 :Deal is currently under review '|12-Aug-2026 at 07:57:35 AM EDT - System -  ' Disputed Field(s): Non Deliverable Currency (Dealer : GBP),Notional (Dealer : GBP 14000000),Float Rate Day Count Fraction (Dealer : ACT/365.FIXED),Fixed Rate Day Count Fraction (Dealer : ACT/365.FIXED),Float leg payment lag (Dealer : NOT PROVID(...) '|","N","N","1684","42132261_1","M.BANK","SWO_SC01_GBP_Dealer","","Recv Fixed","42132261","12-Aug-2026 07:30:56 AM","2380000","GBP","12-Aug-2026 07:58:32 AM","12-Aug-2029","14000000","GBP","SWO","SWO","12-Aug-2026","SWO_SC01_GBP_Dealer","","New","","9","","","","","GBP-SONIA-OIS Compound","M","12-Aug-2026","STP","","","","","C-MWIRE","","","","","","","","",
"CONFIRMED","N/A","Executed","","N","N","1683","42132285_1","M.BANK","S42132285_1","","Pay Fixed","42132285","12-Aug-2026 07:50:52 AM","1000","CAD","12-Aug-2026 07:51:56 AM","12-Aug-2027","831419500","CAD","IRS","IRSW","12-Aug-2026","TAUTO42132285_1","","New","","8.2","","0","16628390","","CAD-CDOR","M","12-Aug-2026","STP","","","","","C-MWIRE","","0","0","","","0","0","",
"CONFIRMED","N/A","Executed","","N","N","1683","42132284_1","M.BANK","S42132284_1","","Sell","42132284","12-Aug-2026 07:49:31 AM","898.26","USD","12-Aug-2026 07:50:52 AM","27-Dec-2027","0.5","USD","EQO","EQO","12-Aug-2026","TAUTO42132284_1","","New","","","","0","0","",".SPXAV10P","M","12-Aug-2026","STP","","1","Qty 299420190","","C-MWIRE","1","0","0","","","0","0","",
"CPTY ALLEGED","N/A","Doc(s) Req'd","","N","N","MWMF_FUND1","42132280_1","M.BANK","","Digital Master EQ IN OP","Buy","42132280","12-Aug-2026 07:46:38 AM","838.28","USD","12-Aug-2026 07:46:58 AM","27-Dec-2027","0","USD","EQO","EQO","12-Aug-2026","","","New","","","","0","0","",".SPXAV10P","","12-Aug-2026","STP","two-way","1","Qty 838278630","","","1","0","0","","","0","0","",
"CONFIRMED","N/A","Executed","","N","N","1683","42132263_1","M.BANK","S42132263_1","","Sell","42132263","12-Aug-2026 07:31:58 AM","1000","USD","12-Aug-2026 07:42:37 AM","15-Sep-2026","0","USD","EQO","EQO","12-Aug-2026","TAUTO42132263_1","","New","","","","0","0","",".SPXAV10P","M","12-Aug-2026","STP","","1","Qty 321.0009","","C-MWIRE","","0","0","","","0","0","",
"CONFIRMED","N/A","Executed","","N","N","1683","42132199_1","M.BANK","S42132257_1","","Sell","42132199","12-Aug-2026 06:44:09 AM","1000","USD","12-Aug-2026 07:36:01 AM","15-Sep-2026","0","USD","EQO","EQO","12-Aug-2026","TAUTO42132257_1","","New","","","","0","0","",".SPXAV10P","M","12-Aug-2026","STP","","1","Qty 421.0009","","C-MWIRE","","0","0","","","0","0","",
"CPTY ALLEGED","N/A","Doc(s) Req'd","","N","N","MWMF_FUND1","42132257_1","M.BANK","","Spread Master EQ IN OP","Buy","42132257","12-Aug-2026 07:27:04 AM","1000","USD","12-Aug-2026 07:27:30 AM","15-Sep-2026","0","USD","EQO","EQO","12-Aug-2026","","","New","","","","0","0","",".SPXAV10P","","12-Aug-2026","STP","two-way","1","Qty 421","","","","0","0","","","0","0","",
"CONFIRMED","N/A","Executed","","N","N","1683","42132251_1","M.BANK","S42132251_1","","Sell","42132251","12-Aug-2026 07:20:16 AM","587486","USD","12-Aug-2026 07:21:39 AM","11-Aug-2028","0","USD","EQO","EQO","12-Aug-2026","TAUTO42132251_1","","New","","","","","8000","","GOOG.OQ","M","12-Aug-2026","STP","","11","Qty 34558","","C-MWIRE","","","","","","","","",
"CONFIRMED","N/A","Executed","","N","N","1683","42132245_1","M.BANK","S42132245_1","","Sell","42132245","12-Aug-2026 07:17:05 AM","759.63","USD","12-Aug-2026 07:18:42 AM","27-Dec-2027","0","USD","EQO","EQO","12-Aug-2026","TAUTO42132245_1","","New","","","","0","0","",".SPXAV10P","M","12-Aug-2026","STP","","1","Qty 759632580","","C-MWIRE","1","0","0","","","0","0","",
"CONFIRMED","N/A","Executed","","N","N","1683","42132229_1","M.BANK","S42132229_1","","Sell","42132229","12-Aug-2026 07:08:16 AM","8420","USD","12-Aug-2026 07:15:56 AM","15-Sep-2026","0","USD","EQO","EQO","12-Aug-2026","TAUTO42132229_1","","New","","","","0","0","",".SPXAV10P","M","12-Aug-2026","STP","","10","Qty 421.0006","","C-MWIRE","1","0","0","","","0","0","",
"CONFIRMED","N/A","Executed","","N","N","1683","42132231_1","M.BANK","S42132231_1","","Sell","42132231","12-Aug-2026 07:08:59 AM","7776000","USD","12-Aug-2026 07:10:18 AM","11-Aug-2028","0","USD","EQO","EQO","12-Aug-2026","TAUTO42132231_1","","New","","","","","9080","","GOOG.OQ","M","12-Aug-2026","STP","","20","Qty 86400","","C-MWIRE","","","","","","","","",
"CONFIRMED","N/A","Executed","","N","N","1683","42132225_1","M.BANK","S42132225_1","","Sell","42132225","12-Aug-2026 07:04:37 AM","8420","USD","12-Aug-2026 07:09:17 AM","15-Sep-2026","0","USD","EQO","EQO","12-Aug-2026","TAUTO42132225_1","","New","","","","0","0","",".SPXAV10P","M","12-Aug-2026","STP","","10","Qty 421.0006","","C-MWIRE","1","0","0","","","0","0","",
"CONFIRMED","N/A","Executed","","N","N","1683","42132218_1","M.BANK","S42132218_1","","Sell","42132218","12-Aug-2026 07:00:50 AM","1000","USD","12-Aug-2026 07:09:14 AM","27-Dec-2027","0","USD","EQO","EQO","12-Aug-2026","TAUTO42132218_1","","New","","","","0","0","",".SPXAV10P","M","12-Aug-2026","STP","","1","Qty 421.0007","","C-MWIRE","1","0","0","","","0","0","",
"CPTY ALLEGED","N/A","Doc(s) Req'd","12-Aug-2026 at 07:00:40 AM EDT - MarkitWire -  ' MarkitWire Template Changed for fields : Break 1st Date Tenor, Break Frequency '|","N","N","MWMF_FUND1","42132212_2","M.BANK","","Cross Currency Basis Swap USD v AUD 10Y","Pay","42132212","12-Aug-2026 06:59:35 AM","0","AUD","12-Aug-2026 07:00:44 AM","14-Aug-2036","917336190","AUD","CCBSWP","BSWP","12-Aug-2026","A42132212_1_2_08122026_M","","Amend","A","","","0","9911597.1","","USD-SOFR-OIS Compound","","12-Aug-2026","STP","two-way","","","","","","0","0","","","0","0","",
"CONFIRMED","N/A","Executed","12-Aug-2026 at 06:58:51 AM EDT - mw.demo -  ' Trade manually affirmed '|","N","N","1683","42132212_1","M.BANK","S42132212_1","","Recv","42132212","12-Aug-2026 06:55:05 AM","0","AUD","12-Aug-2026 06:59:08 AM","14-Aug-2036","917336190","AUD","CCBSWP","CCBSWP","12-Aug-2026","TAUTO42132212_1","","New","","","","0","9911597.1","","USD-SOFR-OIS Compound","M","12-Aug-2026","STP","","","","","C-MWIRE","","0","0","","","0","0","",
"DISPUTED","N/A","Disputed","12-Aug-2026 at 06:55:20 AM EDT - SWMatcher -  ' Disputed Field(s): Swapswire Legal Entity (Client : M.BANK). Status updated to Disputed '|","N","N","1684","","ABANK/M.BANK","SWO_SC01_EUR_Dealer","","","SWO_SC01_EUR_Dealer","12-Aug-2026 06:18:46 AM","0","EUR","12-Aug-2026 06:58:04 AM","12-Aug-2029","13000000","EUR","SWO","SWO","12-Aug-2026","SWO_SC01_EUR_Dealer_NOV","","Asgm","","9","","0","0","","EUR-EuroSTR-OIS Compound","M","12-Aug-2026","STP","","","",""," U","","0","0","","","0","0","",
"CONFIRMED","N/A","Executed","","N","N","1683","42132214_1","M.BANK","S42132214_1","","Sell","42132214","12-Aug-2026 06:55:40 AM","1972800","USD","12-Aug-2026 06:57:05 AM","11-Aug-2028","0","USD","EQO","EQO","12-Aug-2026","TAUTO42132214_1","","New","","","","","2410","","GOOG.OQ","M","12-Aug-2026","STP","","20","Qty 32880","","C-MWIRE","","","","","","","","",
"CONFIRMED","N/A","Executed","","N","N","1683","42132207_1","M.BANK","S42132207_1","","Sell","42132207","12-Aug-2026 06:51:54 AM","1000","USD","12-Aug-2026 06:53:03 AM","15-Sep-2026","0","USD","EQO","EQO","12-Aug-2026","TAUTO42132207_1","","New","","","","0","0","",".SPXAV10P","M","12-Aug-2026","STP","","1","Qty 884502240","","C-MWIRE","","0","0","","","0","0","",
"CONFIRMED","N/A","Executed","","N","N","1683","42132191_1","M.BANK","S42132199_1","","Sell","42132191","12-Aug-2026 06:41:26 AM","1000","USD","12-Aug-2026 06:49:25 AM","15-Sep-2026","0","USD","EQO","EQO","12-Aug-2026","TAUTO42132199_1","","New","","","","0","0","",".SPXAV10P","M","12-Aug-2026","STP","","1","Qty 421.0009","","C-MWIRE","","0","0","","","0","0","",
"CONFIRMED","N/A","Executed","12-Aug-2026 at 06:42:18 AM EDT - MarkitWire -  ' Allocations have been uploaded. Please affirm '|","N","N","Block","42132190_1","M.BANK","S42132190_1","","Recv Fixed","42132190","12-Aug-2026 06:43:15 AM","1000","CAD","12-Aug-2026 06:45:49 AM","13-Aug-2041","152650830","CAD","SWO","SWO","12-Aug-2026","TAUTO42132190_1","","New","","4","","","","","CAD-CORRA-OIS Compound","M","12-Aug-2026","STP","","","","","C-MWIRE","","","","","","","","",
"CONFIRMED","N/A","Executed","","N","N","1683","42132193_1","M.BANK","S42132193_1","","Sell","42132193","12-Aug-2026 06:42:38 AM","972.18","USD","12-Aug-2026 06:45:34 AM","27-Dec-2027","0","USD","EQO","EQO","12-Aug-2026","TAUTO42132193_1","","New","","","","0","0","",".SPXAV10P","M","12-Aug-2026","STP","","1","Qty 194435070","","C-MWIRE","1","0","0","","","0","0","",
"CONFIRMED","N/A","Executed","12-Aug-2026 at 06:36:09 AM EDT - MarkitWire -  ' Allocations have been uploaded. Please affirm '|","N","N","Block","42132180_1","M.BANK","S42132180_1","","Recv Fixed","42132180","12-Aug-2026 06:37:49 AM","1000","CAD","12-Aug-2026 06:38:23 AM","13-Aug-2041","219827580","CAD","SWO","SWO","12-Aug-2026","TAUTO42132180_1","","New","","4","","","","","CAD-CORRA-OIS Compound","M","12-Aug-2026","STP","","","","","C-MWIRE","","","","","","","","",
"CONFIRMED","N/A","Executed","","N","N","1683","42132169_1","M.BANK","S42132169_1","","Sell","42132169","12-Aug-2026 06:29:08 AM","1000","USD","12-Aug-2026 06:36:13 AM","27-Dec-2027","0","USD","EQO","EQO","12-Aug-2026","TAUTO42132169_1","","New","","","","0","0","",".SPXAV10P","M","12-Aug-2026","STP","","1","Qty 421.0007","","C-MWIRE","1","0","0","","","0","0","",
"CPTY ALLEGED","N/A","Doc(s) Req'd","","N","N","MWMF_FUND1","42132179_1","M.BANK","","Cliquet Master EQ IN OP","Buy","42132179","12-Aug-2026 06:34:41 AM","5000","USD","12-Aug-2026 06:35:13 AM","23-Dec-2027","135877160","USD","EQO","EQO","12-Aug-2026","","","New","","","","0","0","",".SPX","","12-Aug-2026","STP","two-way","12","Qty 0","","","1","0","0","","","0","0","",
"CONFIRMED","N/A","Executed","12-Aug-2026 at 06:24:28 AM EDT - System -  ' Disputed Field(s): Swap Direction (Dealer : Recv Fixed),Buy/Sell indicator (Dealer : Sell). Status updated to Disputed '|12-Aug-2026 at 06:22:56 AM EDT - System -  ' Disputed Field(s): Swap Direction (Dealer : Recv Fixed),Buy/Sell indicator (Dealer : Sell),Fee Direction (Dealer : Receive). Status updated to Disputed '|","N","N","1684","42132157_1","M.BANK","SWO_SC01_EUR_Dealer","","Recv Fixed","42132157","12-Aug-2026 06:18:46 AM","1560000","EUR","12-Aug-2026 06:33:48 AM","16-Aug-2029","13000000","EUR","SWO","SWO","12-Aug-2026","SWO_SC01_EUR_Dealer","","New","","7","","","","","EUR-EuroSTR-OIS Compound","M","12-Aug-2026","STP","","","","","C-MWIRE","","","","","","","","",
"CONFIRMED","N/A","Executed","","N","N","1683","42132174_1","M.BANK","S42132174_1","","Sell","42132174","12-Aug-2026 06:31:08 AM","587486","USD","12-Aug-2026 06:32:52 AM","11-Aug-2028","0","USD","EQO","EQO","12-Aug-2026","TAUTO42132174_1","","New","","","","","8000","","GOOG.OQ","M","12-Aug-2026","STP","","11","Qty 34558","","C-MWIRE","","","","","","","","",
"CPTY ALLEGED","N/A","Doc(s) Req'd","","N","N","Block","42132173_1","M.BANK","","Swaption CAD RFR 4y into 11y","Pay Fixed","42132173","12-Aug-2026 06:30:38 AM","1000","CAD","12-Aug-2026 06:31:34 AM","13-Aug-2041","256584660","CAD","SWO","SWO","12-Aug-2026","","","New","","4","","0","0","","CAD-CORRA-OIS Compound","","12-Aug-2026","STP","two-way","","","","","","0","0","","","0","0","",
"CONFIRMED","N/A","Executed","","N","N","1683","42132159_1","M.BANK","S42132159_1","","Sell","42132159","12-Aug-2026 06:21:22 AM","7157","USD","12-Aug-2026 06:29:54 AM","11-Aug-2028","0","USD","EQO","EQO","12-Aug-2026","TAUTO42132159_1","","New","","","","","8000","","GOOG.OQ","M","12-Aug-2026","STP","","11","Qty 421.0008","","C-MWIRE","","","","","","","","",
"CONFIRMED","N/A","Executed","11-Aug-2026 at 05:31:53 PM EDT - MarkitWire -  ' 1683 :Deal is currently under review '|11-Aug-2026 at 05:31:52 PM EDT - System -  ' Disputed Field(s): Business Day Convention (Dealer : PRECEDING). Status updated to Disputed '|","N","N","1683","42131886_1","M.BANK","S42131886_1","","Sell","42131886","11-Aug-2026 05:27:19 PM","2300","USD","12-Aug-2026 06:29:51 AM","15-Sep-2026","0","USD","EQO","EQO","12-Aug-2026","TAUTO42131886_1","","New","","","","0","0","",".SPXAV10P","M","12-Aug-2026","STP","","2","Qty 421.0009","","C-MWIRE","","0","0","","","0","0","",
"CONFIRMED","N/A","Executed","11-Aug-2026 at 01:59:20 PM EDT - MarkitWire -  ' 1683 :Deal is currently under review '|11-Aug-2026 at 01:59:19 PM EDT - System -  ' Disputed Field(s): Business Day Convention (Dealer : PRECEDING). Status updated to Disputed '|","N","N","1683","42131801_1","M.BANK","S42131801_1","","Sell","42131801","11-Aug-2026 01:58:37 PM","7990","USD","12-Aug-2026 06:29:44 AM","15-Sep-2026","0","USD","EQO","EQO","11-Aug-2026","TAUTO42131801_1","","New","","","","0","6760","",".SPXAV10P","M","11-Aug-2026","STP","","6","Qty 756368850","","C-MWIRE","","0","0","","","0","0","",
"CONFIRMED","N/A","Executed","11-Aug-2026 at 05:21:11 PM EDT - MarkitWire -  ' 1683 :Deal is currently under review '|11-Aug-2026 at 05:21:10 PM EDT - System -  ' Disputed Field(s): Business Day Convention (Dealer : PRECEDING). Status updated to Disputed '|","N","N","1683","42131885_1","M.BANK","S42131885_1","","Sell","42131885","11-Aug-2026 05:20:28 PM","2110","USD","12-Aug-2026 06:29:41 AM","15-Sep-2026","0","USD","EQO","EQO","12-Aug-2026","TAUTO42131885_1","","New","","","","0","0","",".SPXAV10P","M","12-Aug-2026","STP","","9","Qty 779152230","","C-MWIRE","","0","0","","","0","0","",
"CONFIRMED","N/A","Executed","11-Aug-2026 at 06:30:26 PM EDT - MarkitWire -  ' 1683 :Deal is currently under review '|11-Aug-2026 at 06:30:23 PM EDT - System -  ' Disputed Field(s): Business Day Convention (Dealer : PRECEDING). Status updated to Disputed '|","N","N","1683","42131896_1","M.BANK","S42131896_1","","Sell","42131896","11-Aug-2026 06:29:41 PM","2670","USD","12-Aug-2026 06:29:38 AM","23-Dec-2027","739016810.5","USD","EQO","EQO","12-Aug-2026","TAUTO42131896_1","","New","","","","0","0","",".SPX","M","12-Aug-2026","STP","","70","Qty 0","","C-MWIRE","1","0","0","","","0","0","",
"CONFIRMED","N/A","Executed","11-Aug-2026 at 08:55:32 PM EDT - System -  ' Disputed Field(s): Business Day Convention (Dealer : PRECEDING). Status updated to Disputed '|11-Aug-2026 at 08:55:32 PM EDT - MarkitWire -  ' 1683 :Deal is currently under review '|","N","N","1683","42131946_1","M.BANK","S42131946_1","","Sell","42131946","11-Aug-2026 08:54:33 PM","1050","USD","12-Aug-2026 06:29:34 AM","15-Sep-2026","0","USD","EQO","EQO","12-Aug-2026","TAUTO42131946_1","","New","","","","0","6640","",".SPXAV10P","M","12-Aug-2026","STP","","8","Qty 180467110","","C-MWIRE","","0","0","","","0","0","",
"CONFIRMED","N/A","Executed","12-Aug-2026 at 06:22:03 AM EDT - System -  ' Disputed Field(s): Business Day Convention (Dealer : PRECEDING). Status updated to Disputed '|12-Aug-2026 at 06:22:03 AM EDT - MarkitWire -  ' 1683 :Deal is currently under review '|","N","N","1683","42132151_1","M.BANK","S42132151_1","","Sell","42132151","12-Aug-2026 06:13:55 AM","1000","USD","12-Aug-2026 06:29:30 AM","15-Sep-2026","0","USD","EQO","EQO","12-Aug-2026","TAUTO42132151_1","","New","","","","0","0","",".SPXAV10P","M","12-Aug-2026","STP","","1","Qty 421.0009","","C-MWIRE","","0","0","","","0","0","",
"CONFIRMED","N/A","Executed","11-Aug-2026 at 08:30:45 PM EDT - System -  ' Disputed Field(s): Business Day Convention (Dealer : PRECEDING). Status updated to Disputed '|11-Aug-2026 at 08:30:45 PM EDT - MarkitWire -  ' 1683 :Deal is currently under review '|","N","N","1683","42131939_1","M.BANK","S42131939_1","","Sell","42131939","11-Aug-2026 08:29:44 PM","2660","USD","12-Aug-2026 06:29:29 AM","15-Sep-2026","0","USD","EQO","EQO","12-Aug-2026","TAUTO42131939_1","","New","","","","0","4380","",".SPXAV10P","M","12-Aug-2026","STP","","7","Qty 256465270","","C-MWIRE","","0","0","","","0","0","",
"CPTY ALLEGED","N/A","Doc(s) Req'd","12-Aug-2026 at 06:24:28 AM EDT - System -  ' Disputed Field(s): Swap Direction (Dealer : Recv Fixed),Buy/Sell indicator (Dealer : Sell). Status updated to Disputed '|12-Aug-2026 at 06:22:56 AM EDT - System -  ' Disputed Field(s): Swap Direction (Dealer : Recv Fixed),Buy/Sell indicator (Dealer : Sell),Fee Direction (Dealer : Receive). Status updated to Disputed '|12-Aug-2026 at 02:33:34 AM EDT - System -  ' Disputed Field(s): Swap Direction (Dealer : Recv Fixed),Buy/Sell indicator (Dealer : Sell). Status updated to Disputed '|","N","N","MWMF_FUND2","42132053_1","M.BANK","","Swaption EUR RFR 1y into 2y","Recv Fixed","42132053","12-Aug-2026 02:15:00 AM","1560000","EUR","12-Aug-2026 06:29:16 AM","16-Aug-2029","12000000","EUR","SWO","SWO","12-Aug-2026","","MWMF_EUTRADER2","New","","6","","0","0","","EUR-EuroSTR-OIS Compound","","12-Aug-2026","","two-way","","","","","","0","0","","","0","0","",
"CPTY ALLEGED","N/A","Doc(s) Req'd","","N","N","MWMF_FUND1","42132147_1","M.BANK","","Americas Master EQ IN OP","Buy","42132147","12-Aug-2026 05:47:51 AM","4000877200","USD","12-Aug-2026 06:01:45 AM","15-Sep-2026","0","USD","EQO","EQO","12-Aug-2026","","","New","","","","0","0","",".SPXAV10P","","12-Aug-2026","STP","two-way","10","Qty 200043860","","","1","0","0","","","0","0","",
"CPTY ALLEGED","N/A","Doc(s) Req'd","","N","N","MWMF_FUND1","42132150_1","M.BANK","","Spread Master EQ IN OP","Buy","42132150","12-Aug-2026 05:52:03 AM","1000","USD","12-Aug-2026 06:01:40 AM","15-Sep-2026","0","USD","EQO","EQO","12-Aug-2026","","","New","","","","0","0","",".SPXAV10P","","12-Aug-2026","STP","two-way","1","Qty 630222560","","","","0","0","","","0","0","",
"CPTY ALLEGED","N/A","Doc(s) Req'd","","N","N","MWMF_FUND1","42132148_1","M.BANK","","Digital Master EQ IN OP","Buy","42132148","12-Aug-2026 05:50:00 AM","1033.13","USD","12-Aug-2026 06:00:33 AM","27-Dec-2027","0","USD","EQO","EQO","12-Aug-2026","","","New","","","","0","0","",".SPXAV10P","","12-Aug-2026","STP","two-way","1","Qty 516566010","","","1","0","0","","","0","0","",
"CPTY ALLEGED","N/A","Doc(s) Req'd","","N","N","Block","42132145_1","M.BANK","","Swaption CAD RFR 4y into 11y","Pay Fixed","42132145","12-Aug-2026 05:44:14 AM","1000","CAD","12-Aug-2026 05:59:19 AM","13-Aug-2041","708235280","CAD","SWO","SWO","12-Aug-2026","","","New","","4","","0","0","","CAD-CORRA-OIS Compound","","12-Aug-2026","STP","two-way","","","","","","0","0","","","0","0","",
"CPTY ALLEGED","N/A","Doc(s) Req'd","","N","N","Block","42132149_1","M.BANK","","Swaption CAD RFR 4y into 11y","Pay Fixed","42132149","12-Aug-2026 05:50:23 AM","1000","CAD","12-Aug-2026 05:59:09 AM","13-Aug-2041","587756880","CAD","SWO","SWO","12-Aug-2026","","","New","","4","","0","0","","CAD-CORRA-OIS Compound","","12-Aug-2026","STP","two-way","","","","","","0","0","","","0","0","",
"CONFIRMED","N/A","Executed","12-Aug-2026 at 05:39:48 AM EDT - mw.demo -  ' Trade manually affirmed '|12-Aug-2026 at 05:26:16 AM EDT - System -  ' Disputed Field(s): Float Leg Calc Period Business Days (Dealer : USNY),Fixed Leg Payment Dates Adj (Dealer : MODFOLLOWING),Fixed Leg Payment Business Days (Dealer : USNY),Float Leg Payment Dates Adj (Dealer : MODFOLLOWING),Float Leg Payment Bus(...) '|12-Aug-2026 at 05:26:16 AM EDT - MarkitWire -  ' 1683 :Deal is currently under review '|","N","N","1683","42132138_2","M.BANK","S42132138_2","","Recv Fixed","42132138","12-Aug-2026 05:25:37 AM","","USD","12-Aug-2026 05:39:50 AM","14-Aug-2027","590134630","USD","OIS","OIS","12-Aug-2026","TAUTO42132138_2","","Exer","","5.2","","","","","USD-SOFR-OIS Compound","M","12-Aug-2026","STP","","","","","C-MWIRE","","","","","","","","",
"CONFIRMED","N/A","Executed","","N","N","1683","42132144_1","M.BANK","S42132144_1","","Sell","42132144","12-Aug-2026 05:38:25 AM","587486","USD","12-Aug-2026 05:39:30 AM","11-Aug-2028","0","USD","EQO","EQO","12-Aug-2026","TAUTO42132144_1","","New","","","","","8000","","GOOG.OQ","M","12-Aug-2026","STP","","9.5","Qty 34558","","C-MWIRE","","","","","","","","",
"CPTY ALLEGED","N/A","Doc(s) Req'd","","N","N","MWMF_FUND1","42132143_1","M.BANK","","OIS USD 5y (Exercise of Swaption 42132142)","Pay Fixed","42132143","12-Aug-2026 05:34:44 AM","0","USD","12-Aug-2026 05:34:49 AM","14-Aug-2035","498952670","USD","OIS","IRS","12-Aug-2026","","","New","","4","","0","0","","USD-SOFR-OIS Compound","","12-Aug-2026","STP","two-way","","","","","","0","0","","","0","0","",
"CONFIRMED","N/A","Executed","","N","N","1683","42132142_1","M.BANK","S42132142_1","","Recv Fixed","42132142","12-Aug-2026 05:32:32 AM","149685.8","USD","12-Aug-2026 05:33:28 AM","14-Aug-2035","498952670","USD","SWO","SWO","12-Aug-2026","TAUTO42132142_1","","New","","4","","","","","USD-SOFR-OIS Compound","M","12-Aug-2026","STP","","","","","C-MWIRE","","","","","","","","",
"CONFIRMED","N/A","Executed","12-Aug-2026 at 05:29:28 AM EDT - vikram.singh@ihsmarkit.com -  ' Trade manually affirmed '|12-Aug-2026 at 05:29:08 AM EDT - System -  ' Disputed Field(s): Strike Price/Initial Strike (w/ tolerance btwn 0.1 and 10.0) (Dealer : 1). Status updated to Disputed '|12-Aug-2026 at 05:29:08 AM EDT - MarkitWire -  ' 1683 :Deal is currently under review '|","N","N","1683","42132140_1","M.BANK","S42132140_1","","Sell","42132140","12-Aug-2026 05:28:08 AM","980.57","USD","12-Aug-2026 05:29:30 AM","27-Dec-2027","0","USD","EQO","EQO","12-Aug-2026","TAUTO42132140_1","","New","","","","0","0","",".SPXAV10P","M","12-Aug-2026","STP","","14","Qty 108951970","","C-MWIRE","1","0","0","","","0","0","",
"CONFIRMED","N/A","Executed","12-Aug-2026 at 05:25:51 AM EDT - vikram.singh@ihsmarkit.com -  ' Trade manually affirmed '|12-Aug-2026 at 05:25:43 AM EDT - MarkitWire -  ' 1683 :Deal is currently under review '|12-Aug-2026 at 05:25:41 AM EDT - System -  ' Disputed Field(s): Strike Price/Initial Strike (w/ tolerance btwn 0.1 and 10.0) (Dealer : 8). Status updated to Disputed '|","N","N","1683","42132139_1","M.BANK","S42132139_1","","Sell","42132139","12-Aug-2026 05:24:39 AM","1755099750","USD","12-Aug-2026 05:25:53 AM","27-Dec-2027","0","USD","EQO","EQO","12-Aug-2026","TAUTO42132139_1","","New","","","","0","0","",".SPXAV10P","M","12-Aug-2026","STP","","20","Qty 117006650","","C-MWIRE","1","0","0","","","0","0","",
"CONFIRMED","N/A","Executed","","N","N","1683","42132138_1","M.BANK","S42132138_1","","Recv Fixed","42132138","12-Aug-2026 05:24:27 AM","0","USD","12-Aug-2026 05:25:21 AM","14-Aug-2027","590134630","USD","OIS","OIS","12-Aug-2026","TAUTO42132138_1","","New","","5.2","","","","","USD-SOFR-OIS Compound","M","12-Aug-2026","STP","","","","","C-MWIRE","","","","","","","","",
"CONFIRMED","N/A","Executed","12-Aug-2026 at 05:22:01 AM EDT - MarkitWire -  ' Allocations have been uploaded. Please affirm '|","N","N","Block","42132134_1","M.BANK","S42132134_1","","Recv Fixed","42132134","12-Aug-2026 05:22:42 AM","1000","CAD","12-Aug-2026 05:23:07 AM","13-Aug-2041","157485200","CAD","SWO","SWO","12-Aug-2026","TAUTO42132134_1","","New","","4","","","","","CAD-CORRA-OIS Compound","M","12-Aug-2026","STP","","","","","C-MWIRE","","","","","","","","",
"CONFIRMED","N/A","Executed","12-Aug-2026 at 05:22:05 AM EDT - vikram.singh@ihsmarkit.com -  ' Trade manually affirmed '|12-Aug-2026 at 05:21:14 AM EDT - System -  ' Disputed Field(s): Strike Price/Initial Strike (w/ tolerance btwn 0.1 and 10.0) (Dealer : 12). Status updated to Disputed '|12-Aug-2026 at 05:21:14 AM EDT - MarkitWire -  ' 1683 :Deal is currently under review '|","N","N","1683","42132133_1","M.BANK","S42132133_1","","Sell","42132133","12-Aug-2026 05:20:17 AM","5000","USD","12-Aug-2026 05:22:09 AM","23-Dec-2027","276909870.5","USD","EQO","EQO","12-Aug-2026","TAUTO42132133_1","","New","","","","0","0","",".SPX","M","12-Aug-2026","STP","","23","Qty 0","","C-MWIRE","1","0","0","","","0","0","",
"DISPUTED","N/A","Doc(s) Req'd","12-Aug-2026 at 05:19:50 AM EDT - System -  ' Disputed Field(s): MarkitWire Defaults modified by the dealer on following fields(Break 1st Date Tenor, Break Frequency). Status updated to Disputed '|","N","N","Block","42132132_1","M.BANK","S42132132_1","","Recv","42132132","12-Aug-2026 05:13:14 AM","","AUD","12-Aug-2026 05:19:50 AM","14-Aug-2036","158607740","AUD","CCBSWP","CCBSWP","12-Aug-2026","TAUTO42132132_1","","New","","","","","7716069.6","","USD-SOFR-OIS Compound","M","12-Aug-2026","","","","","","","","","","","","","","",
"DISPUTED","N/A","Doc(s) Req'd","12-Aug-2026 at 05:09:51 AM EDT - System -  ' Disputed Field(s): Strike Price/Initial Strike (w/ tolerance btwn 0.1 and 10.0) (Dealer : 90). Status updated to Disputed '|","N","N","1683","42131819_2","M.BANK","S42132128_2","","Sell","42131819","11-Aug-2026 02:56:16 PM","25000","USD","12-Aug-2026 05:09:52 AM","15-Sep-2026","0","USD","EQO","EQO","12-Aug-2026","TAUTO42132128_2","","New","","","","","","",".SPXAV10P","M","12-Aug-2026","","","14","Qty 100","","","1","","","","","","","",
"CONFIRMED","N/A","Executed","12-Aug-2026 at 05:04:59 AM EDT - SWMatcher -  ' Matched Fields are Trade Date,Termination Date,Transaction Type,Fixed Rate,Swap Direction,Float Rate Index,Cpty Trade Id & Account Id. Status updated to Confirmed '|12-Aug-2026 at 05:04:02 AM EDT - System -  ' Disputed Field(s): Trade Date (Dealer : 10-Aug-2026),Notional (Dealer : CAD 111343140),Index (Dealer : CAD-CORRA CanDeal TMX Term),Fixed leg payment frequency (Dealer : 6M),Float calculation frequency (Dealer : 1M),Fixed calculation frequency ((...) '|","N","N","1683","42132129_1","M.BANK","42132129","","Pay Fixed","42132129","12-Aug-2026 05:00:43 AM","1000","CAD","12-Aug-2026 05:05:00 AM","12-Aug-2027","894156930","CAD","IRS","IRSW","12-Aug-2026","TAUTO42132129_1","","New","","8.2","","0","17883138.6","","CAD-CDOR","M","12-Aug-2026","STP","","","","","C-MWIRE","","0","0","","","0","0","",
"ALLEGED","N/A","Doc(s) Req'd","","N","N","1683","","M.BANK","S42132130_2","","Sell","","","25000","USD","12-Aug-2026 05:03:52 AM","15-Sep-2026","0","USD","EQO","EQO","12-Aug-2026","TAUTO42132130_2","","New","","","","","","",".SPXAV10P","M","12-Aug-2026","","","14","Qty 100","","","1","","","","","","","",
"CONFIRMED","N/A","Executed","12-Aug-2026 at 04:56:27 AM EDT - System -  ' Disputed Field(s): Strike Price/Initial Strike (w/ tolerance btwn 0.1 and 10.0) (Dealer : 90). Status updated to Disputed '|11-Aug-2026 at 11:00:53 PM EDT - System -  ' Disputed Field(s): Trade Date (Dealer : 15-Jul-2026),Fee Payment Date (Dealer : 16-Jul-2026). Status updated to Disputed '|","N","N","1683","42132130_2","M.BANK","S42131981_2","","Sell","42132130","12-Aug-2026 05:03:06 AM","25000","USD","12-Aug-2026 05:03:27 AM","15-Sep-2026","0","USD","EQO","EQO","12-Aug-2026","TAUTO42131981_2","","New","","","","","","",".SPXAV10P","M","12-Aug-2026","STP","","13","Qty 100","","C-MWIRE","1","","","","","","","",
"CONFIRMED","N/A","Executed","","N","N","1683","42132130_1","M.BANK","S42132130_1","","Sell","42132130","12-Aug-2026 05:01:14 AM","5116677300","USD","12-Aug-2026 05:02:15 AM","15-Sep-2026","0","USD","EQO","EQO","12-Aug-2026","TAUTO42132130_1","","New","","","","0","0","",".SPXAV10P","M","12-Aug-2026","STP","","10","Qty 511667730","","C-MWIRE","1","0","0","","","0","0","",
"CONFIRMED","N/A","Executed","11-Aug-2026 at 10:54:02 PM EDT - System -  ' Disputed Field(s): Strike Price/Initial Strike (w/ tolerance btwn 0.1 and 10.0) (Dealer : 90). Status updated to Disputed '|","N","N","1683","42132128_2","M.BANK","S42131979_2","","Sell","42132128","12-Aug-2026 04:52:36 AM","25000","USD","12-Aug-2026 04:52:56 AM","15-Sep-2026","0","USD","EQO","EQO","12-Aug-2026","TAUTO42131979_2","","New","","","","","","",".SPXAV10P","M","12-Aug-2026","STP","","25","Qty 100","","C-MWIRE","1","","","","","","","",
"CONFIRMED","N/A","Executed","","N","N","1683","42132128_1","M.BANK","S42132128_1","","Sell","42132128","12-Aug-2026 04:50:40 AM","18542642000","USD","12-Aug-2026 04:51:48 AM","15-Sep-2026","0","USD","EQO","EQO","12-Aug-2026","TAUTO42132128_1","","New","","","","0","0","",".SPXAV10P","M","12-Aug-2026","STP","","20","Qty 463566050","","C-MWIRE","1","0","0","","","0","0","",
"CONFIRMED","N/A","Executed","","N","N","1683","42132121_2","M.BANK","S42132121_2","","Sell","42132121","12-Aug-2026 04:40:33 AM","0","USD","12-Aug-2026 04:49:53 AM","27-Dec-2027","0","USD","EQO","EQO","12-Aug-2026","TAUTO42132121_2","","F.Term","","","","","","",".SPXAV10P","M","12-Aug-2026","STP","","3","Qty 699.0001","","C-MWIRE","1","","","","","","","",
"CONFIRMED","N/A","Executed","","N","N","1683","42132121_1","M.BANK","S42132121_1","","Sell","42132121","12-Aug-2026 04:38:31 AM","1000","USD","12-Aug-2026 04:39:35 AM","27-Dec-2027","0","USD","EQO","EQO","12-Aug-2026","TAUTO42132121_1","","New","","","","0","0","",".SPXAV10P","M","12-Aug-2026","STP","","3","Qty 699","","C-MWIRE","1","0","0","","","0","0","",
"CPTY ALLEGED","N/A","Doc(s) Req'd","","N","N","MWMF_FUND1","42132113_1","M.BANK","","OIS ZAR 1y (Exercise of JIBAR Swaption 42132111)","Pay Fixed","42132113","12-Aug-2026 04:29:12 AM","0","ZAR","12-Aug-2026 04:29:16 AM","12-Feb-2028","737986240","ZAR","OIS","IRS","12-Aug-2026","","","New","","4","","0","0","","ZAR-ZARONIA-OIS Compound","","12-Aug-2026","STP","two-way","","","","","","0","0","","","0","0","",
"CONFIRMED","N/A","Executed","","N","N","1683","42132111_1","M.BANK","S42132111_1","","Recv Fixed","42132111","12-Aug-2026 04:27:04 AM","221395.87","ZAR","12-Aug-2026 04:28:01 AM","12-Feb-2028","737986240","ZAR","SWO","SWO","12-Aug-2026","TAUTO42132111_1","","New","","4","","","","","ZAR-JIBAR","M","12-Aug-2026","STP","","","","","C-MWIRE","","","","","","","","",
"CPTY ALLEGED","N/A","Doc(s) Req'd","","N","N","MWMF_FUND1","42132110_1","M.BANK","","OIS USD 1y (Exercise of Swaption 42132109)","Pay Fixed","42132110","12-Aug-2026 04:26:46 AM","0","USD","12-Aug-2026 04:26:50 AM","16-Aug-2028","546301910","USD","OIS","IRS","12-Aug-2026","","","New","","4","","0","0","","USD-SOFR-OIS Compound","","12-Aug-2026","STP","two-way","","","","","","0","0","","","0","0","",
"CONFIRMED","N/A","Executed","","N","N","1683","42132109_1","M.BANK","S42132109_1","","Recv Fixed","42132109","12-Aug-2026 04:24:20 AM","163890.57","USD","12-Aug-2026 04:25:21 AM","16-Aug-2028","546301910","USD","SWO","SWO","12-Aug-2026","TAUTO42132109_1","","New","","4","","","","","USD-SOFR-OIS Compound","M","12-Aug-2026","STP","","","","","C-MWIRE","","","","","","","","",
"CONFIRMED","N/A","Executed","12-Aug-2026 at 04:23:56 AM EDT - MarkitWire -  ' 1683 :Deal is currently under review '|","N","N","1683","42132107_1","M.BANK","S42132107_1","","Sell","42132107","12-Aug-2026 04:23:33 AM","1002","USD","12-Aug-2026 04:24:37 AM","27-Dec-2027","0","USD","EQO","EQO","12-Aug-2026","TAUTO42132107_1","","New","","","","0","0","",".SPXAV10P","M","12-Aug-2026","STP","","3","Qty 300","","C-MWIRE","1","0","0","","","0","0","",
"CPTY ALLEGED","N/A","Doc(s) Req'd","","N","N","MWMF_FUND1","42132108_1","M.BANK","","OIS USD 1y (Exercise of Swaption 42132106)","Pay Fixed","42132108","12-Aug-2026 04:24:03 AM","0","USD","12-Aug-2026 04:24:07 AM","16-Aug-2028","643388310","USD","OIS","IRS","12-Aug-2026","","","New","","4","","0","0","","USD-SOFR-OIS Compound","","12-Aug-2026","STP","two-way","","","","","","0","0","","","0","0","",
"CONFIRMED","N/A","Executed","","N","N","1683","42132106_1","M.BANK","S42132106_1","","Recv Fixed","42132106","12-Aug-2026 04:21:53 AM","193016.49","USD","12-Aug-2026 04:22:52 AM","16-Aug-2028","643388310","USD","SWO","SWO","12-Aug-2026","TAUTO42132106_1","","New","","4","","","","","USD-SOFR-OIS Compound","M","12-Aug-2026","STP","","","","","C-MWIRE","","","","","","","","",
"CPTY ALLEGED","N/A","Doc(s) Req'd","","N","N","MWMF_FUND1","42132105_1","M.BANK","","OIS USD 5y (Exercise of Swaption 42132104)","Pay Fixed","42132105","12-Aug-2026 04:21:36 AM","0","USD","12-Aug-2026 04:21:41 AM","14-Aug-2035","893175730","USD","OIS","IRS","12-Aug-2026","","","New","","4","","0","0","","USD-SOFR-OIS Compound","","12-Aug-2026","STP","two-way","","","","","","0","0","","","0","0","",
"CONFIRMED","N/A","Executed","","N","N","1683","42132104_1","M.BANK","S42132104_1","","Recv Fixed","42132104","12-Aug-2026 04:19:17 AM","267952.72","USD","12-Aug-2026 04:20:17 AM","14-Aug-2035","893175730","USD","SWO","SWO","12-Aug-2026","TAUTO42132104_1","","New","","4","","","","","USD-SOFR-OIS Compound","M","12-Aug-2026","STP","","","","","C-MWIRE","","","","","","","","",
"CONFIRMED","N/A","Executed","12-Aug-2026 at 04:16:55 AM EDT - MarkitWire -  ' Allocations have been uploaded. Please affirm '|","N","N","Block","42132101_1","M.BANK","S42132101_1","","Recv Fixed","42132101","12-Aug-2026 04:17:26 AM","1000","CAD","12-Aug-2026 04:17:54 AM","13-Aug-2041","394307010","CAD","SWO","SWO","12-Aug-2026","TAUTO42132101_1","","New","","4","","","","","CAD-CORRA-OIS Compound","M","12-Aug-2026","STP","","","","","C-MWIRE","","","","","","","","",
"CONFIRMED","N/A","Executed","12-Aug-2026 at 04:16:32 AM EDT - vikram.singh@ihsmarkit.com -  ' Trade manually affirmed '|12-Aug-2026 at 04:16:12 AM EDT - System -  ' Disputed Field(s): Number of Options (w/ tolerance btwn 0.0 and 0.001) (Dealer : 58.1), [ Allocations-->|1683:MWMF_FUND1:Number of Shares/Options (Dealer : 58.1) ]. Status updated to Disputed '|12-Aug-2026 at 04:16:12 AM EDT - MarkitWire -  ' 1683 :Deal is currently under review '|","N","N","1683","42132097_1","M.BANK","S42132097_1","","Sell","42132097","12-Aug-2026 04:09:38 AM","1000","USD","12-Aug-2026 04:16:35 AM","27-Dec-2027","0","USD","EQO","EQO","12-Aug-2026","TAUTO42132097_1","","New","","","","0","0","",".SPXAV10P","M","12-Aug-2026","STP","","7","Qty 58.32","","C-MWIRE","1","0","0","","","0","0","",
"CONFIRMED","N/A","Executed","","N","N","1683","42132099_2","M.BANK","S42132099_2","","Recv Fixed","42132098","12-Aug-2026 04:14:22 AM","600","CAD","12-Aug-2026 04:15:08 AM","13-Aug-2041","364471926","CAD","SWO","SWO","12-Aug-2026","TAUTO42132099_2","","Amend","A","4","","","","","CAD-CORRA-OIS Compound","M","12-Aug-2026","STP","","","","","C-MWIRE","","","","","","","","",
"CONFIRMED","N/A","Executed","12-Aug-2026 at 04:13:06 AM EDT - MarkitWire -  ' Allocations have been uploaded. Please affirm '|","N","N","Block","42132098_1","M.BANK","S42132098_1","","Recv Fixed","42132098","12-Aug-2026 04:13:41 AM","1000","CAD","12-Aug-2026 04:15:08 AM","13-Aug-2041","607453210","CAD","SWO","SWO","12-Aug-2026","TAUTO42132098_1","","New","","4","","","","","CAD-CORRA-OIS Compound","M","12-Aug-2026","STP","","","","","C-MWIRE","","","","","","","","",
"CONFIRMED","N/A","Executed","12-Aug-2026 at 04:11:47 AM EDT - MarkitWire -  ' SettlementAgencySent '|12-Aug-2026 at 04:11:16 AM EDT - vikram.singh@ihsmarkit.com -  ' Trade manually affirmed '|12-Aug-2026 at 04:10:49 AM EDT - System -  ' Disputed Field(s): Float calculation frequency (Dealer : 3M). Status updated to Disputed '|","N","N","1683","42132095_3","M.BANK","S42132095_1","","Pay Fixed","42132094","12-Aug-2026 04:10:05 AM","600","CAD","12-Aug-2026 04:11:47 AM","12-Aug-2027","377132556","CAD","IRS","IRSW","12-Aug-2026","TAUTO42132095_1_Amd","","Amend","A","6.2","","0","7542651.12","","CAD-CDOR","M","12-Aug-2026","STP","","","","","C-MWIRE","","0","0","","","0","0","LCHSGB2L",
"CONFIRMED","N/A","Executed","12-Aug-2026 at 04:10:17 AM EDT - MarkitWire -  ' SettlementAgencyAccepted '|12-Aug-2026 at 04:10:15 AM EDT - MarkitWire -  ' SettlementAgencyAccepted '|12-Aug-2026 at 04:09:39 AM EDT - MarkitWire -  ' SettlementAgencySent '|","N","N","Block","42132094_1","M.BANK","S42132094_1","","Pay Fixed","42132094","12-Aug-2026 04:09:12 AM","1000","CAD","12-Aug-2026 04:10:17 AM","12-Aug-2027","628554260","CAD","IRS","IRSW","12-Aug-2026","TAUTO42132094_1","","New","","8.2","","0","12571085.2","","CAD-CDOR","M","12-Aug-2026","STP","","","","","C-MWIRE","","0","0","","","0","0","LCHSGB2L",
"DISPUTED","N/A","Doc(s) Req'd","12-Aug-2026 at 04:09:18 AM EDT - System -  ' Disputed Field(s): Number of Options (w/ tolerance btwn 0.0 and 0.001) (Dealer : 58.1), [ Allocations-->|1683:MWMF_FUND1:Number of Shares/Options (Dealer : 58.1) ]. Status updated to Disputed '|","N","N","1683","42132093_1","M.BANK","S42132093_1","","Sell","42132093","12-Aug-2026 04:02:08 AM","2324","USD","12-Aug-2026 04:09:20 AM","11-Aug-2028","0","USD","EQO","EQO","12-Aug-2026","TAUTO42132093_1","","New","","","","","9320","","GOOG.OQ","M","12-Aug-2026","","","90","Qty 58.31","","","","","","","","","","",
"DISPUTED","N/A","Doc(s) Req'd","12-Aug-2026 at 04:05:31 AM EDT - System -  ' Disputed Field(s): MarkitWire Defaults modified by the dealer on following fields(Break 1st Date Tenor, Break Frequency). Status updated to Disputed '|","N","N","Block","42132092_1","M.BANK","S42132092_1","","Recv","42132092","12-Aug-2026 03:59:30 AM","","AUD","12-Aug-2026 04:05:32 AM","14-Aug-2036","323748630","AUD","CCBSWP","CCBSWP","12-Aug-2026","TAUTO42132092_1","","New","","","","","11116995","","USD-SOFR-OIS Compound","M","12-Aug-2026","","","","","","","","","","","","","","",
"CONFIRMED","N/A","Executed","","N","N","1683","42132091_1","M.BANK","S42132091_1","","Pay Fixed","42132091","12-Aug-2026 03:56:30 AM","1000","CAD","12-Aug-2026 03:58:45 AM","12-Aug-2027","853138600","CAD","IRS","IRSW","12-Aug-2026","TAUTO42132091_1","","New","","8.2","","0","17062772","","CAD-CDOR","M","12-Aug-2026","STP","","","","","C-MWIRE","","0","0","","","0","0","",
"CONFIRMED","N/A","Executed","","N","N","1683","42132091_2","M.BANK","S42132091_1","","Pay Fixed","42132091","12-Aug-2026 03:57:56 AM","1000","CAD","12-Aug-2026 03:58:45 AM","12-Aug-2027","853138600","CAD","IRS","IRSW","12-Aug-2026","TAUTO42132091_1_Amd","","Amend","A","8.2","","","17062772","","CAD-CDOR","M","12-Aug-2026","STP","","","","","C-MWIRE","","","","","","","","",
"CONFIRMED","N/A","Executed","12-Aug-2026 at 03:48:40 AM EDT - vikram.singh@ihsmarkit.com -  ' Trade manually affirmed '|12-Aug-2026 at 03:48:15 AM EDT - MarkitWire -  ' 1683 :Deal is currently under review '|12-Aug-2026 at 03:48:14 AM EDT - System -  ' Disputed Field(s): Number of Options (w/ tolerance btwn 0.0 and 0.001) (Dealer : 58.1), [ Allocations-->|1683:MWMF_FUND1:Number of Shares/Options (Dealer : 58.1) ]. Status updated to Disputed '|","N","N","1683","42132087_1","M.BANK","S42132087_1","","Sell","42132087","12-Aug-2026 03:42:12 AM","1000","USD","12-Aug-2026 03:48:42 AM","27-Dec-2027","0","USD","EQO","EQO","12-Aug-2026","TAUTO42132087_1","","New","","","","0","0","",".SPXAV10P","M","12-Aug-2026","STP","","3","Qty 58.32","","C-MWIRE","1","0","0","","","0","0","",
"CONFIRMED","N/A","Executed","12-Aug-2026 at 03:48:20 AM EDT - SWMatcher -  ' Matched Fields are Trade Date,Termination Date,Transaction Type,Fixed Rate,Swap Direction,Float Rate Index,Cpty Trade Id & Account Id. Status updated to Confirmed '|","N","N","1683","42132088_1","M.BANK","42132088","","Pay Fixed","42132088","12-Aug-2026 03:42:10 AM","1000","CAD","12-Aug-2026 03:48:21 AM","12-Aug-2027","700791260","CAD","IRS","IRSW","12-Aug-2026","TAUTO42132088_1","","New","","8.2","","0","14015825.2","","CAD-CDOR","M","12-Aug-2026","STP","","","","","C-MWIRE","","0","0","","","0","0","",
"CONFIRMED","N/A","Executed","","N","N","1683","42132089_1","M.BANK","S42132089_1","","Sell","42132089","12-Aug-2026 03:46:03 AM","6506400","USD","12-Aug-2026 03:47:09 AM","11-Aug-2028","0","USD","EQO","EQO","12-Aug-2026","TAUTO42132089_1","","New","","","","","5930","","GOOG.OQ","M","12-Aug-2026","STP","","20","Qty 81330","","C-MWIRE","","","","","","","","",
"CONFIRMED","N/A","Executed","","N","N","1683","42132085_1","M.BANK","S42132085_1","","Sell","42132085","12-Aug-2026 03:36:38 AM","852000","USD","12-Aug-2026 03:37:43 AM","11-Aug-2028","0","USD","EQO","EQO","12-Aug-2026","TAUTO42132085_1","","New","","","","","3480","","GOOG.OQ","M","12-Aug-2026","STP","","20","Qty 85200","","C-MWIRE","","","","","","","","",
"CONFIRMED","N/A","Executed","12-Aug-2026 at 03:34:24 AM EDT - MarkitWire -  ' 1683 :Deal is currently under review '|","N","N","1683","42132084_1","M.BANK","S42132084_1","","Sell","42132084","12-Aug-2026 03:34:02 AM","1002","USD","12-Aug-2026 03:35:05 AM","27-Dec-2027","0","USD","EQO","EQO","12-Aug-2026","TAUTO42132084_1","","New","","","","0","0","",".SPXAV10P","M","12-Aug-2026","STP","","7","Qty 300","","C-MWIRE","1","0","0","","","0","0","",
"CONFIRMED","N/A","Executed","","N","N","1683","42132083_1","M.BANK","S42132083_1","","Sell","42132083","12-Aug-2026 03:32:50 AM","4288000","USD","12-Aug-2026 03:33:56 AM","11-Aug-2028","0","USD","EQO","EQO","12-Aug-2026","TAUTO42132083_1","","New","","","","","4560","","GOOG.OQ","M","12-Aug-2026","STP","","20","Qty 53600","","C-MWIRE","","","","","","","","",
"CONFIRMED","N/A","Executed","","N","N","1683","42132082_1","M.BANK","S42132082_1","","Sell","42132082","12-Aug-2026 03:27:54 AM","7950","USD","12-Aug-2026 03:28:55 AM","23-Dec-2027","796771620.5","USD","EQO","EQO","12-Aug-2026","TAUTO42132082_1","","New","","","","0","0","",".SPX","M","12-Aug-2026","STP","","50","Qty 0","","C-MWIRE","1","0","0","","","0","0","",
"DISPUTED","N/A","Doc(s) Req'd","12-Aug-2026 at 03:26:48 AM EDT - System -  ' Disputed Field(s): Number of Options (w/ tolerance btwn 0.0 and 0.001) (Dealer : 58.1), [ Allocations-->|1683:MWMF_FUND1:Number of Shares/Options (Dealer : 58.1) ]. Status updated to Disputed '|","N","N","1683","42132080_1","M.BANK","S42132080_1","","Sell","42132080","12-Aug-2026 03:16:57 AM","1162","USD","12-Aug-2026 03:26:49 AM","15-Sep-2026","0","USD","EQO","EQO","12-Aug-2026","TAUTO42132080_1","","New","","","","","","",".SPXAV10P","M","12-Aug-2026","","","10","Qty 58.33","","","1","","","","","","","",
"CONFIRMED","N/A","Executed","","N","N","1683","42132081_1","M.BANK","S42132081_1","","Sell","42132081","12-Aug-2026 03:19:21 AM","2320","USD","12-Aug-2026 03:20:39 AM","23-Dec-2027","384629180.5","USD","EQO","EQO","12-Aug-2026","TAUTO42132081_1","","New","","","","0","0","",".SPX","M","12-Aug-2026","STP","","20","Qty 0","","C-MWIRE","1","0","0","","","0","0","",
"CONFIRMED","N/A","Executed","","N","N","1683","42132079_1","M.BANK","S42132079_1","","Sell","42132079","12-Aug-2026 03:15:10 AM","8700","USD","12-Aug-2026 03:16:10 AM","23-Dec-2027","269009280.5","USD","EQO","EQO","12-Aug-2026","TAUTO42132079_1","","New","","","","0","0","",".SPX","M","12-Aug-2026","STP","","80","Qty 0","","C-MWIRE","1","0","0","","","0","0","",
"ALLEGED","N/A","Doc(s) Req'd","","N","N","1684","","ABANK/M.BANK","SWO_SC01_EUR_Retest","","Recv Fixed","","","1560000","EUR","12-Aug-2026 03:09:38 AM","16-Aug-2029","12000000","EUR","SWO","SWO","12-Aug-2026","SWO_SC01_EUR_Retest_NOV","","Asgm","","6","","0","0","","EUR-EuroSTR-OIS Compound","M","12-Aug-2026","STP","","","","","R","","0","0","","","0","0","",
"CONFIRMED","N/A","Executed","12-Aug-2026 at 02:50:46 AM EDT - System -  ' Disputed Field(s): Fee Direction (Dealer : Pay). Status updated to Disputed '|12-Aug-2026 at 02:33:34 AM EDT - System -  ' Disputed Field(s): Swap Direction (Dealer : Recv Fixed),Buy/Sell indicator (Dealer : Sell). Status updated to Disputed '|12-Aug-2026 at 02:32:33 AM EDT - System -  ' Disputed Field(s): Swap Direction (Dealer : Recv Fixed),Buy/Sell indicator (Dealer : Sell). Status updated to Disputed '|","N","N","1684","42132068_1","M.BANK","SWO_SC01_EUR_Retest","","Recv Fixed","42132068","12-Aug-2026 02:48:52 AM","1560000","EUR","12-Aug-2026 02:55:54 AM","16-Aug-2029","12000000","EUR","SWO","SWO","12-Aug-2026","SWO_SC01_EUR_Retest","","New","","6","","","","","EUR-EuroSTR-OIS Compound","M","12-Aug-2026","STP","","","","","C-MWIRE","","","","","","","","",
"CONFIRMED","N/A","Executed","","N","N","1683","42131986_2","M.BANK","S42131986_2","","Sell","42131986","11-Aug-2026 10:58:36 PM","0","USD","12-Aug-2026 02:43:18 AM","27-Dec-2027","0","USD","EQO","EQO","12-Aug-2026","TAUTO42131986_2","","New","","","","","","",".SPXAV10P","M","12-Aug-2026","STP","","1","Qty 79.0007","","C-MWIRE","1","","","","","","","",
"CONFIRMED","N/A","Executed","","N","N","1683","42132055_2","M.BANK","S42132055_2","","Sell","42132055","12-Aug-2026 02:18:24 AM","1484200","USD","12-Aug-2026 02:19:07 AM","11-Aug-2028","0","USD","EQO","EQO","12-Aug-2026","TAUTO42132055_2","","F.Term","","","","","3360","","GOOG.OQ","M","12-Aug-2026","STP","","30","Qty 74210","","C-MWIRE","","","","","","","","",
"CONFIRMED","N/A","Executed","","N","N","1683","42132055_1","M.BANK","S42132055_1","","Sell","42132055","12-Aug-2026 02:16:17 AM","1484200","USD","12-Aug-2026 02:17:31 AM","11-Aug-2028","0","USD","EQO","EQO","12-Aug-2026","TAUTO42132055_1","","New","","","","","3360","","GOOG.OQ","M","12-Aug-2026","STP","","30","Qty 74210","","C-MWIRE","","","","","","","","",
"CONFIRMED","N/A","Executed","","N","N","1683","42132052_2","M.BANK","S42132052_2","","Buy","42132052","12-Aug-2026 02:12:05 AM","2000","USD","12-Aug-2026 02:12:54 AM","12-Aug-2027","0","USD","EQACC","EQACC","12-Aug-2026","TAUTO42132052_2","","P.Term","","","","","","","GOOG.O","M","12-Aug-2026","STP","","","","","C-MWIRE","","","","","","","","",
"CONFIRMED","N/A","Executed","","N","N","1683","42132052_1","M.BANK","S42132052_1","","Buy","42132052","12-Aug-2026 02:10:12 AM","874607970","USD","12-Aug-2026 02:11:14 AM","12-Aug-2027","0","USD","EQACC","EQACC","12-Aug-2026","TAUTO42132052_1","","New","","","","","","","GOOG.O","M","12-Aug-2026","STP","","","","","C-MWIRE","","","","","","","","",
"CONFIRMED","N/A","Executed","","N","N","1683","42132046_2","M.BANK","S42132051_2","","Recv Fixed,Pay Dividend","42132046","12-Aug-2026 01:59:45 AM","","EUR","12-Aug-2026 02:08:00 AM","17-Dec-2027","0","EUR","DIV","DIV","12-Aug-2026","TAUTO42132051_2","","P.Term","","","","","","",".SX7E","M","12-Aug-2026","STP","","23","Qty 200","","C-MWIRE","","","","","","","","",
"CPTY ALLEGED","N/A","Doc(s) Req'd","","N","N","MWMF_FUND1","42132051_2","M.BANK","","European Master DIV IN SW","Recv Fixed,Pay Dividend","42132051","12-Aug-2026 02:07:16 AM","0","EUR","12-Aug-2026 02:07:29 AM","17-Dec-2027","0","EUR","DIV","DIV","12-Aug-2026","A42132051_1_2_08122026_U","","P.Term","","","","0","0","",".SX7E","","12-Aug-2026","STP","two-way","23","Qty 200","","","","0","0","","","0","0","",
"CONFIRMED","N/A","Executed","","N","N","1683","42132051_1","M.BANK","S42132051_1","","Pay Fixed,Rec Dividend","42132051","12-Aug-2026 02:05:25 AM","0","EUR","12-Aug-2026 02:06:25 AM","17-Dec-2027","0","EUR","DIV","DIV","12-Aug-2026","TAUTO42132051_1","","New","","","","0","9300","",".SX7E","M","12-Aug-2026","STP","","23","Qty 336332520","","C-MWIRE","","0","0","","","0","0","",
"CPTY ALLEGED","N/A","Doc(s) Req'd","","N","N","MWMF_FUND1","42132050_1","M.BANK","","IRS ZAR 1Y (Exercise of Swaption 42132049)","Pay Fixed","42132050","12-Aug-2026 02:01:18 AM","0","ZAR","12-Aug-2026 02:01:24 AM","12-Feb-2028","391333200","ZAR","IRS","IRS","12-Aug-2026","","","New","","4","","0","0","","ZAR-JIBAR","","12-Aug-2026","STP","two-way","","","","","","0","0","","","0","0","",
"CONFIRMED","N/A","Executed","","N","N","1683","42131905_2","M.BANK","S42132046_2","","Recv Fixed,Pay Dividend","42131905","11-Aug-2026 07:09:21 PM","","EUR","12-Aug-2026 02:00:34 AM","17-Dec-2027","0","EUR","DIV","DIV","12-Aug-2026","TAUTO42132046_2","","P.Term","","","","","","",".SX7E","M","12-Aug-2026","STP","","23","Qty 200","","C-MWIRE","","","","","","","","",
"CONFIRMED","N/A","Executed","12-Aug-2026 at 02:00:09 AM EDT - vikram.singh@ihsmarkit.com -  ' Trade manually affirmed '|12-Aug-2026 at 01:59:21 AM EDT - System -  ' Disputed Field(s): Business Day Convention (Dealer : FOLLOWING). Status updated to Disputed '|12-Aug-2026 at 01:59:21 AM EDT - MarkitWire -  ' 1683 :Deal is currently under review '|","N","N","1683","42132047_1","M.BANK","S42132047_1","","Sell","42132047","12-Aug-2026 01:58:19 AM","47406094200","USD","12-Aug-2026 02:00:21 AM","15-Sep-2026","0","USD","EQO","EQO","12-Aug-2026","TAUTO42132047_1","","New","","","","0","0","",".SPXAV10P","M","12-Aug-2026","STP","","80","Qty 790101570","","C-MWIRE","1","0","0","","","0","0","",
"CONFIRMED","N/A","Executed","","N","N","1683","42132049_1","M.BANK","S42132049_1","","Recv Fixed","42132049","12-Aug-2026 01:59:11 AM","117399.96","ZAR","12-Aug-2026 02:00:09 AM","12-Feb-2028","391333200","ZAR","SWO","SWO","12-Aug-2026","TAUTO42132049_1","","New","","4","","","","","ZAR-JIBAR","M","12-Aug-2026","STP","","","","","C-MWIRE","","","","","","","","",
"CPTY ALLEGED","N/A","Doc(s) Req'd","","N","N","MWMF_FUND1","42132048_1","M.BANK","","OIS USD 5y (Exercise of Swaption 42132045)","Pay Fixed","42132048","12-Aug-2026 01:58:52 AM","0","USD","12-Aug-2026 01:59:01 AM","14-Aug-2035","457342300","USD","OIS","IRS","12-Aug-2026","","","New","","4","","0","0","","USD-SOFR-OIS Compound","","12-Aug-2026","STP","two-way","","","","","","0","0","","","0","0","",
"CONFIRMED","N/A","Executed","","N","N","1683","42132046_1","M.BANK","S42132046_1","","Pay Fixed,Rec Dividend","42132046","12-Aug-2026 01:57:54 AM","0","EUR","12-Aug-2026 01:58:54 AM","17-Dec-2027","0","EUR","DIV","DIV","12-Aug-2026","TAUTO42132046_1","","New","","","","0","8050","",".SX7E","M","12-Aug-2026","STP","","23","Qty 462291490","","C-MWIRE","","0","0","","","0","0","",
"CONFIRMED","N/A","Executed","","N","N","1683","42132045_1","M.BANK","S42132045_1","","Recv Fixed","42132045","12-Aug-2026 01:56:45 AM","137202.69","USD","12-Aug-2026 01:57:45 AM","14-Aug-2035","457342300","USD","SWO","SWO","12-Aug-2026","TAUTO42132045_1","","New","","4","","","","","USD-SOFR-OIS Compound","M","12-Aug-2026","STP","","","","","C-MWIRE","","","","","","","","",
"CONFIRMED","N/A","Executed","","N","N","1683","42132044_2","M.BANK","S42132044_2","","Pay Fixed","42132044","12-Aug-2026 01:55:26 AM","","GBP","12-Aug-2026 01:56:03 AM","12-Aug-2027","654868600","GBP","IRS","IRSW","12-Aug-2026","TAUTO42132044_2","","Exer","","5.2","","","","","GBP-LIBOR","M","12-Aug-2026","STP","","","","","C-MWIRE","","","","","","","","",
"CONFIRMED","N/A","Executed","","N","N","1683","42132044_1","M.BANK","S42132044_1","","Pay Fixed","42132044","12-Aug-2026 01:54:11 AM","0","GBP","12-Aug-2026 01:55:11 AM","12-Aug-2027","654868600","GBP","IRS","IRSW","12-Aug-2026","TAUTO42132044_1","","New","","5.2","","0","0","","GBP-LIBOR","M","12-Aug-2026","STP","","","","","C-MWIRE","","0","0","","","0","0","",
"DISPUTED","N/A","Doc(s) Req'd","12-Aug-2026 at 01:47:53 AM EDT - System -  ' Disputed Field(s): Float Leg Calc Period Business Days (Dealer : USNY),Fixed Leg Payment Dates Adj (Dealer : MODFOLLOWING),Fixed Leg Payment Business Days (Dealer : USNY),Float Leg Payment Dates Adj (Dealer : MODFOLLOWING),Float Leg Payment Bus(...) '|","N","N","1683","42132042_2","M.BANK","S42132042_2","","Recv Fixed","42132042","12-Aug-2026 01:47:19 AM","","USD","12-Aug-2026 01:47:53 AM","14-Aug-2027","403915450","USD","OIS","OIS","12-Aug-2026","TAUTO42132042_2","","Exer","","5.2","","","","","USD-SOFR-OIS Compound","M","12-Aug-2026","","","","","","","","","","","","","","",
"CONFIRMED","N/A","Executed","","N","N","1683","42132042_1","M.BANK","S42132042_1","","Recv Fixed","42132042","12-Aug-2026 01:45:59 AM","0","USD","12-Aug-2026 01:46:58 AM","14-Aug-2027","403915450","USD","OIS","OIS","12-Aug-2026","TAUTO42132042_1","","New","","5.2","","","","","USD-SOFR-OIS Compound","M","12-Aug-2026","STP","","","","","C-MWIRE","","","","","","","","",
"CONFIRMED","N/A","Executed","","N","N","1683","42132041_2","M.BANK","S42132041_1","","Recv Fixed","42132039","12-Aug-2026 01:44:50 AM","600","USD","12-Aug-2026 01:45:33 AM","14-Aug-2027","178477110","USD","OIS","OIS","12-Aug-2026","TAUTO42132041_1_Amd","","Amend","A","6.2","","","3569542.2","2","USD-SOFR-OIS Compound","M","12-Aug-2026","STP","","","","","C-MWIRE","","","","","","","","",
"CONFIRMED","N/A","Executed","12-Aug-2026 at 01:43:35 AM EDT - MarkitWire -  ' Allocations have been uploaded. Please affirm '|","N","N","Block","42132039_1","M.BANK","S42132039_1","","Recv Fixed","42132039","12-Aug-2026 01:44:10 AM","1000","USD","12-Aug-2026 01:44:34 AM","14-Aug-2027","297461850","USD","OIS","OIS","12-Aug-2026","TAUTO42132039_1","","New","","5.2","","","5949237","2","USD-SOFR-OIS Compound","M","12-Aug-2026","STP","","","","","C-MWIRE","","","","","","","","",
"CONFIRMED","N/A","Executed","","N","N","1683","42132037_2","M.BANK","S42132037_2","","Recv Fixed","42132036","12-Aug-2026 01:40:58 AM","600","USD","12-Aug-2026 01:41:41 AM","14-Aug-2036","572239650","USD","IFS","IFS","12-Aug-2026","TAUTO42132037_2","","Amend","A","6.2","","","11444793","2","USA-CPI-U","M","12-Aug-2026","STP","","","","","C-MWIRE","","","","","","","","",
"CONFIRMED","N/A","Executed","12-Aug-2026 at 01:39:53 AM EDT - MarkitWire -  ' Allocations have been uploaded. Please affirm '|","N","N","Block","42132036_1","M.BANK","S42132036_1","","Recv Fixed","42132036","12-Aug-2026 01:40:28 AM","1000","USD","12-Aug-2026 01:40:44 AM","14-Aug-2036","953732750","USD","IFS","IFS","12-Aug-2026","TAUTO42132036_1","","New","","6","","","19074655","2","USA-CPI-U","M","12-Aug-2026","STP","","","","","C-MWIRE","","","","","","","","",
"CONFIRMED","N/A","Executed","","N","N","1683","42132035_2","M.BANK","S42132035_2","","Sell","42132035","12-Aug-2026 01:38:36 AM","0","USD","12-Aug-2026 01:39:16 AM","27-Dec-2027","0","USD","EQO","EQO","12-Aug-2026","TAUTO42132035_2","","F.Term","","","","","","",".SPXAV10P","M","12-Aug-2026","STP","","1.01","Qty 699","","C-MWIRE","1","","","","","","","",
"CONFIRMED","N/A","Executed","12-Aug-2026 at 01:38:41 AM EDT - MarkitWire -  ' SettlementAgencyAccepted '|12-Aug-2026 at 01:38:39 AM EDT - MarkitWire -  ' SettlementAgencySent '|12-Aug-2026 at 01:37:33 AM EDT - MarkitWire -  ' SettlementAgencyAccepted '|","N","N","Block","42132032_1","M.BANK","S42132032_1","","Recv Fixed","42132032","12-Aug-2026 01:36:25 AM","1000","USD","12-Aug-2026 01:38:41 AM","14-Aug-2041","698468890","USD","SWO","SWO","12-Aug-2026","TAUTO42132032_1","","New","","4","","","13969377.8","2","USD-LIBOR","M","12-Aug-2026","STP","","","","","C-MWIRE","","","","","","","","LCHSGB2L",
"CONFIRMED","N/A","Executed","","N","N","1683","42132034_3","M.BANK","S42132034_3","","Recv Fixed","42132032","12-Aug-2026 01:37:33 AM","600","USD","12-Aug-2026 01:38:19 AM","14-Aug-2041","419081334","USD","SWO","SWO","12-Aug-2026","TAUTO42132034_3","","Amend","A","4","","","8381626.68","2","USD-LIBOR","M","12-Aug-2026","STP","","","","","C-MWIRE","","","","","","","","LCHSGB2L",
"CONFIRMED","N/A","Executed","","N","N","1683","42132035_1","M.BANK","S42132035_1","","Sell","42132035","12-Aug-2026 01:36:37 AM","6250","USD","12-Aug-2026 01:37:38 AM","27-Dec-2027","0","USD","EQO","EQO","12-Aug-2026","TAUTO42132035_1","","New","","","","0","0","",".SPXAV10P","M","12-Aug-2026","STP","","8","Qty 699","","C-MWIRE","1","0","0","","","0","0","",
"DISPUTED","N/A","Doc(s) Req'd","12-Aug-2026 at 01:33:54 AM EDT - System -  ' Disputed Field(s): MarkitWire Defaults modified by the dealer on following fields(Break 1st Date Tenor, Break Frequency). Status updated to Disputed '|","N","N","1683","42132029_1","M.BANK","S42132029_1","","Recv","42132029","12-Aug-2026 01:26:33 AM","","AUD","12-Aug-2026 01:33:54 AM","14-Aug-2036","970439630","AUD","CCBSWP","CCBSWP","12-Aug-2026","TAUTO42132029_1","","New","","","","","20588456.7","","USD-SOFR-OIS Compound","M","12-Aug-2026","","","","","","","","","","","","","","",
"CONFIRMED","N/A","Executed","","N","N","1683","42132030_2","M.BANK","S42132030_2","","Sell","42132030","12-Aug-2026 01:32:14 AM","0","USD","12-Aug-2026 01:32:55 AM","27-Dec-2027","0","USD","EQO","EQO","12-Aug-2026","TAUTO42132030_2","","F.Term","","","","","","",".SPXAV10P","M","12-Aug-2026","STP","","1.01","Qty 699","","C-MWIRE","1","","","","","","","",
"CONFIRMED","N/A","Executed","","N","N","1683","42132030_1","M.BANK","S42132030_1","","Sell","42132030","12-Aug-2026 01:30:12 AM","9200","USD","12-Aug-2026 01:31:22 AM","27-Dec-2027","0","USD","EQO","EQO","12-Aug-2026","TAUTO42132030_1","","New","","","","0","0","",".SPXAV10P","M","12-Aug-2026","STP","","2","Qty 699","","C-MWIRE","1","0","0","","","0","0","",
"CONFIRMED","N/A","Executed","","N","N","1683","42132028_2","M.BANK","S42132028_1","","Pay","42132028","12-Aug-2026 01:24:11 AM","1000","USD","12-Aug-2026 01:25:02 AM","14-Aug-2036","246406420","USD","BSWP","BSWP","12-Aug-2026","TAUTO42132028_1_Amd","","Amend","A","","","","4928128.4","2","USD-LIBOR","M","12-Aug-2026","STP","","","","","C-MWIRE","","","","","","","","",
"CONFIRMED","N/A","Executed","","N","N","1683","42132028_1","M.BANK","S42132028_1","","Pay","42132028","12-Aug-2026 01:21:50 AM","1000","USD","12-Aug-2026 01:25:02 AM","14-Aug-2036","246406420","USD","BSWP","BSWP","12-Aug-2026","TAUTO42132028_1","","New","","","","","4928128.4","2","USD-LIBOR","M","12-Aug-2026","STP","","","","","C-MWIRE","","","","","","","","",
"DISPUTED","N/A","Doc(s) Req'd","12-Aug-2026 at 12:35:47 AM EDT - System -  ' Disputed Field(s): Leg2 Term Date Adj (Dealer : MODFOLLOWING),Leg1 Term Date Adj (Dealer : MODFOLLOWING),Leg2 Term Date Business Days (Dealer : USNY,EUTA),Leg1 Pay Relative To (Dealer : CalculationPeriodEndDate),Leg1 Term Date Business Days (De(...) '|","N","N","Block","42132025_1","M.BANK","S42132025_1","","Recv","42132025","12-Aug-2026 12:34:42 AM","1000","USD","12-Aug-2026 12:35:47 AM","14-Aug-2027","534705610","USD","CCIRS","CCIRS","12-Aug-2026","TAUTO42132025_1","","New","","4.2","","","10694112.2","","EUR-EuroSTR-OIS Compound","M","12-Aug-2026","","","","","","","","","","","","","","LCHSGB2L",
"CONFIRMED","N/A","Executed","12-Aug-2026 at 12:34:27 AM EDT - MarkitWire -  ' SettlementAgencyAccepted '|12-Aug-2026 at 12:34:22 AM EDT - MarkitWire -  ' SettlementAgencySent '|12-Aug-2026 at 12:28:36 AM EDT - MarkitWire -  ' SettlementAgencyAccepted '|","N","N","Block","42132018_1","M.BANK","S42132018_1","","Recv Fixed","42132018","12-Aug-2026 12:27:39 AM","1000","USD","12-Aug-2026 12:34:27 AM","14-Aug-2027","642400630","AUD","FIXED","FIXED","12-Aug-2026","TAUTO42132018_1","","New","","5.2","8","","1000","0","","M","12-Aug-2026","STP","","","","","C-MWIRE","","","","","","","","LCHSGB2L",
"CONFIRMED","N/A","Executed","","N","N","1683","42132021_3","M.BANK","S42132021_3","","Recv Fixed","42132018","12-Aug-2026 12:28:34 AM","600","USD","12-Aug-2026 12:34:02 AM","14-Aug-2027","385440378","AUD","FIXED","FIXED","12-Aug-2026","TAUTO42132021_3","","Amend","A","6.2","8","","600","0","","M","12-Aug-2026","STP","","","","","C-MWIRE","","","","","","","","LCHSGB2L",
"CONFIRMED","N/A","Executed","","N","N","1683","42132022_1","M.BANK","S42132022_1","","Sell","42132022","12-Aug-2026 12:30:41 AM","1002","USD","12-Aug-2026 12:31:43 AM","27-Dec-2027","0","USD","EQO","EQO","12-Aug-2026","TAUTO42132022_1","","New","","","","0","0","",".SPXAV10P","M","12-Aug-2026","STP","","1","Qty 300","","C-MWIRE","1","0","0","","","0","0","",
"CONFIRMED","N/A","Executed","","N","N","1683","42132019_1","M.BANK","S42132019_1","","Sell","42132019","12-Aug-2026 12:26:26 AM","6002","USD","12-Aug-2026 12:27:36 AM","15-Sep-2026","0","USD","EQO","EQO","12-Aug-2026","TAUTO42132019_1","","New","","","","0","0","",".SPXAV10P","M","12-Aug-2026","STP","","10","Qty 300","","C-MWIRE","1","0","0","","","0","0","",
"DISPUTED","N/A","Doc(s) Req'd","12-Aug-2026 at 12:17:13 AM EDT - System -  ' Disputed Field(s): MarkitWire Defaults modified by the dealer on following fields(Final Exchange Currency 1, Final Exchange Currency 2, Final Exchange Date, Initial Exchange, Initial Exchange Currency 1, Initial Exchange Currency 2, Initial Exc(...) '|","N","N","1683","42132014_3","M.BANK","S42132014_3","","Recv Fixed","42132013","12-Aug-2026 12:16:29 AM","","USD","12-Aug-2026 12:17:13 AM","14-Aug-2027","505821528","USD","FIXED","FIXED","12-Aug-2026","TAUTO42132014_3","","Amend","A","6.2","9","","10116430.56","2","","M","12-Aug-2026","","","","","","","","","","","","","","LCHSGB2L",
"CONFIRMED","N/A","Executed","12-Aug-2026 at 12:16:43 AM EDT - MarkitWire -  ' SettlementAgencyAccepted '|12-Aug-2026 at 12:16:42 AM EDT - MarkitWire -  ' SettlementAgencyAccepted '|12-Aug-2026 at 12:16:06 AM EDT - MarkitWire -  ' SettlementAgencySent '|","N","N","Block","42132013_1","M.BANK","S42132013_1","","Recv Fixed","42132013","12-Aug-2026 12:15:41 AM","","USD","12-Aug-2026 12:16:43 AM","14-Aug-2027","843035880","USD","FIXED","FIXED","12-Aug-2026","TAUTO42132013_1","","New","","3","9","","16860717.6","2","","M","12-Aug-2026","STP","","","","","C-MWIRE","","","","","","","","LCHSGB2L",
"CONFIRMED","N/A","Executed","12-Aug-2026 at 12:12:23 AM EDT - MarkitWire -  ' SettlementAgencyAccepted '|12-Aug-2026 at 12:12:12 AM EDT - MarkitWire -  ' SettlementAgencySent '|12-Aug-2026 at 12:11:07 AM EDT - MarkitWire -  ' SettlementAgencyAccepted '|","N","N","Block","42132010_1","M.BANK","S42132010_1","","Buy","42132010","12-Aug-2026 12:10:02 AM","0","EUR","12-Aug-2026 12:12:23 AM","16-Aug-2027","739020710","EUR","FRA","FRA","12-Aug-2026","TAUTO42132010_1","","New","","1.234568","","","14780414.2","2","EUR-EURIBOR","M","12-Aug-2026","STP","","","","","C-MWIRE","","","","","","","","LCHSGB2L",
"CONFIRMED","N/A","Executed","","N","N","1683","42132011_3","M.BANK","S42132011_3","","Buy","42132010","12-Aug-2026 12:11:08 AM","0","EUR","12-Aug-2026 12:11:55 AM","16-Aug-2027","443412426","EUR","FRA","FRA","12-Aug-2026","TAUTO42132011_3","","Amend","A","6.2","","","8868248.52","2","EUR-EURIBOR","M","12-Aug-2026","STP","","","","","C-MWIRE","","","","","","","","LCHSGB2L",
"CONFIRMED","N/A","Executed","12-Aug-2026 at 12:07:31 AM EDT - MarkitWire -  ' SettlementAgencyAccepted '|12-Aug-2026 at 12:07:21 AM EDT - MarkitWire -  ' SettlementAgencySent '|12-Aug-2026 at 12:06:59 AM EDT - vikram.singh@ihsmarkit.com -  ' Trade manually affirmed '|","N","N","1683","42132008_3","M.BANK","S42132008_3","","Recv Fixed","42132008","12-Aug-2026 12:05:57 AM","0","USD","12-Aug-2026 12:07:31 AM","14-Aug-2027","553631590","USD","IFS","IFS","12-Aug-2026","TAUTO42132008_3","","Amend","A","6","","","11072631.8","2","USA-CPI-U","M","12-Aug-2026","STP","","","","","C-MWIRE","","","","","","","","LCHSGB2L",
"CONFIRMED","N/A","Executed","12-Aug-2026 at 12:05:55 AM EDT - MarkitWire -  ' SettlementAgencyAccepted '|12-Aug-2026 at 12:05:48 AM EDT - MarkitWire -  ' SettlementAgencySent '|","N","N","1683","42132008_1","M.BANK","S42132008_1","","Recv Fixed","42132008","12-Aug-2026 12:04:07 AM","0","USD","12-Aug-2026 12:05:55 AM","14-Aug-2027","553631590","USD","IFS","IFS","12-Aug-2026","TAUTO42132008_1","","New","","6","","","11072631.8","2","USA-CPI-U","M","12-Aug-2026","STP","","","","","C-MWIRE","","","","","","","","LCHSGB2L",
"CONFIRMED","N/A","Executed","12-Aug-2026 at 12:03:38 AM EDT - MarkitWire -  ' SettlementAgencyAccepted '|12-Aug-2026 at 12:03:28 AM EDT - MarkitWire -  ' SettlementAgencySent '|12-Aug-2026 at 12:03:06 AM EDT - vikram.singh@ihsmarkit.com -  ' Trade manually affirmed '|","N","N","1683","42132007_3","M.BANK","S42132007_1","","Pay Fixed","42132007","12-Aug-2026 12:02:08 AM","0","EUR","12-Aug-2026 12:03:38 AM","14-Feb-2027","968991890","EUR","OIS","OIS","12-Aug-2026","TAUTO42132007_1_Amd","","Amend","A","5","","","19379837.8","2","EUR-EuroSTR-OIS Compound","M","12-Aug-2026","STP","","","","","C-MWIRE","","","","","","","","LCHSGB2L",
"CONFIRMED","N/A","Executed","12-Aug-2026 at 12:02:06 AM EDT - MarkitWire -  ' SettlementAgencyAccepted '|12-Aug-2026 at 12:01:56 AM EDT - MarkitWire -  ' SettlementAgencySent '|","N","N","1683","42132007_1","M.BANK","S42132007_1","","Pay Fixed","42132007","12-Aug-2026 12:00:14 AM","0","EUR","12-Aug-2026 12:03:10 AM","14-Feb-2027","968991890","EUR","OIS","OIS","12-Aug-2026","TAUTO42132007_1","","New","","5","","","19379837.8","2","EUR-EuroSTR-OIS Compound","M","12-Aug-2026","STP","","","","","C-MWIRE","","","","","","","","LCHSGB2L",
"CONFIRMED","N/A","Executed","","N","N","1683","42132005_2","M.BANK","S42132005_2","","Sell","42132005","11-Aug-2026 11:58:36 PM","102091.77","EUR","11-Aug-2026 11:59:24 PM","14-Aug-2036","425382380","EUR","CPFL","CPFL","12-Aug-2026","TAUTO42132005_2","","Amend","A","","","","8507647.6","2","EUR-EuroSTR-OIS Compound","M","12-Aug-2026","STP","","3.5","","","C-MWIRE","","","","","","","","",
"CONFIRMED","N/A","Executed","","N","N","1683","42132005_1","M.BANK","S42132005_1","","Sell","42132005","11-Aug-2026 11:56:20 PM","102091.77","EUR","11-Aug-2026 11:57:45 PM","14-Aug-2036","425382380","EUR","CPFL","CPFL","12-Aug-2026","TAUTO42132005_1","","New","","","","0","8507647.6","2","EUR-EuroSTR-OIS Compound","M","12-Aug-2026","STP","","3.5","","","C-MWIRE","","0","0","","","0","0","",
"CONFIRMED","N/A","Executed","","N","N","1683","42131994_1","M.BANK","S42131994_1","","Pay Fixed","42131994","11-Aug-2026 11:16:33 PM","1000","CAD","11-Aug-2026 11:17:21 PM","12-Aug-2027","920715020","CAD","IRS","IRSW","12-Aug-2026","TAUTO42131994_1","","New","","8.2","","0","18414300.4","","CAD-CDOR","M","12-Aug-2026","STP","","","","","C-MWIRE","","0","0","","","0","0","",
"CONFIRMED","N/A","Executed","","N","N","1683","42131988_2","M.BANK","S42131988_2","","Sell","42131988","11-Aug-2026 11:09:21 PM","7750.13","USD","11-Aug-2026 11:15:02 PM","11-Aug-2028","0","USD","EQO","EQO","12-Aug-2026","TAUTO42131988_2","","New","","","","","6290","","GOOG.OQ","M","12-Aug-2026","STP","","40","Qty 31","","C-MWIRE","","","","","","","","",
"CONFIRMED","N/A","Executed","","N","N","1683","42131992_1","M.BANK","S42131992_1","","Pay Fixed","42131992","11-Aug-2026 11:08:49 PM","1000","CAD","11-Aug-2026 11:09:48 PM","12-Aug-2027","243477910","CAD","IRS","IRSW","12-Aug-2026","TAUTO42131992_1","","New","","8.2","","0","4869558.2","","CAD-CDOR","M","12-Aug-2026","STP","","","","","C-MWIRE","","0","0","","","0","0","",
"CONFIRMED","N/A","Executed","11-Aug-2026 at 11:05:56 PM EDT - MarkitWire -  ' 1683 :Novation via MTM - MWMF\Markit Wire Mega Fund EU Trader2 initiated novation request to TEST1 (Incoming) and MWBA (Remaining). Waiting for response... '|","N","N","1683","A42131987_08122026238","M.BANK/ABANK","S42131987_1","","Pay Fixed","TAUTO42131987_1_nv","11-Aug-2026 11:08:06 PM","1000","AUD","11-Aug-2026 11:08:16 PM","13-Aug-2031","734645600","AUD","IFS","IFS","12-Aug-2026","TAUTO42131987_1_nv","","Asgm","","6","","0","14692912","2","AUD-CPI","M","12-Aug-2026","STP","","","","","C-MWIRE","","0","0","","","0","0","",
"CONFIRMED","N/A","Executed","","N","N","1683","42131988_1","M.BANK","S42131988_1","","Sell","42131988","11-Aug-2026 11:05:33 PM","5442500","USD","11-Aug-2026 11:06:46 PM","11-Aug-2028","0","USD","EQO","EQO","12-Aug-2026","TAUTO42131988_1","","New","","","","","6290","","GOOG.OQ","M","12-Aug-2026","STP","","40","Qty 77750","","C-MWIRE","","","","","","","","",
"CONFIRMED","N/A","Executed","11-Aug-2026 at 11:01:33 PM EDT - vikram.singh@ihsmarkit.com -  ' Trade manually affirmed '|11-Aug-2026 at 11:01:22 PM EDT - System -  ' Disputed Field(s): Fixed leg roll convention (Dealer : NONE). Status updated to Disputed '|11-Aug-2026 at 11:01:22 PM EDT - MarkitWire -  ' 1683 :Deal is currently under review '|","N","N","1683","42131987_1","M.BANK","S42131987_1","","Recv Fixed","42131987","11-Aug-2026 11:00:36 PM","1000","AUD","11-Aug-2026 11:01:40 PM","13-Aug-2031","734645600","AUD","IFS","IFS","12-Aug-2026","TAUTO42131987_1","","New","","6","","","14692912","","AUD-CPI","M","12-Aug-2026","STP","","","","","C-MWIRE","","","","","","","","",
"CONFIRMED","N/A","Executed","","N","N","1683","42131986_1","M.BANK","S42131986_1","","Sell","42131986","11-Aug-2026 10:57:03 PM","1960.75","USD","11-Aug-2026 10:58:04 PM","27-Dec-2027","0","USD","EQO","EQO","12-Aug-2026","TAUTO42131986_1","","New","","","","0","0","",".SPXAV10P","M","12-Aug-2026","STP","","1","Qty 980375090","","C-MWIRE","1","0","0","","","0","0","",
"CONFIRMED","N/A","Executed","11-Aug-2026 at 10:53:42 PM EDT - vikram.singh@ihsmarkit.com -  ' Trade manually affirmed '|11-Aug-2026 at 10:53:36 PM EDT - MarkitWire -  ' 1683 :Deal is currently under review '|11-Aug-2026 at 10:53:35 PM EDT - System -  ' Disputed Field(s): Fixed leg roll convention (Dealer : 14),Fixed Leg Non-Deliverable (Dealer : true),Leg2 Term Date Adj (Dealer : MODFOLLOWING),Leg1 Term Date Adj (Dealer : MODFOLLOWING),Leg2 Term Date Business Days (Dealer : USNY,KRSE),Leg1 Pa(...) '|","N","N","1683","42131985_1","M.BANK","S42131985_1","","Recv","42131985","11-Aug-2026 10:52:53 PM","1000","USD","11-Aug-2026 10:53:47 PM","14-Aug-2027","740926530","KRW","CCIRS","CCIRS","12-Aug-2026","TAUTO42131985_1","","New","","4","","0","0","","USD-SOFR-OIS Compound","M","12-Aug-2026","STP","","","","","C-MWIRE","","0","0","","","0","0","",
"CONFIRMED","N/A","Executed","11-Aug-2026 at 10:49:39 PM EDT - MarkitWire -  ' 1683 :Novation via MTM - MWMF\Markit Wire Mega Fund EU Trader2 initiated novation request to TEST1 (Incoming) and MWBA (Remaining). Waiting for response... '|","N","N","1683","A42131980_081220262252","M.BANK/ABANK","S42131980_1","","Pay Fixed","TAUTO42131980_1_nv","11-Aug-2026 10:52:12 PM","0","KRW","11-Aug-2026 10:52:29 PM","13-Aug-2041","320057496","KRW","OIS","OIS","12-Aug-2026","TAUTO42131980_1_nv","","Asgm","","5","","0","0","","KRW-KOFR-OIS Compound","M","12-Aug-2026","STP","","","","","C-MWIRE","","0","0","","","0","0","",
"CONFIRMED","N/A","Executed","11-Aug-2026 at 10:24:44 PM EDT - System -  ' Disputed Field(s): Strike Price/Initial Strike (w/ tolerance btwn 0.1 and 10.0) (Dealer : 90). Status updated to Disputed '|","N","N","1683","42131981_2","M.BANK","S42131975_2","","Sell","42131981","11-Aug-2026 10:49:49 PM","25000","USD","11-Aug-2026 10:50:43 PM","15-Sep-2026","0","USD","EQO","EQO","12-Aug-2026","TAUTO42131975_2","","New","","","","","","",".SPXAV10P","M","12-Aug-2026","STP","","14","Qty 100","","C-MWIRE","1","","","","","","","",
"CONFIRMED","N/A","Executed","","N","N","1683","42131981_1","M.BANK","S42131981_1","","Sell","42131981","11-Aug-2026 10:48:17 PM","5230289000","USD","11-Aug-2026 10:49:17 PM","15-Sep-2026","0","USD","EQO","EQO","12-Aug-2026","TAUTO42131981_1","","New","","","","0","0","",".SPXAV10P","M","12-Aug-2026","STP","","20","Qty 523028900","","C-MWIRE","1","0","0","","","0","0","",
"CONFIRMED","N/A","Executed","11-Aug-2026 at 10:44:24 PM EDT - vikram.singh@ihsmarkit.com -  ' Trade manually affirmed '|11-Aug-2026 at 10:44:12 PM EDT - System -  ' Disputed Field(s): Fixed leg roll convention (Dealer : 13). Status updated to Disputed '|11-Aug-2026 at 10:44:12 PM EDT - MarkitWire -  ' 1683 :Deal is currently under review '|","N","N","1683","42131980_1","M.BANK","S42131980_1","","Pay Fixed","42131980","11-Aug-2026 10:43:31 PM","0","KRW","11-Aug-2026 10:44:27 PM","13-Aug-2041","533429160","KRW","OIS","OIS","12-Aug-2026","TAUTO42131980_1","","New","","5","","","","","KRW-KOFR-OIS Compound","M","12-Aug-2026","STP","","","","","C-MWIRE","","","","","","","","",
"CPTY ALLEGED","N/A","Doc(s) Req'd","","N","N","MWMF_FUND1","42131979_2","M.BANK","","Americas Master EQ IN OP","Buy","42131979","11-Aug-2026 10:41:17 PM","25000","USD","11-Aug-2026 10:41:33 PM","15-Sep-2026","0","USD","EQO","EQO","12-Aug-2026","A42131979_1_2_08122026_N","","New","","","","0","0","",".SPXAV10P","","12-Aug-2026","STP","two-way","60","Qty 100","","","1","0","0","","","0","0","",
"CONFIRMED","N/A","Executed","","N","N","1683","42131979_1","M.BANK","S42131979_1","","Sell","42131979","11-Aug-2026 10:39:44 PM","15226475200","USD","11-Aug-2026 10:40:42 PM","15-Sep-2026","0","USD","EQO","EQO","12-Aug-2026","TAUTO42131979_1","","New","","","","0","0","",".SPXAV10P","M","12-Aug-2026","STP","","60","Qty 190330940","","C-MWIRE","1","0","0","","","0","0","",
"DISPUTED","N/A","Doc(s) Req'd","11-Aug-2026 at 10:40:17 PM EDT - System -  ' Disputed Field(s): Strike Price/Initial Strike (w/ tolerance btwn 0.1 and 10.0) (Dealer : 30). Status updated to Disputed '|","N","N","1683","42131977_2","M.BANK","S42131977_2","","Sell","42131977","11-Aug-2026 10:32:38 PM","250","USD","11-Aug-2026 10:40:18 PM","23-Dec-2027","100.9","USD","EQO","EQO","12-Aug-2026","TAUTO42131977_2","","New","","","","","2350","",".SPX","M","12-Aug-2026","","","12.01","","","1","","","","","","","",
"CONFIRMED","N/A","Executed","","N","N","1683","42131978_1","M.BANK","S42131978_1","","Pay Fixed","42131978","11-Aug-2026 10:35:55 PM","1000","CAD","11-Aug-2026 10:36:42 PM","12-Aug-2027","455322020","CAD","IRS","IRSW","12-Aug-2026","TAUTO42131978_1","","New","","8.2","","0","9106440.4","","CAD-CDOR","M","12-Aug-2026","STP","","","","","C-MWIRE","","0","0","","","0","0","",
"CONFIRMED","N/A","Executed","","N","N","1683","42131977_1","M.BANK","S42131977_1","","Sell","42131977","11-Aug-2026 10:31:03 PM","6030","USD","11-Aug-2026 10:32:03 PM","23-Dec-2027","588875120.5","USD","EQO","EQO","12-Aug-2026","TAUTO42131977_1","","New","","","","0","2350","",".SPX","M","12-Aug-2026","STP","","30","Qty 0","","C-MWIRE","1","0","0","","","0","0","",
"CONFIRMED","N/A","Executed","","N","N","1683","42131976_1","M.BANK","S42131976_1","","Recv Fixed","42131976","11-Aug-2026 10:28:21 PM","0","BRL","11-Aug-2026 10:29:08 PM","01-Mar-2028","823340420","BRL","IRS","IRSW","12-Aug-2026","TAUTO42131976_1","","New","","5.2","","0","0","","BRL-CDI","M","12-Aug-2026","STP","","","","","C-MWIRE","","0","0","","","0","0","",
"CPTY ALLEGED","N/A","Doc(s) Req'd","","N","N","MWMF_FUND1","42131975_2","M.BANK","","Americas Master EQ IN OP","Buy","42131975","11-Aug-2026 10:24:00 PM","25000","USD","11-Aug-2026 10:24:17 PM","15-Sep-2026","0","USD","EQO","EQO","12-Aug-2026","A42131975_1_2_08122026_N","","New","","","","0","0","",".SPXAV10P","","12-Aug-2026","STP","two-way","80","Qty 100","","","1","0","0","","","0","0","",
"CONFIRMED","N/A","Executed","","N","N","1683","42131975_1","M.BANK","S42131975_1","","Sell","42131975","11-Aug-2026 10:22:28 PM","24303974000","USD","11-Aug-2026 10:23:28 PM","15-Sep-2026","0","USD","EQO","EQO","12-Aug-2026","TAUTO42131975_1","","New","","","","0","0","",".SPXAV10P","M","12-Aug-2026","STP","","80","Qty 607599350","","C-MWIRE","1","0","0","","","0","0","",
"CONFIRMED","N/A","Executed","","N","N","1683","42131972_2","M.BANK","S42131972_1","","Rec Equity,Pay Interest","42131972","11-Aug-2026 10:19:19 PM","0","USD","11-Aug-2026 10:22:22 PM","16-Aug-2028","15980000","USD","EQS","EQS","12-Aug-2026","TAUTO42131974_1","","New","","","","0","370","","QAN.AX","M","12-Aug-2026","STP","","","Qty 670","","C-MWIRE","","0","0","","","0","0","",
"CONFIRMED","N/A","Executed","","N","N","1683","42131973_1","M.BANK","S42131973_1","","Sell","42131973","11-Aug-2026 10:20:47 PM","319222.5","EUR","11-Aug-2026 10:21:32 PM","14-Aug-2036","602306600","EUR","CPFL","CPFL","12-Aug-2026","TAUTO42131973_1","","New","","","","0","0","","EUR-EuroSTR-OIS Compound","M","12-Aug-2026","STP","","3.5","","","C-MWIRE","","0","0","","","0","0","",
"CONFIRMED","N/A","Executed","","N","N","1683","42131972_1","M.BANK","S42131972_1","","Rec Equity,Pay Interest","42131972","11-Aug-2026 10:19:19 PM","0","USD","11-Aug-2026 10:20:32 PM","16-Aug-2028","15980000","USD","EQS","EQS","12-Aug-2026","TAUTO42131972_1","","New","","","","0","370","","QAN.AX","M","12-Aug-2026","STP","","","Qty 9400","","C-MWIRE","","0","0","","","0","0","",
"CONFIRMED","N/A","Executed","","N","N","1683","42131817_2","M.BANK","S42131971_2","","Sell","42131817","11-Aug-2026 02:47:46 PM","25000","USD","11-Aug-2026 10:18:48 PM","15-Sep-2026","0","USD","EQO","EQO","12-Aug-2026","TAUTO42131971_2","","New","","","","","","",".SPXAV10P","M","12-Aug-2026","STP","","60","Qty 100","","C-MWIRE","1","","","","","","","",
"CPTY ALLEGED","N/A","Doc(s) Req'd","","N","N","MWMF_FUND1","42131971_2","M.BANK","","Americas Master EQ IN OP","Buy","42131971","11-Aug-2026 10:18:01 PM","25000","USD","11-Aug-2026 10:18:18 PM","15-Sep-2026","0","USD","EQO","EQO","12-Aug-2026","A42131971_1_2_08122026_N","","New","","","","0","0","",".SPXAV10P","","12-Aug-2026","STP","two-way","60","Qty 100","","","1","0","0","","","0","0","",
"CONFIRMED","N/A","Executed","","N","N","1683","42131971_1","M.BANK","S42131971_1","","Sell","42131971","11-Aug-2026 10:16:21 PM","26985296000","USD","11-Aug-2026 10:17:21 PM","15-Sep-2026","0","USD","EQO","EQO","12-Aug-2026","TAUTO42131971_1","","New","","","","0","0","",".SPXAV10P","M","12-Aug-2026","STP","","60","Qty 337316200","","C-MWIRE","1","0","0","","","0","0","",
"CONFIRMED","N/A","Executed","","N","N","1683","42131969_1","M.BANK","S42131969_1","","Recv Fixed","42131969","11-Aug-2026 10:08:22 PM","","EUR","11-Aug-2026 10:13:56 PM","14-Aug-2027","571570870","EUR","FIXED","FIXED","12-Aug-2026","TAUTO42131969_1","","New","","5.2","8","","1000","","","M","12-Aug-2026","STP","","","","","C-MWIRE","","","","","","","","",
"CONFIRMED","N/A","Executed","","N","N","1683","42131967_1","M.BANK","S42131967_1","","Buy","42131967","11-Aug-2026 10:00:44 PM","15949560000","USD","11-Aug-2026 10:01:39 PM","15-Sep-2026","0","USD","EQO","EQO","12-Aug-2026","TAUTO42131967_1","","New","","","","0","0","",".SPXAV10P","M","12-Aug-2026","STP","","10","Qty 797478000","","C-MWIRE","1","0","0","","","0","0","",
"CONFIRMED","N/A","Executed","","N","N","1683","42131965_2","M.BANK","S42131965_2","","Sell","42131965","11-Aug-2026 09:58:43 PM","195800","USD","11-Aug-2026 09:59:23 PM","11-Aug-2028","0","USD","EQO","EQO","12-Aug-2026","TAUTO42131965_2","","Exer","","","","0","7360","","","M","12-Aug-2026","STP","","60","Qty 9790","","C-MWIRE","","0","0","","","0","0","",
"CONFIRMED","N/A","Executed","","N","N","1683","42131965_1","M.BANK","S42131965_1","","Sell","42131965","11-Aug-2026 09:57:00 PM","195800","USD","11-Aug-2026 09:58:19 PM","11-Aug-2028","0","USD","EQO","EQO","12-Aug-2026","TAUTO42131965_1","","New","","","","","7360","","GOOG.OQ","M","12-Aug-2026","STP","","60","Qty 9790","","C-MWIRE","","","","","","","","",
"CONFIRMED","N/A","Executed","","N","N","1683","42131964_1","M.BANK","S42131964_1","","Sell","42131964","11-Aug-2026 09:53:15 PM","237001.4","EUR","11-Aug-2026 09:54:01 PM","14-Aug-2036","447172450","EUR","CPFL","CPFL","12-Aug-2026","TAUTO42131964_1","","New","","","","0","0","","EUR-EuroSTR-OIS Compound","M","12-Aug-2026","STP","","3.5","","","C-MWIRE","","0","0","","","0","0","",
"CPTY ALLEGED","N/A","Doc(s) Req'd","","N","N","MWMF_FUND1","42131963_2","M.BANK","","Americas Master EQ IN OP","Buy","42131963","11-Aug-2026 09:49:58 PM","70120509300","USD","11-Aug-2026 09:50:06 PM","15-Sep-2027","0","USD","EQO","EQO","12-Aug-2026","A42131963_1_2_08122026_E","","F.Exer","","","","0","0","",".SPXAV10P","","12-Aug-2026","STP","two-way","10","Qty 779116770","","","1","0","0","","","0","0","",
"CONFIRMED","N/A","Executed","","N","N","1683","42131963_1","M.BANK","S42131963_1","","Sell","42131963","11-Aug-2026 09:48:24 PM","70120509300","USD","11-Aug-2026 09:49:36 PM","15-Sep-2027","0","USD","EQO","EQO","12-Aug-2026","TAUTO42131963_1","","New","","","","0","0","",".SPXAV10P","M","12-Aug-2026","STP","","10","Qty 779116770","","C-MWIRE","1","0","0","","","0","0","",
"CONFIRMED","N/A","Executed","","N","N","1683","42131961_1","M.BANK","S42131961_1","","Recv Fixed","42131961","11-Aug-2026 09:40:49 PM","","EUR","11-Aug-2026 09:46:25 PM","14-Aug-2027","987948660","EUR","FIXED","FIXED","12-Aug-2026","TAUTO42131961_1","","New","","5.2","8","","1000","","","M","12-Aug-2026","STP","","","","","C-MWIRE","","","","","","","","",
"CONFIRMED","N/A","Executed","","N","N","1683","42131959_1","M.BANK","S42131959_1","","Rec Equity,Pay Interest","42131959","11-Aug-2026 09:36:53 PM","0","USD","11-Aug-2026 09:38:16 PM","16-Aug-2028","669444054500","USD","EQS","EQS","12-Aug-2026","TAUTO42131959_1","","New","","","","0","650","","QAN.AX","M","12-Aug-2026","STP","","","Qty 104437450","","C-MWIRE","","0","0","","","0","0","",
"CONFIRMED","N/A","Executed","","N","N","1683","42131958_1","M.BANK","S42131958_1","","Pay Fixed","42131958","11-Aug-2026 09:33:15 PM","1000","CAD","11-Aug-2026 09:34:03 PM","14-Aug-2027","889017250","CAD","IRS","IRSW","12-Aug-2026","TAUTO42131958_1","","New","","8.2","","0","0","","CAD-CORRA CanDeal TMX Term","M","12-Aug-2026","STP","","","","","C-MWIRE","","0","0","","","0","0","",
"DISPUTED","N/A","Doc(s) Req'd","11-Aug-2026 at 09:33:04 PM EDT - System -  ' Disputed Field(s): Trade Date (Dealer : 11-Aug-2026). Status updated to Disputed '|","N","N","1683","42131957_2","M.BANK","S42131957_2","","Buy","42131957","11-Aug-2026 09:29:51 PM","","USD","11-Aug-2026 09:33:04 PM","","87410","USD","VOL","VOL","12-Aug-2026","TAUTO42131957_2","","Cancel","","","","","2340","","GOOGLUSD.S","M","12-Aug-2026","","","90","","","","","","","","","","",
"CONFIRMED","N/A","Executed","","N","N","1683","42131957_1","M.BANK","S42131957_1","","Buy","42131957","11-Aug-2026 09:28:12 PM","","USD","11-Aug-2026 09:29:25 PM","","87410","USD","VOL","VOL","12-Aug-2026","TAUTO42131957_1","","New","","","","","2340","","GOOGLUSD.S","M","12-Aug-2026","STP","","90","","C-MWIRE","","","","","","","","",
"CONFIRMED","N/A","Executed","","N","N","1683","42112836_2","M.BANK","S42131955_2","","Buy","42112836","15-Jul-2026 01:27:44 PM","719168670","USD","11-Aug-2026 09:28:42 PM","12-Aug-2027","0","USD","EQACC","EQACC","12-Aug-2026","TAUTO42131955_2","","Cancel","","","","","","","GOOG.O","M","12-Aug-2026","STP","","","","","C-MWIRE","","","","","","","","",
"CONFIRMED","N/A","Executed","","N","N","1683","42131956_1","M.BANK","S42131956_1","","Recv Fixed","42131956","11-Aug-2026 09:25:45 PM","73904.83","SAR","11-Aug-2026 09:26:29 PM","14-Aug-2035","246349440","SAR","SWO","SWO","12-Aug-2026","TAUTO42131956_1","","New","","4","","","","","SAR-SAIBOR","M","12-Aug-2026","STP","","","","","C-MWIRE","","","","","","","","",
"CPTY ALLEGED","N/A","Doc(s) Req'd","","N","N","MWMF_FUND1","42131955_2","M.BANK","","EQ ACCU","Sell","42131955","11-Aug-2026 09:21:15 PM","719168670","USD","11-Aug-2026 09:21:19 PM","12-Aug-2027","0","USD","EQACC","EQACC","11-Aug-2026","A42131955_1_2_08112026_C","","Cancel","","","","0","0","","GOOG.O","","11-Aug-2026","STP","two-way","","","","","","0","0","","","0","0","",
"CONFIRMED","N/A","Executed","","N","N","1683","42131955_1","M.BANK","S42131955_1","","Buy","42131955","11-Aug-2026 09:19:46 PM","719168670","USD","11-Aug-2026 09:20:45 PM","12-Aug-2027","0","USD","EQACC","EQACC","12-Aug-2026","TAUTO42131955_1","","New","","","","","","","GOOG.O","M","12-Aug-2026","STP","","","","","C-MWIRE","","","","","","","","",
"CONFIRMED","N/A","Executed","","N","N","1683","42121899_2","M.BANK","S42131953_2","","Buy","42121899","30-Jul-2026 07:22:43 AM","","USD","11-Aug-2026 09:19:10 PM","25-Sep-2030","44101582.5","USD","EQVS","EQVS","12-Aug-2026","TAUTO42131953_2","","Cancel","","","","","1780","","AIR.N","M","12-Aug-2026","STP","","4","","C-MWIRE","","","","","","","","",
"CONFIRMED","N/A","Executed","","N","N","1683","42131954_1","M.BANK","S42131954_1","","Pay Fixed","42131954","11-Aug-2026 09:18:06 PM","169849.93","USD","11-Aug-2026 09:18:51 PM","14-Aug-2035","566166440","USD","SWO","SWO","12-Aug-2026","TAUTO42131954_1","","New","","4","","","11323328.8","2","USD-LIBOR","M","12-Aug-2026","STP","","","","","C-MWIRE","","","","","","","","",
"CPTY ALLEGED","N/A","Doc(s) Req'd","","N","N","MWMF_FUND1","42131953_2","M.BANK","","Americas Master VAR SH","Buy","42131953","11-Aug-2026 09:17:10 PM","0","USD","11-Aug-2026 09:17:14 PM","25-Sep-2030","44101582.5","USD","EQVS","EQVS","11-Aug-2026","S42131953_1_08112026_C","","Cancel","","","","0","1780","","AIR.N","","11-Aug-2026","STP","two-way","4","","","","0","0","","","0","0","",
"CONFIRMED","N/A","Executed","","N","N","1683","42131953_1","M.BANK","S42131953_1","","Sell","42131953","11-Aug-2026 09:15:39 PM","0","USD","11-Aug-2026 09:16:33 PM","25-Sep-2030","44101582.5","USD","EQVS","EQVS","12-Aug-2026","TAUTO42131953_1","","New","","","","0","1780","","AIR.N","M","12-Aug-2026","STP","","4","","C-MWIRE","","0","0","","","0","0","",
"CONFIRMED","N/A","Executed","","N","N","1683","42112813_2","M.BANK","S42131951_2","","Pay Fixed,Rec Dividend","42112813","15-Jul-2026 01:18:21 PM","","USD","11-Aug-2026 09:15:02 PM","17-Dec-2027","0","USD","DIV","DIV","12-Aug-2026","TAUTO42131951_2","","Cancel","","","","","1080","","GOOG.OQ","M","12-Aug-2026","STP","","100.1235","Qty 6210","","C-MWIRE","","","","","","","","",
"CONFIRMED","N/A","Executed","","N","N","1683","42131952_1","M.BANK","S42131952_1","","Recv Fixed","42131952","11-Aug-2026 09:10:35 PM","1000","AUD","11-Aug-2026 09:11:19 PM","13-Aug-2031","590813680","AUD","IFS","IFS","12-Aug-2026","TAUTO42131952_1","","New","","6","","","11816273.6","","AUD-CPI","M","12-Aug-2026","STP","","","","","C-MWIRE","","","","","","","","",
"CPTY ALLEGED","N/A","Doc(s) Req'd","","N","N","MWMF_FUND1","42131951_2","M.BANK","","Americas Master DIV SH SW","Recv Fixed,Pay Dividend","42131951","11-Aug-2026 09:10:15 PM","0","USD","11-Aug-2026 09:10:19 PM","17-Dec-2027","0","USD","DIV","DIV","11-Aug-2026","S42131951_1_08112026_C","","Cancel","","","","0","1080","","GOOG.OQ","","11-Aug-2026","STP","two-way","100.12346","Qty 6210","","","","0","0","","","0","0","",
"CONFIRMED","N/A","Executed","","N","N","1683","42131951_1","M.BANK","S42131951_1","","Pay Fixed,Rec Dividend","42131951","11-Aug-2026 09:08:38 PM","0","USD","11-Aug-2026 09:09:36 PM","17-Dec-2027","0","USD","DIV","DIV","12-Aug-2026","TAUTO42131951_1","","New","","","","0","1080","","GOOG.OQ","M","12-Aug-2026","STP","","100.12346","Qty 6210","","C-MWIRE","","0","0","","","0","0","",
"CONFIRMED","N/A","Executed","","N","N","1683","42114504_2","M.BANK","S42131950_2","","Sell","42114504","16-Jul-2026 01:24:08 PM","7760","USD","11-Aug-2026 09:08:14 PM","23-Dec-2027","3695780.1","USD","EQO","EQO","12-Aug-2026","TAUTO42131950_2","","Cancel","","","","","","",".SPX","M","12-Aug-2026","STP","","10","","C-MWIRE","1","","","","","","","",
"CPTY ALLEGED","N/A","Doc(s) Req'd","","N","N","MWMF_FUND1","42131950_2","M.BANK","","Cliquet Master EQ IN OP","Buy","42131950","11-Aug-2026 09:05:28 PM","7760","USD","11-Aug-2026 09:05:32 PM","23-Dec-2027","369578010","USD","EQO","EQO","11-Aug-2026","A42131950_1_2_08112026_C","","Cancel","","","","0","0","",".SPX","","11-Aug-2026","STP","two-way","10","Qty 0","","","1","0","0","","","0","0","",
"CONFIRMED","N/A","Executed","","N","N","1683","42131950_1","M.BANK","S42131950_1","","Sell","42131950","11-Aug-2026 09:03:45 PM","7760","USD","11-Aug-2026 09:04:49 PM","23-Dec-2027","369578010.5","USD","EQO","EQO","12-Aug-2026","TAUTO42131950_1","","New","","","","0","0","",".SPX","M","12-Aug-2026","STP","","10","Qty 0","","C-MWIRE","1","0","0","","","0","0","",
"CONFIRMED","N/A","Executed","","N","N","1683","42131949_1","M.BANK","S42131949_1","","Recv Fixed","42131949","11-Aug-2026 09:02:56 PM","1000","USD","11-Aug-2026 09:03:44 PM","14-Aug-2027","981105640","USD","IFS","IFS","12-Aug-2026","TAUTO42131949_1","","New","","6","","","19622112.8","2","USA-CPI-U","M","12-Aug-2026","STP","","","","","C-MWIRE","","","","","","","","",
"CPTY ALLEGED","N/A","Doc(s) Req'd","","N","N","MWMF_FUND1","42131948_1","M.BANK","","Americas Master EQ IN OP","Buy","42131948","11-Aug-2026 09:01:54 PM","65778188700","USD","11-Aug-2026 09:02:14 PM","15-Sep-2026","0","USD","EQO","EQO","12-Aug-2026","","","New","","","","0","0","",".SPXAV10P","","12-Aug-2026","STP","two-way","20","Qty 939688410","","","1","0","0","","","0","0","",
"CONFIRMED","N/A","Executed","","N","N","1683","42131947_1","M.BANK","S42131947_1","","Recv Fixed","42131947","11-Aug-2026 08:55:21 PM","1000","AUD","11-Aug-2026 08:56:05 PM","12-Aug-2027","674710100","AUD","FIXED","FIXED","12-Aug-2026","TAUTO42131947_1","","New","","5","8","","13494202","2","","M","12-Aug-2026","STP","","","","","C-MWIRE","","","","","","","","",
"CONFIRMED","N/A","Executed","","N","N","1683","42131944_2","M.BANK","S42131944_2","","Sell","42131944","11-Aug-2026 08:49:13 PM","24080.04","USD","11-Aug-2026 08:54:00 PM","15-Sep-2026","0","USD","EQO","EQO","12-Aug-2026","TAUTO42131944_2","","Amend","A","","","","","",".SPXAV10P","M","12-Aug-2026","STP","","40","Qty 602","","C-MWIRE","1","","","","","","","",
"DISPUTED","N/A","Doc(s) Req'd","11-Aug-2026 at 08:49:14 PM EDT - System -  ' Disputed Field(s): Leg2 Term Date Adj (Dealer : MODFOLLOWING),Leg1 Term Date Adj (Dealer : MODFOLLOWING),Leg2 Term Date Business Days (Dealer : HUBU,TRIS),Leg1 Pay Relative To (Dealer : CalculationPeriodEndDate),Leg1 Term Date Business Days (De(...) '|","N","N","1683","42131945_1","M.BANK","S42131945_1","","Recv","42131945","11-Aug-2026 08:48:32 PM","1000","HUF","11-Aug-2026 08:49:15 PM","14-Aug-2027","808069450","HUF","CCIRS","CCIRS","12-Aug-2026","TAUTO42131945_1","","New","","4","","","","","TRY-TRLIBOR","M","12-Aug-2026","","","","","","","","","","","","","","",
"CONFIRMED","N/A","Executed","","N","N","1683","42131944_1","M.BANK","S42131944_1","","Sell","42131944","11-Aug-2026 08:47:43 PM","4388034400","USD","11-Aug-2026 08:48:47 PM","15-Sep-2026","0","USD","EQO","EQO","12-Aug-2026","TAUTO42131944_1","","New","","","","0","0","",".SPXAV10P","M","12-Aug-2026","STP","","40","Qty 109700860","","C-MWIRE","1","0","0","","","0","0","",
"CONFIRMED","N/A","Executed","","N","N","1683","42131942_2","M.BANK","S42131942_2","","Sell","42131942","11-Aug-2026 08:41:18 PM","0.01","USD","11-Aug-2026 08:47:16 PM","27-Dec-2027","0","USD","EQO","EQO","12-Aug-2026","TAUTO42131942_2","","Amend","A","","","","","",".SPXAV10P","M","12-Aug-2026","STP","","7","Qty 602","","C-MWIRE","1","","","","","","","",
"CONFIRMED","N/A","Executed","","N","N","1683","42131943_1","M.BANK","S42131943_1","","Sell","42131943","11-Aug-2026 08:41:00 PM","0","USD","11-Aug-2026 08:41:44 PM","16-Aug-2027","355578190","USD","FRA","FRA","12-Aug-2026","TAUTO42131943_1","","New","","5.2","","","","","USD-LIBOR","M","12-Aug-2026","STP","","","","","C-MWIRE","","","","","","","","",
"CONFIRMED","N/A","Executed","","N","N","1683","42131942_1","M.BANK","S42131942_1","","Sell","42131942","11-Aug-2026 08:39:52 PM","9577.5","USD","11-Aug-2026 08:40:49 PM","27-Dec-2027","0","USD","EQO","EQO","12-Aug-2026","TAUTO42131942_1","","New","","","","0","0","",".SPXAV10P","M","12-Aug-2026","STP","","7","Qty 598593670","","C-MWIRE","1","0","0","","","0","0","",
"DISPUTED","N/A","Doc(s) Req'd","11-Aug-2026 at 08:39:47 PM EDT - System -  ' Disputed Field(s): MarkitWire Defaults modified by the dealer on following fields(Break 1st Date Tenor, Break Frequency). Status updated to Disputed '|","N","N","1683","42131940_1","M.BANK","S42131940_1","","Recv","42131940","11-Aug-2026 08:34:09 PM","","AUD","11-Aug-2026 08:39:48 PM","14-Aug-2036","430217790","AUD","CCBSWP","CCBSWP","12-Aug-2026","TAUTO42131940_1","","New","","","","","8711093.4","","USD-SOFR-OIS Compound","M","12-Aug-2026","","","","","","","","","","","","","","",
"CONFIRMED","N/A","Executed","","N","N","1683","42131941_2","M.BANK","S42131941_2","","Sell","42131941","11-Aug-2026 08:38:32 PM","5970","USD","11-Aug-2026 08:39:22 PM","15-Sep-2026","547864370","USD","EQO","EQO","12-Aug-2026","TAUTO42131941_2","","Amend","A","","","","4800","",".SPXAV10P","M","12-Aug-2026","STP","","2","Qty 280912880","","C-MWIRE","","","","","","","","",
"CONFIRMED","N/A","Executed","","N","N","1683","42131941_1","M.BANK","S42131941_1","","Sell","42131941","11-Aug-2026 08:37:04 PM","5970","USD","11-Aug-2026 08:38:07 PM","15-Sep-2026","547864370.5","USD","EQO","EQO","12-Aug-2026","TAUTO42131941_1","","New","","","","0","4800","",".SPXAV10P","M","12-Aug-2026","STP","","4","Qty 280912880","","C-MWIRE","","0","0","","","0","0","",
"CONFIRMED","N/A","Executed","","N","N","1683","42131938_1","M.BANK","S42131937_1","","Rec Equity,Pay Interest","42131938","11-Aug-2026 08:26:35 PM","0","USD","11-Aug-2026 08:29:11 PM","16-Aug-2028","44093814900","USD","EQS","EQS","12-Aug-2026","TAUTO42131938_1","","Amend","A","","","0","6840","","QAN.AX","M","12-Aug-2026","STP","","","Qty 190","","C-MWIRE","","0","0","","","0","0","",
"CONFIRMED","N/A","Executed","","N","N","1683","42131937_1","M.BANK","S42131937_1","","Rec Equity,Pay Interest","42131937","11-Aug-2026 08:26:35 PM","0","USD","11-Aug-2026 08:29:10 PM","16-Aug-2028","44093814900","USD","EQS","EQS","12-Aug-2026","TAUTO42131937_1","","New","","","","0","6840","","QAN.AX","M","12-Aug-2026","STP","","","Qty 190","","C-MWIRE","","0","0","","","0","0","",
"CONFIRMED","N/A","Executed","","N","N","1683","42131936_1","M.BANK","S42131936_1","","Pay","42131936","11-Aug-2026 08:26:34 PM","0","ZAR","11-Aug-2026 08:27:18 PM","12-Aug-2036","947287880","ZAR","BSWP","BSWP","12-Aug-2026","TAUTO42131936_1","","New","","","","","","","ZAR-ZARONIA","M","12-Aug-2026","STP","","","","","C-MWIRE","","","","","","","","",
"CONFIRMED","N/A","Executed","","N","N","1683","42131933_2","M.BANK","S42131933_2","","Pay Fixed,Rec Dividend","42131933","11-Aug-2026 08:24:32 PM","","EUR","11-Aug-2026 08:26:02 PM","17-Dec-2027","0","EUR","DIV","DIV","12-Aug-2026","TAUTO42131933_2","","Amend","A","","","","3450","",".SX7E","M","12-Aug-2026","STP","","23","Qty 207767286","","C-MWIRE","","","","","","","","",
"CONFIRMED","N/A","Executed","11-Aug-2026 at 08:21:31 PM EDT - MarkitWire -  ' Allocations have been uploaded. Please affirm '|","N","N","Block","42131928_1","M.BANK","S42131928_1","","Pay Fixed,Rec Dividend","42131928","11-Aug-2026 08:22:39 PM","0","EUR","11-Aug-2026 08:24:08 PM","17-Dec-2027","0","EUR","DIV","DIV","12-Aug-2026","TAUTO42131928_1","","New","","","","0","5750","",".SX7E","M","12-Aug-2026","STP","","23","Qty 346278810","","C-MWIRE","","0","0","","","0","0","",
"CONFIRMED","N/A","Executed","","N","N","1683","42131923_2","M.BANK","S42131923_2","","Sell","42131923","11-Aug-2026 08:18:25 PM","","USD","11-Aug-2026 08:19:14 PM","27-Jan-2027","15411989.85","USD","EQVS","EQVS","12-Aug-2026","TAUTO42131923_2","","Amend","A","","","","4810","",".SPXNTR","M","12-Aug-2026","STP","","97.0225","","C-MWIRE","","","","","","","","",
"CONFIRMED","N/A","Executed","","N","N","1683","42131923_1","M.BANK","S42131923_1","","Sell","42131923","11-Aug-2026 08:16:37 PM","0","USD","11-Aug-2026 08:17:55 PM","27-Jan-2027","25950102.56","USD","EQVS","EQVS","12-Aug-2026","TAUTO42131923_1","","New","","","","0","4810","",".SPXNTR","M","12-Aug-2026","STP","","34.2225","","C-MWIRE","","0","0","","","0","0","",
"CONFIRMED","N/A","Executed","","N","N","1683","42131919_2","M.BANK","S42131919_2","","Buy","42131919","11-Aug-2026 08:14:43 PM","","USD","11-Aug-2026 08:15:46 PM","","90000","USD","VOL","VOL","12-Aug-2026","TAUTO42131919_2","","Amend","A","","","","3190","",".SPX","M","12-Aug-2026","STP","","3.85","","C-MWIRE","","","","","","","","",
"CONFIRMED","N/A","Executed","","N","N","1683","42131919_1","M.BANK","S42131919_1","","Buy","42131919","11-Aug-2026 08:13:20 PM","","USD","11-Aug-2026 08:14:17 PM","","778759780","USD","VOL","VOL","12-Aug-2026","TAUTO42131919_1","","New","","","","","3190","",".SPX","M","12-Aug-2026","STP","","3.85","","C-MWIRE","","","","","","","","",
"CPTY ALLEGED","N/A","Doc(s) Req'd","","N","N","MWMF_FUND1","42131917_1","M.BANK","","EQ ACCU","Sell","42131917","11-Aug-2026 08:11:54 PM","376027720","USD","11-Aug-2026 08:12:36 PM","12-Aug-2027","0","USD","EQACC","EQACC","12-Aug-2026","","","New","","","","0","0","","GOOG.O","","12-Aug-2026","STP","two-way","","","","","","0","0","","","0","0","",
"CONFIRMED","N/A","Executed","","N","N","1683","42131913_2","M.BANK","S42131913_2","","Buy","42131913","11-Aug-2026 08:10:07 PM","2640","USD","11-Aug-2026 08:10:56 PM","12-Aug-2027","0","USD","EQDEC","EQDEC","12-Aug-2026","TAUTO42131913_2","","Amend","A","","","","","","DXCM.O","M","12-Aug-2026","STP","","","","","C-MWIRE","","","","","","","","",
"CONFIRMED","N/A","Executed","","N","N","1683","42131913_1","M.BANK","S42131913_1","","Buy","42131913","11-Aug-2026 08:08:39 PM","2640","USD","11-Aug-2026 08:09:42 PM","12-Aug-2027","0","USD","EQDEC","EQDEC","12-Aug-2026","TAUTO42131913_1","","New","","","","","","","DXCM.O","M","12-Aug-2026","STP","","","","","C-MWIRE","","","","","","","","",
"CONFIRMED","N/A","Executed","","N","N","1683","42131908_2","M.BANK","S42131908_2","","Sell","42131908","11-Aug-2026 08:06:01 PM","39893326200","USD","11-Aug-2026 08:08:10 PM","15-Sep-2026","0","USD","EQO","EQO","12-Aug-2026","TAUTO42131908_2","","Amend","A","","","","","",".SPXAV10P","M","12-Aug-2026","STP","","2","Qty 664888770","","C-MWIRE","1","","","","","","","",
"CONFIRMED","N/A","Executed","","N","N","1683","42131908_1","M.BANK","S42131908_1","","Sell","42131908","11-Aug-2026 08:03:36 PM","39893326200","USD","11-Aug-2026 08:04:59 PM","15-Sep-2026","0","USD","EQO","EQO","12-Aug-2026","TAUTO42131908_1","","New","","","","0","0","",".SPXAV10P","M","12-Aug-2026","STP","","70","Qty 664888770","","C-MWIRE","1","0","0","","","0","0","",
"CPTY ALLEGED","N/A","Doc(s) Req'd","","N","N","MWMF_FUND1","42131906_2","M.BANK","","EQ ACCU","Sell","42131906","11-Aug-2026 07:17:48 PM","2000","USD","11-Aug-2026 07:18:02 PM","12-Aug-2027","0","USD","EQACC","EQACC","12-Aug-2026","A42131906_1_2_08112026_U","","P.Term","","","","0","0","","GOOG.O","","12-Aug-2026","STP","two-way","","","","","","0","0","","","0","0","",
"CONFIRMED","N/A","Executed","","N","N","1683","42131906_1","M.BANK","S42131906_1","","Buy","42131906","11-Aug-2026 07:16:11 PM","335015600","USD","11-Aug-2026 07:16:54 PM","12-Aug-2027","0","USD","EQACC","EQACC","12-Aug-2026","TAUTO42131906_1","","New","","","","","","","GOOG.O","M","12-Aug-2026","STP","","","","","C-MWIRE","","","","","","","","",
"CONFIRMED","N/A","Executed","","N","N","1683","42131905_1","M.BANK","S42131905_1","","Pay Fixed,Rec Dividend","42131905","11-Aug-2026 07:07:44 PM","0","EUR","11-Aug-2026 07:08:31 PM","17-Dec-2027","0","EUR","DIV","DIV","12-Aug-2026","TAUTO42131905_1","","New","","","","0","5890","",".SX7E","M","12-Aug-2026","STP","","23","Qty 941602450","","C-MWIRE","","0","0","","","0","0","",
"CPTY ALLEGED","N/A","Doc(s) Req'd","","N","N","MWMF_FUND1","42131904_2","M.BANK","","Americas Master VAR IN","Buy","42131904","11-Aug-2026 07:00:45 PM","25","USD","11-Aug-2026 07:01:01 PM","27-Jan-2027","105.47","USD","EQVS","EQVS","12-Aug-2026","A42131904_1_2_08122026_U","","P.Term","","","","0","0","",".SPXNTR","","12-Aug-2026","STP","two-way","34.2225","","","","0","0","","","0","0","",
"CONFIRMED","N/A","Executed","","N","N","1683","42131904_1","M.BANK","S42131904_1","","Sell","42131904","11-Aug-2026 06:59:06 PM","0","USD","11-Aug-2026 06:59:49 PM","27-Jan-2027","14026349.57","USD","EQVS","EQVS","12-Aug-2026","TAUTO42131904_1","","New","","","","0","2100","",".SPXNTR","M","12-Aug-2026","STP","","34.2225","","C-MWIRE","","0","0","","","0","0","",
"CONFIRMED","N/A","Executed","","N","N","1683","42131903_1","M.BANK","S42131903_1","","Sell","42131903","11-Aug-2026 06:57:20 PM","24006454500","USD","11-Aug-2026 06:58:05 PM","15-Sep-2026","0","USD","EQO","EQO","12-Aug-2026","TAUTO42131903_1","","New","","","","0","0","",".SPXAV10P","M","12-Aug-2026","STP","","40","Qty 342949350","","C-MWIRE","1","0","0","","","0","0","",
"CONFIRMED","N/A","Executed","11-Aug-2026 at 06:35:59 PM EDT - vikram.singh@ihsmarkit.com -  ' Trade manually affirmed '|11-Aug-2026 at 06:35:56 PM EDT - System -  ' Disputed Field(s): Notional (Dealer : USD 0). Status updated to Disputed '|11-Aug-2026 at 06:35:56 PM EDT - MarkitWire -  ' 1683 :Deal is currently under review '|","N","N","1683","42131899_1","M.BANK","S42131899_1","","Sell","42131899","11-Aug-2026 06:35:10 PM","2073600","USD","11-Aug-2026 06:36:02 PM","10-Aug-2028","10000000","USD","EQO","EQO","12-Aug-2026","TAUTO42131899_1","","New","","","","","5200","","GOOG.OQ","M","12-Aug-2026","STP","","10","Qty 34560","","C-MWIRE","","","","","","","","",
"CONFIRMED","N/A","Executed","11-Aug-2026 at 06:33:58 PM EDT - vikram.singh@ihsmarkit.com -  ' Trade manually affirmed '|11-Aug-2026 at 06:33:52 PM EDT - MarkitWire -  ' 1683 :Deal is currently under review '|11-Aug-2026 at 06:33:51 PM EDT - System -  ' Disputed Field(s): Business Day Convention (Dealer : FOLLOWING). Status updated to Disputed '|","N","N","1683","42131898_1","M.BANK","S42131898_1","","Sell","42131898","11-Aug-2026 06:33:11 PM","76133541600","USD","11-Aug-2026 06:34:01 PM","15-Sep-2026","0","USD","EQO","EQO","12-Aug-2026","TAUTO42131898_1","","New","","","","0","0","",".SPXAV10P","M","12-Aug-2026","STP","","50","Qty 951669270","","C-MWIRE","1","0","0","","","0","0","",
"CONFIRMED","N/A","Executed","11-Aug-2026 at 06:31:43 PM EDT - vikram.singh@ihsmarkit.com -  ' Trade manually affirmed '|11-Aug-2026 at 06:31:31 PM EDT - System -  ' Disputed Field(s): Business Day Convention (Dealer : PRECEDING). Status updated to Disputed '|11-Aug-2026 at 06:31:31 PM EDT - MarkitWire -  ' 1683 :Deal is currently under review '|","N","N","1683","42131897_1","M.BANK","S42131897_1","","Sell","42131897","11-Aug-2026 06:30:49 PM","9250","USD","11-Aug-2026 06:31:47 PM","15-Sep-2026","0","USD","EQO","EQO","12-Aug-2026","TAUTO42131897_1","","New","","","","0","0","",".SPXAV10P","M","12-Aug-2026","STP","","8","Qty 516484900","","C-MWIRE","","0","0","","","0","0","",
"CONFIRMED","N/A","Executed","","N","N","1683","42131893_1","M.BANK","S42131893_1","","Sell","42131893","11-Aug-2026 06:13:34 PM","5265.22","USD","11-Aug-2026 06:14:17 PM","27-Dec-2027","0.5","USD","EQO","EQO","12-Aug-2026","TAUTO42131893_1","","New","","","","0","0","",".SPXAV10P","M","12-Aug-2026","STP","","9","Qty 309719040","","C-MWIRE","1","0","0","","","0","0","",
"CONFIRMED","N/A","Executed","11-Aug-2026 at 06:13:06 PM EDT - vikram.singh@ihsmarkit.com -  ' Trade manually affirmed '|11-Aug-2026 at 06:12:45 PM EDT - System -  ' Disputed Field(s): Number of Options (w/ tolerance btwn 0.0 and 0.001) (Dealer : 58.1), [ Allocations-->|1683:MWMF_FUND1:Number of Shares/Options (Dealer : 58.1) ]. Status updated to Disputed '|11-Aug-2026 at 06:12:45 PM EDT - MarkitWire -  ' 1683 :Deal is currently under review '|","N","N","1683","42131892_1","M.BANK","S42131892_1","","Sell","42131892","11-Aug-2026 06:06:45 PM","3486","USD","11-Aug-2026 06:13:09 PM","15-Sep-2026","0","USD","EQO","EQO","12-Aug-2026","TAUTO42131892_1","","New","","","","0","0","",".SPXAV10P","M","12-Aug-2026","STP","","40","Qty 58.33","","C-MWIRE","1","0","0","","","0","0","",
"CONFIRMED","N/A","Executed","11-Aug-2026 at 06:06:17 PM EDT - vikram.singh@ihsmarkit.com -  ' Trade manually affirmed '|11-Aug-2026 at 06:05:57 PM EDT - MarkitWire -  ' 1683 :Deal is currently under review '|11-Aug-2026 at 06:05:56 PM EDT - System -  ' Disputed Field(s): Number of Options (w/ tolerance btwn 0.0 and 0.001) (Dealer : 58.1), [ Allocations-->|1683:MWMF_FUND1:Number of Shares/Options (Dealer : 58.1) ]. Status updated to Disputed '|","N","N","1683","42131891_1","M.BANK","S42131891_1","","Sell","42131891","11-Aug-2026 05:59:48 PM","7480","USD","11-Aug-2026 06:06:20 PM","27-Dec-2027","0","USD","EQO","EQO","12-Aug-2026","TAUTO42131891_1","","New","","","","0","0","",".SPXAV10P","M","12-Aug-2026","STP","","8","Qty 58.32","","C-MWIRE","1","0","0","","","0","0","",
"CONFIRMED","N/A","Executed","11-Aug-2026 at 05:59:21 PM EDT - vikram.singh@ihsmarkit.com -  ' Trade manually affirmed '|11-Aug-2026 at 05:58:59 PM EDT - System -  ' Disputed Field(s): Number of Options (w/ tolerance btwn 0.0 and 0.001) (Dealer : 58.1), [ Allocations-->|1683:MWMF_FUND1:Number of Shares/Options (Dealer : 58.1) ]. Status updated to Disputed '|11-Aug-2026 at 05:58:59 PM EDT - MarkitWire -  ' 1683 :Deal is currently under review '|","N","N","1683","42131890_1","M.BANK","S42131890_1","","Sell","42131890","11-Aug-2026 05:52:33 PM","5229","USD","11-Aug-2026 05:59:23 PM","10-Aug-2028","0","USD","EQO","EQO","12-Aug-2026","TAUTO42131890_1","","New","","","","","5910","","GOOG.OQ","M","12-Aug-2026","STP","","60","Qty 58.31","","C-MWIRE","","","","","","","","",
"CONFIRMED","N/A","Executed","","N","N","1683","42131889_1","M.BANK","S42131889_1","","Sell","42131889","11-Aug-2026 05:45:48 PM","16840","USD","11-Aug-2026 05:52:10 PM","15-Sep-2026","0","USD","EQO","EQO","12-Aug-2026","TAUTO42131889_1","","New","","","","0","0","",".SPXAV10P","M","12-Aug-2026","STP","","50","Qty 421.0006","","C-MWIRE","1","0","0","","","0","0","",
"CONFIRMED","N/A","Executed","","N","N","1683","42131888_1","M.BANK","S42131888_1","","Sell","42131888","11-Aug-2026 05:39:02 PM","7430","USD","11-Aug-2026 05:45:28 PM","27-Dec-2027","0","USD","EQO","EQO","12-Aug-2026","TAUTO42131888_1","","New","","","","0","0","",".SPXAV10P","M","12-Aug-2026","STP","","7","Qty 421.0007","","C-MWIRE","1","0","0","","","0","0","",
"CONFIRMED","N/A","Executed","","N","N","1683","42131887_1","M.BANK","S42131887_1","","Sell","42131887","11-Aug-2026 05:34:07 PM","21050","USD","11-Aug-2026 05:38:40 PM","10-Aug-2028","0","USD","EQO","EQO","12-Aug-2026","TAUTO42131887_1","","New","","","","","4100","","GOOG.OQ","M","12-Aug-2026","STP","","40","Qty 421.0008","","C-MWIRE","","","","","","","","",
"CONFIRMED","N/A","Executed","","N","N","1683","42131884_1","M.BANK","S42131884_1","","Sell","42131884","11-Aug-2026 05:18:41 PM","5978.3","USD","11-Aug-2026 05:19:24 PM","27-Dec-2027","0","USD","EQO","EQO","12-Aug-2026","TAUTO42131884_1","","New","","","","0","0","",".SPXAV10P","M","12-Aug-2026","STP","","3","Qty 854043340","","C-MWIRE","1","0","0","","","0","0","",
"CONFIRMED","N/A","Executed","","N","N","1683","42131883_1","M.BANK","S42131883_1","","Sell","42131883","11-Aug-2026 05:16:56 PM","8160","USD","11-Aug-2026 05:17:40 PM","23-Dec-2027","125536490.5","USD","EQO","EQO","12-Aug-2026","TAUTO42131883_1","","New","","","","0","0","",".SPX","M","12-Aug-2026","STP","","90","Qty 0","","C-MWIRE","1","0","0","","","0","0","",
"CONFIRMED","N/A","Executed","","N","N","1683","42131882_1","M.BANK","S42131882_1","","Sell","42131882","11-Aug-2026 05:15:04 PM","5295600","USD","11-Aug-2026 05:15:49 PM","10-Aug-2028","0","USD","EQO","EQO","12-Aug-2026","TAUTO42131882_1","","New","","","","","9940","","GOOG.OQ","M","12-Aug-2026","STP","","60","Qty 58840","","C-MWIRE","","","","","","","","",
"CONFIRMED","N/A","Executed","11-Aug-2026 at 05:13:32 PM EDT - vikram.singh@ihsmarkit.com -  ' Trade manually affirmed '|11-Aug-2026 at 05:13:20 PM EDT - System -  ' Disputed Field(s): Business Day Convention (Dealer : PRECEDING). Status updated to Disputed '|11-Aug-2026 at 05:13:20 PM EDT - MarkitWire -  ' 1683 :Deal is currently under review '|","N","N","1683","42131881_1","M.BANK","S42131881_1","","Sell","42131881","11-Aug-2026 05:12:38 PM","6550","USD","11-Aug-2026 05:13:35 PM","15-Sep-2026","0","USD","EQO","EQO","12-Aug-2026","TAUTO42131881_1","","New","","","","0","0","",".SPXAV10P","M","12-Aug-2026","STP","","15","Qty 744011600","","C-MWIRE","","0","0","","","0","0","",
"CONFIRMED","N/A","Executed","","N","N","1683","42131880_1","M.BANK","S42131880_1","","Sell","42131880","11-Aug-2026 05:05:48 PM","6729.95","USD","11-Aug-2026 05:06:35 PM","27-Dec-2027","0","USD","EQO","EQO","12-Aug-2026","TAUTO42131880_1","","New","","","","0","0","",".SPXAV10P","M","12-Aug-2026","STP","","5","Qty 841243530","","C-MWIRE","1","0","0","","","0","0","",
"CONFIRMED","N/A","Executed","11-Aug-2026 at 05:04:29 PM EDT - vikram.singh@ihsmarkit.com -  ' Trade manually affirmed '|11-Aug-2026 at 05:04:18 PM EDT - MarkitWire -  ' 1683 :Deal is currently under review '|11-Aug-2026 at 05:04:17 PM EDT - System -  ' Disputed Field(s): Strike Price/Initial Strike (w/ tolerance btwn 0.1 and 10.0) (Dealer : 30). Status updated to Disputed '|","N","N","1683","42131879_1","M.BANK","S42131879_1","","Sell","42131879","11-Aug-2026 05:03:36 PM","4480","USD","11-Aug-2026 05:04:32 PM","23-Dec-2027","576372790.5","USD","EQO","EQO","12-Aug-2026","TAUTO42131879_1","","New","","","","0","0","",".SPX","M","12-Aug-2026","STP","","13","Qty 0","","C-MWIRE","1","0","0","","","0","0","",
"CONFIRMED","N/A","Executed","","N","N","1683","42131878_1","M.BANK","S42131878_1","","Sell","42131878","11-Aug-2026 04:56:50 PM","9522.25","USD","11-Aug-2026 04:57:33 PM","27-Dec-2027","0","USD","EQO","EQO","12-Aug-2026","TAUTO42131878_1","","New","","","","0","0","",".SPXAV10P","M","12-Aug-2026","STP","","14","Qty 380889940","","C-MWIRE","1","0","0","","","0","0","",
"CONFIRMED","N/A","Executed","11-Aug-2026 at 04:55:12 PM EDT - vikram.singh@ihsmarkit.com -  ' Trade manually affirmed '|11-Aug-2026 at 04:54:58 PM EDT - MarkitWire -  ' 1683 :Deal is currently under review '|11-Aug-2026 at 04:54:57 PM EDT - System -  ' Disputed Field(s): Strike Price/Initial Strike (w/ tolerance btwn 0.1 and 10.0) (Dealer : 4). Status updated to Disputed '|","N","N","1683","42131877_1","M.BANK","S42131877_1","","Sell","42131877","11-Aug-2026 04:54:15 PM","15722700700","USD","11-Aug-2026 04:55:17 PM","27-Dec-2027","0","USD","EQO","EQO","12-Aug-2026","TAUTO42131877_1","","New","","","","0","0","",".SPXAV10P","M","12-Aug-2026","STP","","20","Qty 224610010","","C-MWIRE","1","0","0","","","0","0","",
"CONFIRMED","N/A","Executed","11-Aug-2026 at 04:52:57 PM EDT - vikram.singh@ihsmarkit.com -  ' Trade manually affirmed '|11-Aug-2026 at 04:52:51 PM EDT - System -  ' Disputed Field(s): Strike Price/Initial Strike (w/ tolerance btwn 0.1 and 10.0) (Dealer : 10). Status updated to Disputed '|11-Aug-2026 at 04:52:51 PM EDT - MarkitWire -  ' 1683 :Deal is currently under review '|","N","N","1683","42131876_1","M.BANK","S42131876_1","","Sell","42131876","11-Aug-2026 04:52:11 PM","1450","USD","11-Aug-2026 04:53:00 PM","23-Dec-2027","899037580.5","USD","EQO","EQO","12-Aug-2026","TAUTO42131876_1","","New","","","","0","0","",".SPX","M","12-Aug-2026","STP","","23","Qty 0","","C-MWIRE","1","0","0","","","0","0","",
"CONFIRMED","N/A","Executed","","N","N","1683","42131875_1","M.BANK","S42131875_1","","Sell","42131875","11-Aug-2026 04:50:23 PM","9880","USD","11-Aug-2026 04:51:06 PM","23-Dec-2027","360355640.5","USD","EQO","EQO","12-Aug-2026","TAUTO42131875_1","","New","","","","0","0","",".SPX","M","12-Aug-2026","STP","","70","Qty 0","","C-MWIRE","1","0","0","","","0","0","",
"CONFIRMED","N/A","Executed","11-Aug-2026 at 04:48:59 PM EDT - vikram.singh@ihsmarkit.com -  ' Trade manually affirmed '|11-Aug-2026 at 04:48:48 PM EDT - System -  ' Disputed Field(s): Fee(w/ tolerance btwn 0.0 and 1.0) (Dealer : USD 7750), [ Allocations-->|1683:MWMF_FUND1:Fee (Dealer : USD 7750) ]. Status updated to Disputed '|11-Aug-2026 at 04:48:48 PM EDT - MarkitWire -  ' 1683 :Deal is currently under review '|","N","N","1683","42131874_1","M.BANK","S42131874_1","","Sell","42131874","11-Aug-2026 04:48:07 PM","3100","USD","11-Aug-2026 04:49:02 PM","23-Dec-2027","579781580.5","USD","EQO","EQO","12-Aug-2026","TAUTO42131874_1","","New","","","","0","0","",".SPX","M","12-Aug-2026","STP","","30","Qty 0","","C-MWIRE","1","0","0","","","0","0","",
"CONFIRMED","N/A","Executed","","N","N","1683","42131873_1","M.BANK","S42131873_1","","Sell","42131873","11-Aug-2026 04:46:21 PM","8197646900","USD","11-Aug-2026 04:47:08 PM","27-Dec-2027","0","USD","EQO","EQO","12-Aug-2026","TAUTO42131873_1","","New","","","","0","0","",".SPXAV10P","M","12-Aug-2026","STP","","9","Qty 819764690","","C-MWIRE","1","0","0","","","0","0","",
"CONFIRMED","N/A","Executed","11-Aug-2026 at 04:43:09 PM EDT - MarkitWire -  ' Deal has been accepted '|11-Aug-2026 at 04:42:26 PM EDT - MarkitWire -  ' BROKER1 initiated novation request to TEST1 (Incoming) and MWBA (Remaining). Waiting for response... '|","N","N","MWMF_FUND1","42131869_2","M.BANK","","Swaption USD RFR 1y into 1y","Pay Fixed","YS_BKRPTE_SWO_1208v2_nov","11-Aug-2026 04:40:01 PM","0","USD","11-Aug-2026 04:43:47 PM","22-Jul-2028","281835790","USD","SWO","SWO","12-Aug-2026","YS_BKRPTE_SWO_1208v2_new_08122026_A","","Asgm","","4","","0","0","","USD-SOFR-OIS Compound","M","12-Aug-2026","STP","","","","","C-MWIRE","","0","0","","","0","0","",
"CONFIRMED","N/A","Executed","11-Aug-2026 at 04:37:47 PM EDT - MarkitWire -  ' Deal has been accepted '|11-Aug-2026 at 04:36:01 PM EDT - MarkitWire -  ' BROKER1 initiated novation request to TEST1 (Incoming) and MWBA (Remaining). Waiting for response... '|","N","N","MWMF_FUND1","42131863_2","M.BANK","","Swaption USD RFR 1y into 1y","Pay Fixed","YS_08122026","11-Aug-2026 04:31:11 PM","0","USD","11-Aug-2026 04:38:54 PM","22-Jul-2028","281835790","USD","SWO","SWO","12-Aug-2026","YS_BKRPTE_SWO_1208v1_new_08122026_A","","Asgm","","4","","0","0","","USD-SOFR-OIS Compound","M","12-Aug-2026","STP","","","","","C-MWIRE","","0","0","","","0","0","",
"CONFIRMED","N/A","Executed","11-Aug-2026 at 03:59:27 PM EDT - MarkitWire -  ' Deal has been accepted '|11-Aug-2026 at 03:56:41 PM EDT - MarkitWire -  ' BROKER1 initiated novation request to TEST1 (Incoming) and MWBA (Remaining). Waiting for response... '|","N","N","MWMF_FUND1","42131841_2","M.BANK","","Swaption USD RFR 1y into 1y","Pay Fixed","YS_BKRPTE_SWO_1208_nov","11-Aug-2026 03:47:19 PM","0","USD","11-Aug-2026 04:26:00 PM","22-Jul-2028","281835790","USD","SWO","SWO","12-Aug-2026","YS_BKRPTE_SWO_1208_08122026_A","","Asgm","","4","","0","0","","USD-SOFR-OIS Compound","M","12-Aug-2026","STP","","","","","C-MWIRE","","0","0","","","0","0","",
"CPTY ALLEGED","N/A","Doc(s) Req'd","","N","N","MWMF_FUND1","42131855_2","M.BANK","","OIS USD 1y","Pay Fixed","42131855","11-Aug-2026 04:07:44 PM","0","USD","11-Aug-2026 04:07:47 PM","14-Aug-2027","414327680","USD","OIS","IRS","12-Aug-2026","A42131855_1_2_08122026_E","","F.Exer","","5.2","","0","0","","USD-SOFR-OIS Compound","","12-Aug-2026","STP","two-way","","","","","","0","0","","","0","0","",
"CONFIRMED","N/A","Executed","","N","N","1683","42131855_1","M.BANK","S42131855_1","","Recv Fixed","42131855","11-Aug-2026 04:06:47 PM","0","USD","11-Aug-2026 04:07:30 PM","14-Aug-2027","414327680","USD","OIS","OIS","12-Aug-2026","TAUTO42131855_1","","New","","5.2","","","","","USD-SOFR-OIS Compound","M","12-Aug-2026","STP","","","","","C-MWIRE","","","","","","","","",
"CPTY ALLEGED","N/A","Doc(s) Req'd","","N","N","MWMF_FUND1","42131853_2","M.BANK","","Swaption CAD RFR 4y into 11y","Pay Fixed","42131850","11-Aug-2026 04:00:01 PM","600","CAD","11-Aug-2026 04:00:34 PM","13-Aug-2041","460606158","CAD","SWO","SWO","12-Aug-2026","A42131850_1_2_08122026_M","","Amend","A","4","","0","0","","CAD-CORRA-OIS Compound","","12-Aug-2026","STP","two-way","","","","","","0","0","","","0","0","",
"CONFIRMED","N/A","Executed","11-Aug-2026 at 03:58:57 PM EDT - MarkitWire -  ' Allocations have been uploaded. Please affirm '|","N","N","Block","42131850_1","M.BANK","S42131850_1","","Recv Fixed","42131850","11-Aug-2026 03:59:21 PM","1000","CAD","11-Aug-2026 03:59:51 PM","13-Aug-2041","767676930","CAD","SWO","SWO","12-Aug-2026","TAUTO42131850_1","","New","","4","","","","","CAD-CORRA-OIS Compound","M","12-Aug-2026","STP","","","","","C-MWIRE","","","","","","","","",
"CPTY ALLEGED","N/A","Doc(s) Req'd","","N","N","MWMF_FUND1","42131844_3","M.BANK","","IRS CAD 1Y","Recv Fixed","42131842","11-Aug-2026 03:51:14 PM","600","CAD","11-Aug-2026 03:51:38 PM","12-Aug-2027","234181770","CAD","IRS","IRS","12-Aug-2026","A42131842_1_2_08122026_M","","Amend","A","6.2","","0","4683635.4","","CAD-CDOR","","12-Aug-2026","STP","two-way","","","","","","0","0","","","0","0","LCHSGB2L",
"CONFIRMED","N/A","Executed","11-Aug-2026 at 03:51:25 PM EDT - MarkitWire -  ' SettlementAgencyAccepted '|11-Aug-2026 at 03:51:23 PM EDT - MarkitWire -  ' SettlementAgencyAccepted '|11-Aug-2026 at 03:51:00 PM EDT - MarkitWire -  ' SettlementAgencySent '|","N","N","Block","42131842_1","M.BANK","S42131842_1","","Pay Fixed","42131842","11-Aug-2026 03:50:27 PM","1000","CAD","11-Aug-2026 03:51:25 PM","12-Aug-2027","390302950","CAD","IRS","IRSW","12-Aug-2026","TAUTO42131842_1","","New","","8.2","","0","7806059","","CAD-CDOR","M","12-Aug-2026","STP","","","","","C-MWIRE","","0","0","","","0","0","LCHSGB2L",
"CPTY ALLEGED","N/A","Doc(s) Req'd","","N","N","MWMF_FUND1","42131838_2","M.BANK","","ZC Inflation Swap USD 10Y","Pay Fixed","42131836","11-Aug-2026 03:42:28 PM","600","USD","11-Aug-2026 03:42:45 PM","14-Aug-2036","128695698","USD","IFS","IFS","12-Aug-2026","A42131836_1_2_08122026_M","","Amend","A","6.2","","0","2573913.96","2","USA-CPI-U","","12-Aug-2026","STP","two-way","","","","","","0","0","","","0","0","",
"CONFIRMED","N/A","Executed","11-Aug-2026 at 03:41:27 PM EDT - MarkitWire -  ' Allocations have been uploaded. Please affirm '|","N","N","Block","42131836_1","M.BANK","S42131836_1","","Recv Fixed","42131836","11-Aug-2026 03:41:54 PM","1000","USD","11-Aug-2026 03:42:18 PM","14-Aug-2036","214492830","USD","IFS","IFS","12-Aug-2026","TAUTO42131836_1","","New","","6","","","4289856.6","2","USA-CPI-U","M","12-Aug-2026","STP","","","","","C-MWIRE","","","","","","","","",
"DISPUTED","N/A","Doc(s) Req'd","11-Aug-2026 at 03:38:41 PM EDT - System -  ' Disputed Field(s): MarkitWire Defaults modified by the dealer on following fields(Break 1st Date Tenor, Break Frequency). Status updated to Disputed '|","N","N","Block","42131833_1","M.BANK","S42131833_1","","Recv","42131833","11-Aug-2026 03:33:51 PM","","AUD","11-Aug-2026 03:38:41 PM","14-Aug-2036","318135450","AUD","CCBSWP","CCBSWP","12-Aug-2026","TAUTO42131833_1","","New","","","","","18097332.6","","USD-SOFR-OIS Compound","M","12-Aug-2026","","","","","","","","","","","","","","",
"DISPUTED","N/A","Doc(s) Req'd","11-Aug-2026 at 03:27:45 PM EDT - System -  ' Disputed Field(s): Leg2 Term Date Adj (Dealer : MODFOLLOWING),Leg1 Term Date Adj (Dealer : MODFOLLOWING),Leg2 Term Date Business Days (Dealer : USNY,EUTA),Leg1 Pay Relative To (Dealer : CalculationPeriodEndDate),Leg1 Term Date Business Days (De(...) '|","N","N","Block","42131831_1","M.BANK","S42131831_1","","Recv","42131831","11-Aug-2026 03:27:05 PM","1000","USD","11-Aug-2026 03:27:45 PM","14-Aug-2027","986477240","USD","CCIRS","CCIRS","12-Aug-2026","TAUTO42131831_1","","New","","4.2","","","19729544.8","","EUR-EuroSTR-OIS Compound","M","12-Aug-2026","","","","","","","","","","","","","","LCHSGB2L",
"CPTY ALLEGED","N/A","Doc(s) Req'd","","N","N","MWMF_FUND1","42131830_2","M.BANK","","Americas Master EQ SH OP","Buy","42131830","11-Aug-2026 03:23:17 PM","7750.13","USD","11-Aug-2026 03:23:29 PM","10-Aug-2028","0","USD","EQO","EQO","12-Aug-2026","A42131830_1_2_08122026_N","","New","","","","0","9430","","GOOG.OQ","","12-Aug-2026","STP","two-way","70","Qty 31.0005","","","1","0","0","","","0","0","",
"CONFIRMED","N/A","Executed","","N","N","1683","42131830_1","M.BANK","S42131830_1","","Sell","42131830","11-Aug-2026 03:21:44 PM","1917600","USD","11-Aug-2026 03:22:27 PM","10-Aug-2028","0","USD","EQO","EQO","12-Aug-2026","TAUTO42131830_1","","New","","","","","9430","","GOOG.OQ","M","12-Aug-2026","STP","","70","Qty 95880","","C-MWIRE","","","","","","","","",
"CPTY ALLEGED","N/A","Doc(s) Req'd","11-Aug-2026 at 03:20:42 PM EDT - MarkitWire -  ' MarkitWire Template Changed for fields : Final Exchange Currency 1, Final Exchange Currency 2, Final Exchange Date, Initial Exchange, Initial Exchange Currency 1, Initial Exchange Currency 2, Initial Exchange Date '|","N","N","MWMF_FUND1","42131829_3","M.BANK","","Fixed Fixed Swap USD v USD 1Y","Pay Fixed","42131827","11-Aug-2026 03:20:13 PM","0","USD","11-Aug-2026 03:20:50 PM","14-Aug-2027","590113914","USD","FIXED","FIXED","12-Aug-2026","A42131827_1_2_08122026_M","","Amend","A","6.2","9","0","11802278.28","2","","","12-Aug-2026","STP","two-way","","","","","","0","0","","","0","0","LCHSGB2L",
"CONFIRMED","N/A","Executed","11-Aug-2026 at 03:20:38 PM EDT - MarkitWire -  ' SettlementAgencyAccepted '|11-Aug-2026 at 03:20:36 PM EDT - MarkitWire -  ' SettlementAgencyAccepted '|11-Aug-2026 at 03:19:57 PM EDT - MarkitWire -  ' SettlementAgencySent '|","N","N","Block","42131827_1","M.BANK","S42131827_1","","Recv Fixed","42131827","11-Aug-2026 03:19:37 PM","","USD","11-Aug-2026 03:20:38 PM","14-Aug-2027","983523190","USD","FIXED","FIXED","12-Aug-2026","TAUTO42131827_1","","New","","3","9","","19670463.8","2","","M","12-Aug-2026","STP","","","","","C-MWIRE","","","","","","","","LCHSGB2L",
"CPTY ALLEGED","N/A","Doc(s) Req'd","","N","N","MWMF_FUND1","42131826_2","M.BANK","","Digital Master EQ IN OP","Buy","42131826","11-Aug-2026 03:14:51 PM","0","USD","11-Aug-2026 03:14:58 PM","27-Dec-2027","0","USD","EQO","EQO","12-Aug-2026","A42131826_1_2_08122026_N","","New","","","","0","0","",".SPXAV10P","","12-Aug-2026","STP","two-way","7","Qty 79","","","1","0","0","","","0","0","",
"CONFIRMED","N/A","Executed","","N","N","1683","42131826_1","M.BANK","S42131826_1","","Sell","42131826","11-Aug-2026 03:13:19 PM","4054.28","USD","11-Aug-2026 03:14:00 PM","27-Dec-2027","0","USD","EQO","EQO","12-Aug-2026","TAUTO42131826_1","","New","","","","0","0","",".SPXAV10P","M","12-Aug-2026","STP","","7","Qty 810855020","","C-MWIRE","1","0","0","","","0","0","",
"CPTY ALLEGED","N/A","Doc(s) Req'd","","N","N","MWMF_FUND1","42131824_3","M.BANK","","FRA EUR 6 x 12","Sell","42131823","11-Aug-2026 03:11:35 PM","0","EUR","11-Aug-2026 03:11:59 PM","16-Aug-2027","239109438","EUR","FRA","FRA","12-Aug-2026","A42131823_1_2_08122026_M","","Amend","A","6.2","","0","4782188.76","2","EUR-EURIBOR","","12-Aug-2026","STP","two-way","","","","","","0","0","","","0","0","LCHSGB2L",
"CONFIRMED","N/A","Executed","11-Aug-2026 at 03:11:47 PM EDT - MarkitWire -  ' SettlementAgencyAccepted '|11-Aug-2026 at 03:11:46 PM EDT - MarkitWire -  ' SettlementAgencyAccepted '|11-Aug-2026 at 03:11:23 PM EDT - MarkitWire -  ' SettlementAgencySent '|","N","N","Block","42131823_1","M.BANK","S42131823_1","","Buy","42131823","11-Aug-2026 03:10:54 PM","0","EUR","11-Aug-2026 03:11:47 PM","16-Aug-2027","398515730","EUR","FRA","FRA","12-Aug-2026","TAUTO42131823_1","","New","","1.234568","","","7970314.6","2","EUR-EURIBOR","M","12-Aug-2026","STP","","","","","C-MWIRE","","","","","","","","LCHSGB2L",
"CPTY ALLEGED","N/A","Doc(s) Req'd","","N","N","MWMF_FUND1","42131822_2","M.BANK","","Americas Master EQ IN OP","Buy","42131822","11-Aug-2026 03:06:23 PM","25000","USD","11-Aug-2026 03:06:35 PM","15-Sep-2026","0","USD","EQO","EQO","12-Aug-2026","A42131822_1_2_08122026_N","","New","","","","0","0","",".SPXAV10P","","12-Aug-2026","STP","two-way","80","Qty 100","","","1","0","0","","","0","0","",
"CONFIRMED","N/A","Executed","","N","N","1683","42131822_1","M.BANK","S42131822_1","","Sell","42131822","11-Aug-2026 03:04:49 PM","35336533400","USD","11-Aug-2026 03:05:32 PM","15-Sep-2026","0","USD","EQO","EQO","12-Aug-2026","TAUTO42131822_1","","New","","","","0","0","",".SPXAV10P","M","12-Aug-2026","STP","","80","Qty 504807620","","C-MWIRE","1","0","0","","","0","0","",
"CONFIRMED","N/A","Executed","","N","N","1683","42131821_1","M.BANK","S42131821_1","","Sell","42131821","11-Aug-2026 03:03:09 PM","2920","USD","11-Aug-2026 03:03:54 PM","23-Dec-2027","938263590.5","USD","EQO","EQO","12-Aug-2026","TAUTO42131821_1","","New","","","","0","1640","",".SPX","M","12-Aug-2026","STP","","80","Qty 0","","C-MWIRE","1","0","0","","","0","0","",
"CPTY ALLEGED","N/A","Doc(s) Req'd","","N","N","MWMF_FUND1","42131820_3","M.BANK","","ZC Inflation Swap USD 1Y","Pay Fixed","42131820","11-Aug-2026 03:02:44 PM","0","USD","11-Aug-2026 03:02:54 PM","14-Aug-2027","206327390","USD","IFS","IFS","12-Aug-2026","A42131820_1_2_08122026_M","","Amend","A","6","","0","4126547.8","2","USA-CPI-U","","12-Aug-2026","STP","two-way","","","","","","0","0","","","0","0","LCHSGB2L",
"CONFIRMED","N/A","Executed","11-Aug-2026 at 03:02:43 PM EDT - MarkitWire -  ' SettlementAgencyAccepted '|11-Aug-2026 at 03:02:38 PM EDT - MarkitWire -  ' SettlementAgencySent '|","N","N","1683","42131820_1","M.BANK","S42131820_1","","Recv Fixed","42131820","11-Aug-2026 03:01:36 PM","0","USD","11-Aug-2026 03:02:43 PM","14-Aug-2027","206327390","USD","IFS","IFS","12-Aug-2026","TAUTO42131820_1","","New","","6","","","4126547.8","2","USA-CPI-U","M","12-Aug-2026","STP","","","","","C-MWIRE","","","","","","","","LCHSGB2L",
"CONFIRMED","N/A","Executed","","N","N","1683","42131819_1","M.BANK","S42131819_1","","Sell","42131819","11-Aug-2026 02:54:40 PM","29186152800","USD","11-Aug-2026 02:55:25 PM","15-Sep-2026","0","USD","EQO","EQO","12-Aug-2026","TAUTO42131819_1","","New","","","","0","0","",".SPXAV10P","M","12-Aug-2026","STP","","90","Qty 364826910","","C-MWIRE","1","0","0","","","0","0","",
"CPTY ALLEGED","N/A","Doc(s) Req'd","","N","N","MWMF_FUND1","42131818_3","M.BANK","","OIS EUR 6m","Recv Fixed","42131818","11-Aug-2026 02:54:47 PM","0","EUR","11-Aug-2026 02:54:57 PM","14-Feb-2027","669224030","EUR","OIS","IRS","12-Aug-2026","A42131818_1_2_08122026_M","","Amend","A","5","","0","13384480.6","2","EUR-EuroSTR-OIS Compound","","12-Aug-2026","STP","two-way","","","","","","0","0","","","0","0","LCHSGB2L",
"CONFIRMED","N/A","Executed","11-Aug-2026 at 02:54:48 PM EDT - MarkitWire -  ' SettlementAgencyAccepted '|11-Aug-2026 at 02:54:41 PM EDT - MarkitWire -  ' SettlementAgencySent '|","N","N","1683","42131818_1","M.BANK","S42131818_1","","Pay Fixed","42131818","11-Aug-2026 02:53:42 PM","0","EUR","11-Aug-2026 02:54:48 PM","14-Feb-2027","669224030","EUR","OIS","OIS","12-Aug-2026","TAUTO42131818_1","","New","","5","","","13384480.6","2","EUR-EuroSTR-OIS Compound","M","12-Aug-2026","STP","","","","","C-MWIRE","","","","","","","","LCHSGB2L",
"CPTY ALLEGED","N/A","Doc(s) Req'd","","N","N","MWMF_FUND1","42131816_2","M.BANK","","Cap EUR RFR 10y","B","42131816","11-Aug-2026 02:46:50 PM","209822.29","EUR","11-Aug-2026 02:47:06 PM","14-Aug-2036","874259530","EUR","CPFL","CPFL","12-Aug-2026","A42131816_1_2_08122026_M","","Amend","A","","","0","17485190.6","2","EUR-EuroSTR-OIS Compound","","12-Aug-2026","STP","two-way","3.5","","","","","0","0","","","0","0","",
"CONFIRMED","N/A","Executed","","N","N","1683","42131817_1","M.BANK","S42131817_1","","Sell","42131817","11-Aug-2026 02:46:02 PM","40339754400","USD","11-Aug-2026 02:46:54 PM","15-Sep-2026","0","USD","EQO","EQO","12-Aug-2026","TAUTO42131817_1","","New","","","","0","0","",".SPXAV10P","M","12-Aug-2026","STP","","50","Qty 672329240","","C-MWIRE","1","0","0","","","0","0","",
"CONFIRMED","N/A","Executed","","N","N","1683","42131816_1","M.BANK","S42131816_1","","Sell","42131816","11-Aug-2026 02:45:52 PM","209822.29","EUR","11-Aug-2026 02:46:38 PM","14-Aug-2036","874259530","EUR","CPFL","CPFL","12-Aug-2026","TAUTO42131816_1","","New","","","","0","17485190.6","2","EUR-EuroSTR-OIS Compound","M","12-Aug-2026","STP","","3.5","","","C-MWIRE","","0","0","","","0","0","",
"DISPUTED","N/A","Doc(s) Req'd","11-Aug-2026 at 02:44:24 PM EDT - System -  ' Disputed Field(s): MarkitWire Defaults modified by the dealer on following fields(Break 1st Date Tenor, Break Frequency). Status updated to Disputed '|","N","N","1683","42131814_1","M.BANK","S42131814_1","","Recv","42131814","11-Aug-2026 02:39:03 PM","","AUD","11-Aug-2026 02:44:25 PM","14-Aug-2036","351063440","AUD","CCBSWP","CCBSWP","12-Aug-2026","TAUTO42131814_1","","New","","","","","23312492.7","","USD-SOFR-OIS Compound","M","12-Aug-2026","","","","","","","","","","","","","","",
"CPTY ALLEGED","N/A","Doc(s) Req'd","","N","N","MWMF_FUND1","42131812_2","M.BANK","","Americas Master EQ IN OP","Buy","42131812","11-Aug-2026 02:32:27 PM","9404426900","USD","11-Aug-2026 02:32:30 PM","15-Sep-2027","0","USD","EQO","EQO","12-Aug-2026","A42131812_1_2_08122026_E","","F.Exer","","","","0","0","",".SPXAV10P","","12-Aug-2026","STP","two-way","20","Qty 940442690","","","1","0","0","","","0","0","",
"CPTY ALLEGED","N/A","Doc(s) Req'd","","N","N","MWMF_FUND1","42131813_2","M.BANK","","Basis Swap USD 10Y","Recv","42131813","11-Aug-2026 02:32:11 PM","1000","USD","11-Aug-2026 02:32:21 PM","14-Aug-2036","700442580","USD","BSWP","BSWP","12-Aug-2026","A42131813_1_2_08122026_M","","Amend","A","","","0","14008851.6","2","USD-LIBOR","","12-Aug-2026","STP","two-way","","","","","","0","0","","","0","0","",
"CONFIRMED","N/A","Executed","","N","N","1683","42131813_1","M.BANK","S42131813_1","","Pay","42131813","11-Aug-2026 02:31:12 PM","1000","USD","11-Aug-2026 02:31:55 PM","14-Aug-2036","700442580","USD","BSWP","BSWP","12-Aug-2026","TAUTO42131813_1","","New","","","","","14008851.6","2","USD-LIBOR","M","12-Aug-2026","STP","","","","","C-MWIRE","","","","","","","","",
"CONFIRMED","N/A","Executed","","N","N","1683","42131812_1","M.BANK","S42131812_1","","Sell","42131812","11-Aug-2026 02:30:44 PM","9404426900","USD","11-Aug-2026 02:31:27 PM","15-Sep-2027","0","USD","EQO","EQO","12-Aug-2026","TAUTO42131812_1","","New","","","","0","0","",".SPXAV10P","M","12-Aug-2026","STP","","20","Qty 940442690","","C-MWIRE","1","0","0","","","0","0","",
"CPTY ALLEGED","N/A","Doc(s) Req'd","","N","N","MWMF_FUND1","42131810_2","M.BANK","","IRS CAD 1Y","Recv Fixed","42131810","11-Aug-2026 02:24:20 PM","1000","CAD","11-Aug-2026 02:24:30 PM","11-Aug-2027","846146200","CAD","IRS","IRS","11-Aug-2026","A42131810_1_2_08112026_M","","Amend","A","8.2","","0","16922924","","CAD-CDOR","","11-Aug-2026","STP","two-way","","","","","","0","0","","","0","0","",
"CONFIRMED","N/A","Executed","","N","N","1683","42131810_1","M.BANK","S42131810_1","","Pay Fixed","42131810","11-Aug-2026 02:23:27 PM","1000","CAD","11-Aug-2026 02:24:13 PM","11-Aug-2027","846146200","CAD","IRS","IRSW","11-Aug-2026","TAUTO42131810_1","","New","","8.2","","0","16922924","","CAD-CDOR","M","11-Aug-2026","STP","","","","","C-MWIRE","","0","0","","","0","0","",
"CPTY ALLEGED","N/A","Doc(s) Req'd","","N","N","MWMF_FUND1","42131811_1","M.BANK","","Global Master EQ SH SW","Pay Equity,Rec Interest","42131811","11-Aug-2026 02:22:19 PM","0","USD","11-Aug-2026 02:23:55 PM","15-Aug-2028","5391021248600","USD","EQS","EQS","11-Aug-2026","A42131809_1_2_08112026_C","","Cancel","","","","0","840","","QAN.AX","","11-Aug-2026","STP","two-way","","Qty 878016490","","","","0","0","","","0","0","",
"CONFIRMED","N/A","Executed","","N","N","1683","42131809_1","M.BANK","S42131809_1","","Rec Equity,Pay Interest","42131809","11-Aug-2026 02:22:19 PM","0","USD","11-Aug-2026 02:23:05 PM","15-Aug-2028","5391021248600","USD","EQS","EQS","11-Aug-2026","TAUTO42131809_1","","New","","","","0","840","","QAN.AX","M","11-Aug-2026","STP","","","Qty 878016490","","C-MWIRE","","0","0","","","0","0","",
"CPTY ALLEGED","N/A","Doc(s) Req'd","","N","N","MWMF_FUND1","42131807_2","M.BANK","","Americas Master VAR SH","Buy","42131807","11-Aug-2026 02:15:29 PM","0","USD","11-Aug-2026 02:15:31 PM","25-Sep-2030","14564640","USD","EQVS","EQVS","11-Aug-2026","S42131807_1_08112026_C","","Cancel","","","","0","8280","","AIR.N","","11-Aug-2026","STP","two-way","16","","","","0","0","","","0","0","",
"CONFIRMED","N/A","Executed","","N","N","1683","42131807_1","M.BANK","S42131807_1","","Sell","42131807","11-Aug-2026 02:13:52 PM","0","USD","11-Aug-2026 02:14:34 PM","25-Sep-2030","14564640","USD","EQVS","EQVS","11-Aug-2026","TAUTO42131807_1","","New","","","","0","8280","","AIR.N","M","11-Aug-2026","STP","","16","","C-MWIRE","","0","0","","","0","0","",
"CPTY ALLEGED","N/A","Doc(s) Req'd","","N","N","MWMF_FUND1","42131802_2","M.BANK","","Cliquet Master EQ IN OP","Buy","42131802","11-Aug-2026 02:07:03 PM","4700","USD","11-Aug-2026 02:07:05 PM","23-Dec-2027","204991360","USD","EQO","EQO","11-Aug-2026","A42131802_1_2_08112026_C","","Cancel","","","","0","0","",".SPX","","11-Aug-2026","STP","two-way","90","Qty 0","","","1","0","0","","","0","0","",
"CONFIRMED","N/A","Executed","","N","N","1683","42131802_1","M.BANK","S42131802_1","","Sell","42131802","11-Aug-2026 02:05:29 PM","4700","USD","11-Aug-2026 02:06:12 PM","23-Dec-2027","204991360.5","USD","EQO","EQO","11-Aug-2026","TAUTO42131802_1","","New","","","","0","0","",".SPX","M","11-Aug-2026","STP","","90","Qty 0","","C-MWIRE","1","0","0","","","0","0","",
"CONFIRMED","N/A","Executed","","N","N","MWMF_FUND1","42131800_1","M.BANK","","IRS CAD 1Y","Recv Fixed","42131800","11-Aug-2026 01:58:12 PM","1000","CAD","11-Aug-2026 01:58:48 PM","11-Aug-2027","733387480","CAD","IRS","IRS","11-Aug-2026","","","New","","8.2","","0","14667749.6","","CAD-CDOR","M","11-Aug-2026","STP","","","","","C-MWIRE","","0","0","","","0","0","",
"CPTY ALLEGED","N/A","Doc(s) Req'd","","N","N","MWMF_FUND1","42131799_2","M.BANK","","Digital Master EQ IN OP","Buy","42131799","11-Aug-2026 01:51:49 PM","0","USD","11-Aug-2026 01:51:55 PM","27-Dec-2027","0","USD","EQO","EQO","11-Aug-2026","A42131799_1_2_08112026_M","","Amend","A","","","0","0","",".SPXAV10P","","11-Aug-2026","STP","two-way","3","Qty 602.0009","","","1","0","0","","","0","0","",
"CONFIRMED","N/A","Executed","","N","N","1683","42131799_1","M.BANK","S42131799_1","","Sell","42131799","11-Aug-2026 01:50:39 PM","2502.64","USD","11-Aug-2026 01:51:29 PM","27-Dec-2027","0","USD","EQO","EQO","11-Aug-2026","TAUTO42131799_1","","New","","","","0","0","",".SPXAV10P","M","11-Aug-2026","STP","","3","Qty 500527560","","C-MWIRE","1","0","0","","","0","0","",
"CPTY ALLEGED","N/A","Doc(s) Req'd","","N","N","MWMF_FUND1","42131798_1","M.BANK","","Global Master EQ SH SW","Pay Equity,Rec Interest","42131798","11-Aug-2026 01:42:38 PM","0","USD","11-Aug-2026 01:43:57 PM","15-Aug-2028","274826080600","USD","EQS","EQS","11-Aug-2026","A42131797_1_2_08112026_M","","Amend","A","","","0","2190","","QAN.AX","","11-Aug-2026","STP","two-way","","Qty 670","","","","0","0","","","0","0","",
"CONFIRMED","N/A","Executed","","N","N","1683","42131797_1","M.BANK","S42131797_1","","Rec Equity,Pay Interest","42131797","11-Aug-2026 01:42:38 PM","0","USD","11-Aug-2026 01:43:27 PM","15-Aug-2028","274826080600","USD","EQS","EQS","11-Aug-2026","TAUTO42131797_1","","New","","","","0","2190","","QAN.AX","M","11-Aug-2026","STP","","","Qty 670","","C-MWIRE","","0","0","","","0","0","",
"CPTY ALLEGED","N/A","Doc(s) Req'd","","N","N","MWMF_FUND1","42131796_2","M.BANK","","Americas Master VAR IN","Buy","42131796","11-Aug-2026 01:35:46 PM","0","USD","11-Aug-2026 01:35:55 PM","27-Jan-2027","31458913.2","USD","EQVS","EQVS","11-Aug-2026","A42131796_1_2_08112026_M","","Amend","A","","","0","2120","",".SPXNTR","","11-Aug-2026","STP","two-way","97.0225","","","","0","0","","","0","0","",
"CONFIRMED","N/A","Executed","","N","N","1683","42131796_1","M.BANK","S42131796_1","","Sell","42131796","11-Aug-2026 01:34:44 PM","0","USD","11-Aug-2026 01:35:30 PM","27-Jan-2027","52969281.2","USD","EQVS","EQVS","11-Aug-2026","TAUTO42131796_1","","New","","","","0","2120","",".SPXNTR","M","11-Aug-2026","STP","","34.2225","","C-MWIRE","","0","0","","","0","0","",
"CPTY ALLEGED","IFC-LCH_EUR","Doc(s) Req'd","","N","N","Block","42131795_1","M.BANK","","IRS AUD 15Y","Recv Fixed","42131795","11-Aug-2026 01:31:12 PM","0","AUD","11-Aug-2026 01:31:32 PM","12-Aug-2041","347161710","AUD","IRS","IRS","11-Aug-2026","","","New","","5.2","","0","0","","AUD-BBSW","","11-Aug-2026","STP","two-way","","","","","","0","0","","","0","0","",
"CPTY ALLEGED","N/A","Doc(s) Req'd","","N","N","MWMF_FUND1","42131792_2","M.BANK","","EQ ACCU","Sell","42131792","11-Aug-2026 01:27:58 PM","630622180","USD","11-Aug-2026 01:28:06 PM","11-Aug-2027","0","USD","EQACC","EQACC","11-Aug-2026","A42131792_1_2_08112026_M","","Amend","A","","","0","0","","GOOG.O","","11-Aug-2026","STP","two-way","","","","","","0","0","","","0","0","",
"CONFIRMED","N/A","Executed","","N","N","1683","42131792_1","M.BANK","S42131792_1","","Buy","42131792","11-Aug-2026 01:26:52 PM","630622180","USD","11-Aug-2026 01:27:38 PM","11-Aug-2027","0","USD","EQACC","EQACC","11-Aug-2026","TAUTO42131792_1","","New","","","","","","","GOOG.O","M","11-Aug-2026","STP","","","","","C-MWIRE","","","","","","","","",
"CLEARED","CLR-LCH_EUR","Doc(s) Req'd","11-Aug-2026 at 01:27:10 PM EDT - MarkitWire -  ' PreAgreed - BetaCleared;MW Id: 42131791;CCP Id: 42131787_2_0 '|11-Aug-2026 at 01:26:07 PM EDT - MarkitWire -  ' 42: BDDTest_rejecting '|11-Aug-2026 at 01:26:06 PM EDT - MarkitWire -  ' 42: BDDTest_rejecting '|","N","N","1683","42131787_1","Asset Mgr/ABANK","SBO42131782_1","","Recv Fixed","42131787","11-Aug-2026 01:25:40 PM","0","USD","11-Aug-2026 01:27:10 PM","13-Feb-2027","907532480","USD","OIS","OIS","11-Aug-2026","TAUTOBO_42131782_1","","New","","5","","0","0","","USD-SOFR-OIS Compound","M","11-Aug-2026","STP","","","","","","","0","0","","","0","0","",
"CLEARED","CLR-LCH_EUR","Doc(s) Req'd","11-Aug-2026 at 01:25:12 PM EDT - MarkitWire -  ' PreAgreed - BetaCleared;MW Id: 42131784;CCP Id: 42131782_2_0 '|","N","N","1683","42131782_1","M.BANK/ABANK","S42131782_1","","Recv Fixed","42131782","11-Aug-2026 01:23:26 PM","0","USD","11-Aug-2026 01:25:12 PM","13-Feb-2027","907532480","USD","OIS","OIS","11-Aug-2026","TAUTO42131782_1","","New","","5","","","","","USD-SOFR-OIS Compound","M","11-Aug-2026","STP","","","","","","","","","","","","","",
"CLEARED","CLR-LCH_EUR","Doc(s) Req'd","11-Aug-2026 at 01:23:05 PM EDT - MarkitWire -  ' PreAgreed - BetaCleared;MW Id: 42131779;CCP Id: 42131775_2_0 '|11-Aug-2026 at 01:22:02 PM EDT - MarkitWire -  ' 42: BDDTest_rejecting '|11-Aug-2026 at 01:22:00 PM EDT - MarkitWire -  ' 42: BDDTest_rejecting '|","N","N","1683","42131775_1","Asset Mgr/ABANK","SBO42131770_1","","Pay","42131775","11-Aug-2026 01:21:34 PM","0","EUR","11-Aug-2026 01:23:05 PM","13-Aug-2027","986900280","EUR","BSWP","BSWP","11-Aug-2026","TAUTOBO_42131770_1","","New","","","","0","0","","EUR-EURIBOR","M","11-Aug-2026","STP","","","","","","","0","0","","","0","0","",
"CLEARED","CLR-LCH_EUR","Doc(s) Req'd","11-Aug-2026 at 01:21:07 PM EDT - MarkitWire -  ' PreAgreed - BetaCleared;MW Id: 42131772;CCP Id: 42131770_2_0 '|","N","N","1683","42131770_1","M.BANK/ABANK","S42131770_1","","Pay","42131770","11-Aug-2026 01:19:25 PM","0","EUR","11-Aug-2026 01:21:07 PM","13-Aug-2027","986900280","EUR","BSWP","BSWP","11-Aug-2026","TAUTO42131770_1","","New","","","","","","","EUR-EURIBOR","M","11-Aug-2026","STP","","","","","","","","","","","","","",
"CPTY ALLEGED","N/A","Doc(s) Req'd","","N","N","MWMF_FUND1","42131767_2","M.BANK","","Americas Master EQ IN OP","Buy","42131767","11-Aug-2026 01:20:02 PM","47254726800","USD","11-Aug-2026 01:20:11 PM","15-Sep-2026","0","USD","EQO","EQO","11-Aug-2026","A42131767_1_2_08112026_M","","Amend","A","","","0","0","",".SPXAV10P","","11-Aug-2026","STP","two-way","2","Qty 525052520","","","1","0","0","","","0","0","",
"CONFIRMED","N/A","Executed","","N","N","1683","42131767_1","M.BANK","S42131767_1","","Sell","42131767","11-Aug-2026 01:18:34 PM","47254726800","USD","11-Aug-2026 01:19:20 PM","15-Sep-2026","0","USD","EQO","EQO","11-Aug-2026","TAUTO42131767_1","","New","","","","0","0","",".SPXAV10P","M","11-Aug-2026","STP","","80","Qty 525052520","","C-MWIRE","1","0","0","","","0","0","",
"CLEARED","CLR-LCH_EUR","Doc(s) Req'd","11-Aug-2026 at 01:19:06 PM EDT - MarkitWire -  ' PreAgreed - BetaCleared;MW Id: 42131766;CCP Id: 42131762_2_0 '|11-Aug-2026 at 01:17:47 PM EDT - MarkitWire -  ' 42: BDDTest_rejecting '|11-Aug-2026 at 01:17:45 PM EDT - MarkitWire -  ' 42: BDDTest_rejecting '|","N","N","1683","42131762_1","Asset Mgr/ABANK","SBO42131757_1","","Recv Fixed","42131762","11-Aug-2026 01:17:19 PM","0","USD","11-Aug-2026 01:19:06 PM","13-Aug-2027","699991870","USD","IFS","IFS","11-Aug-2026","TAUTOBO_42131757_1","","New","","6","","0","0","","USA-CPI-U","M","11-Aug-2026","STP","","","","","","","0","0","","","0","0","",
"CLEARED","CLR-LCH_EUR","Doc(s) Req'd","11-Aug-2026 at 01:16:53 PM EDT - MarkitWire -  ' PreAgreed - BetaCleared;MW Id: 42131759;CCP Id: 42131757_2_0 '|","N","N","1683","42131757_1","M.BANK/ABANK","S42131757_1","","Recv Fixed","42131757","11-Aug-2026 01:15:15 PM","0","USD","11-Aug-2026 01:16:53 PM","13-Aug-2027","699991870","USD","IFS","IFS","11-Aug-2026","TAUTO42131757_1","","New","","6","","","","","USA-CPI-U","M","11-Aug-2026","STP","","","","","","","","","","","","","",
"CLEARED","CLR-LCH_EUR","Doc(s) Req'd","11-Aug-2026 at 01:14:55 PM EDT - MarkitWire -  ' PreAgreed - BetaCleared;MW Id: 42131754;CCP Id: 42131750_2_0 '|11-Aug-2026 at 01:13:53 PM EDT - MarkitWire -  ' 42: BDDTest_rejecting '|11-Aug-2026 at 01:13:51 PM EDT - MarkitWire -  ' 42: BDDTest_rejecting '|","N","N","1683","42131750_1","Asset Mgr/ABANK","SBO42131745_1","","Buy","42131750","11-Aug-2026 01:13:26 PM","0","EUR","11-Aug-2026 01:14:55 PM","13-Aug-2027","149489100","EUR","FRA","FRA","11-Aug-2026","TAUTOBO_42131745_1","","New","","1.234568","","0","0","","EUR-EURIBOR","M","11-Aug-2026","STP","","","","","","","0","0","","","0","0","",
"CLEARED","CLR-LCH_EUR","Doc(s) Req'd","11-Aug-2026 at 01:13:01 PM EDT - MarkitWire -  ' PreAgreed - BetaCleared;MW Id: 42131747;CCP Id: 42131745_2_0 '|","N","N","1683","42131745_1","M.BANK/ABANK","S42131745_1","","Buy","42131745","11-Aug-2026 01:11:18 PM","0","EUR","11-Aug-2026 01:13:01 PM","13-Aug-2027","149489100","EUR","FRA","FRA","11-Aug-2026","TAUTO42131745_1","","New","","1.234568","","","","","EUR-EURIBOR","M","11-Aug-2026","STP","","","","","","","","","","","","","",
"CLEARED","CLR-LCH_EUR","Doc(s) Req'd","11-Aug-2026 at 01:10:56 PM EDT - MarkitWire -  ' PreAgreed - BetaCleared;MW Id: 42131742;CCP Id: 42131738_2_0 '|11-Aug-2026 at 01:08:58 PM EDT - MarkitWire -  ' 42: BDDTest_rejecting '|11-Aug-2026 at 01:08:57 PM EDT - MarkitWire -  ' 42: BDDTest_rejecting '|","N","N","1683","42131738_1","Asset Mgr/ABANK","SBO42131733_1","","Pay Fixed","42131738","11-Aug-2026 01:08:31 PM","0","AUD","11-Aug-2026 01:10:56 PM","12-Aug-2041","603212770","AUD","IRS","IRSW","11-Aug-2026","TBO_42131733_1","","New","","5.2","","0","0","","AUD-BBSW","M","11-Aug-2026","STP","","","","","","","0","0","","","0","0","",
"CLEARED","CLR-LCH_EUR","Doc(s) Req'd","11-Aug-2026 at 01:08:05 PM EDT - MarkitWire -  ' PreAgreed - BetaCleared;MW Id: 42131735;CCP Id: 42131733_2_0 '|","N","N","1683","42131733_1","M.BANK/ABANK","S42131733_1","","Pay Fixed","42131733","11-Aug-2026 01:06:24 PM","0","AUD","11-Aug-2026 01:08:05 PM","12-Aug-2041","603212770","AUD","IRS","IRSW","11-Aug-2026","TAUTO42131733_1","","New","","5.2","","0","0","","AUD-BBSW","M","11-Aug-2026","STP","","","","","","","0","0","","","0","0","",
"CLEARED","CLR-LCH_EUR","Doc(s) Req'd","11-Aug-2026 at 01:06:05 PM EDT - MarkitWire -  ' PreAgreed - BetaCleared;MW Id: 42131730;CCP Id: 42131728_2_0 '|11-Aug-2026 at 01:05:42 PM EDT - vikram.singh@ihsmarkit.com -  ' Trade manually affirmed '|11-Aug-2026 at 01:05:19 PM EDT - System -  ' Disputed Field(s): Direction (Dealer : Recv Fixed). Status updated to Disputed '|","N","N","1683","42131728_1","Asset Mgr/ABANK","SBO42131723_1","","Recv Fixed","42131728","11-Aug-2026 01:05:14 PM","0","AUD","11-Aug-2026 01:06:05 PM","12-Aug-2041","131606830","AUD","IRS","IRSW","11-Aug-2026","TBO_42131723_1","","New","","5.2","","0","0","","AUD-BBSW","M","11-Aug-2026","STP","","","","","","","0","0","","","0","0","",
"CLEARED","CLR-LCH_EUR","Doc(s) Req'd","11-Aug-2026 at 01:04:48 PM EDT - MarkitWire -  ' PreAgreed - BetaCleared;MW Id: 42131725;CCP Id: 42131723_2_0 '|","N","N","1683","42131723_1","M.BANK/ABANK","S42131723_1","","Pay Fixed","42131723","11-Aug-2026 01:03:08 PM","0","AUD","11-Aug-2026 01:04:48 PM","12-Aug-2041","131606830","AUD","IRS","IRSW","11-Aug-2026","TAUTO42131723_1","","New","","5.2","","0","0","","AUD-BBSW","M","11-Aug-2026","STP","","","","","","","0","0","","","0","0","",
"CLEARED","CLR-LCH_EUR","Doc(s) Req'd","11-Aug-2026 at 01:02:47 PM EDT - MarkitWire -  ' PreAgreed - BetaCleared;MW Id: 42131720;CCP Id: 42131718_2_0 '|","N","N","1683","42131718_1","Asset Mgr/ABANK","SBO42131713_1","","Recv Fixed","42131718","11-Aug-2026 01:02:15 PM","0","USD","11-Aug-2026 01:02:47 PM","13-Aug-2027","788013240","USD","IFS","IFS","11-Aug-2026","TAUTOBO_42131713_1","","New","","6","","0","0","","USA-CPI-U","M","11-Aug-2026","STP","","","","","","","0","0","","","0","0","",
"CLEARED","CLR-LCH_EUR","Doc(s) Req'd","11-Aug-2026 at 01:01:46 PM EDT - MarkitWire -  ' PreAgreed - BetaCleared;MW Id: 42131715;CCP Id: 42131713_2_0 '|","N","N","1683","42131713_1","M.BANK/ABANK","S42131713_1","","Recv Fixed","42131713","11-Aug-2026 12:59:41 PM","0","USD","11-Aug-2026 01:01:46 PM","13-Aug-2027","788013240","USD","IFS","IFS","11-Aug-2026","TAUTO42131713_1","","New","","6","","","","","USA-CPI-U","M","11-Aug-2026","STP","","","","","","","","","","","","","",
"CLEARED","CLR-LCH_EUR","Doc(s) Req'd","11-Aug-2026 at 12:59:21 PM EDT - MarkitWire -  ' PreAgreed - BetaCleared;MW Id: 42131710;CCP Id: 42131708_2_0 '|","N","N","1683","42131708_1","Asset Mgr/ABANK","SBO42131703_1","","Buy","42131708","11-Aug-2026 12:58:49 PM","0","EUR","11-Aug-2026 12:59:21 PM","13-Aug-2027","365990830","EUR","FRA","FRA","11-Aug-2026","TAUTOBO_42131703_1","","New","","1.234568","","0","0","","EUR-EURIBOR","M","11-Aug-2026","STP","","","","","","","0","0","","","0","0","",
"CLEARED","CLR-LCH_EUR","Doc(s) Req'd","11-Aug-2026 at 12:58:23 PM EDT - MarkitWire -  ' PreAgreed - BetaCleared;MW Id: 42131705;CCP Id: 42131703_2_0 '|","N","N","1683","42131703_1","M.BANK/ABANK","S42131703_1","","Buy","42131703","11-Aug-2026 12:56:47 PM","0","EUR","11-Aug-2026 12:58:23 PM","13-Aug-2027","365990830","EUR","FRA","FRA","11-Aug-2026","TAUTO42131703_1","","New","","1.234568","","","","","EUR-EURIBOR","M","11-Aug-2026","STP","","","","","","","","","","","","","",
"CLEARED","CLR-LCH_EUR","Doc(s) Req'd","11-Aug-2026 at 12:56:27 PM EDT - MarkitWire -  ' PreAgreed - BetaCleared;MW Id: 42131700;CCP Id: 42131698_2_0 '|","N","N","1683","42131698_1","Asset Mgr/ABANK","SBO42131693_1","","Pay Fixed","42131698","11-Aug-2026 12:55:54 PM","0","AUD","11-Aug-2026 12:56:27 PM","12-Aug-2041","746204700","AUD","IRS","IRSW","11-Aug-2026","TBO_42131693_1","","New","","5.2","","0","0","","AUD-BBSW","M","11-Aug-2026","STP","","","","","","","0","0","","","0","0","",
"CLEARED","CLR-LCH_EUR","Doc(s) Req'd","11-Aug-2026 at 12:55:30 PM EDT - MarkitWire -  ' PreAgreed - BetaCleared;MW Id: 42131695;CCP Id: 42131693_2_0 '|","N","N","1683","42131693_1","M.BANK/ABANK","S42131693_1","","Pay Fixed","42131693","11-Aug-2026 12:53:47 PM","0","AUD","11-Aug-2026 12:55:30 PM","12-Aug-2041","746204700","AUD","IRS","IRSW","11-Aug-2026","TAUTO42131693_1","","New","","5.2","","0","0","","AUD-BBSW","M","11-Aug-2026","STP","","","","","","","0","0","","","0","0","",
"CLEARED","CLR-LCH_EUR","Doc(s) Req'd","11-Aug-2026 at 12:53:01 PM EDT - MarkitWire -  ' PreAgreed - BetaCleared;MW Id: 42131690;CCP Id: 42131688_2_0 '|","N","N","1683","42131688_1","Asset Mgr/ABANK","SBO42131683_1","","Pay","42131688","11-Aug-2026 12:52:30 PM","0","EUR","11-Aug-2026 12:53:01 PM","13-Aug-2027","595401280","EUR","BSWP","BSWP","11-Aug-2026","TAUTOBO_42131683_1","","New","","","","0","0","","EUR-EURIBOR","M","11-Aug-2026","STP","","","","","","","0","0","","","0","0","",
"CLEARED","CLR-LCH_EUR","Doc(s) Req'd","11-Aug-2026 at 12:52:05 PM EDT - MarkitWire -  ' PreAgreed - BetaCleared;MW Id: 42131685;CCP Id: 42131683_2_0 '|","N","N","1683","42131683_1","M.BANK/ABANK","S42131683_1","","Pay","42131683","11-Aug-2026 12:50:27 PM","0","EUR","11-Aug-2026 12:52:05 PM","13-Aug-2027","595401280","EUR","BSWP","BSWP","11-Aug-2026","TAUTO42131683_1","","New","","","","","","","EUR-EURIBOR","M","11-Aug-2026","STP","","","","","","","","","","","","","",
"CLEARED","CLR-LCH_EUR","Doc(s) Req'd","11-Aug-2026 at 12:50:10 PM EDT - MarkitWire -  ' PreAgreed - BetaCleared;MW Id: 42131680;CCP Id: 42131678_2_0 '|","N","N","1683","42131678_1","Asset Mgr/ABANK","SBO42131673_1","","Recv Fixed","42131678","11-Aug-2026 12:49:36 PM","0","USD","11-Aug-2026 12:50:10 PM","13-Feb-2027","839727310","USD","OIS","OIS","11-Aug-2026","TAUTOBO_42131673_1","","New","","5","","0","0","","USD-SOFR-OIS Compound","M","11-Aug-2026","STP","","","","","","","0","0","","","0","0","",
"CLEARED","CLR-LCH_EUR","Doc(s) Req'd","11-Aug-2026 at 12:48:36 PM EDT - MarkitWire -  ' PreAgreed - BetaCleared;MW Id: 42131675;CCP Id: 42131673_2_0 '|","N","N","1683","42131673_1","M.BANK/ABANK","S42131673_1","","Recv Fixed","42131673","11-Aug-2026 12:46:59 PM","0","USD","11-Aug-2026 12:48:36 PM","13-Feb-2027","839727310","USD","OIS","OIS","11-Aug-2026","TAUTO42131673_1","","New","","5","","","","","USD-SOFR-OIS Compound","M","11-Aug-2026","STP","","","","","","","","","","","","","",
"CLEARED","CLR-LCH_EUR","Doc(s) Req'd","11-Aug-2026 at 12:46:38 PM EDT - MarkitWire -  ' PreAgreed - BetaCleared;MW Id: 42131670;CCP Id: 42131668_2_0 '|","N","N","1683","42131668_1","Asset Mgr/ABANK","SBO42131663_1","","Pay Fixed","42131668","11-Aug-2026 12:46:06 PM","0","AUD","11-Aug-2026 12:46:38 PM","12-Aug-2041","355386350","AUD","IRS","IRSW","11-Aug-2026","TBO_42131663_1","","New","","5.2","","0","0","","AUD-BBSW","M","11-Aug-2026","STP","","","","","","","0","0","","","0","0","",
"CLEARED","CLR-LCH_EUR","Doc(s) Req'd","11-Aug-2026 at 12:45:40 PM EDT - MarkitWire -  ' PreAgreed - BetaCleared;MW Id: 42131665;CCP Id: 42131663_2_0 '|","N","N","1683","42131663_1","M.BANK/ABANK","S42131663_1","","Pay Fixed","42131663","11-Aug-2026 12:43:56 PM","0","AUD","11-Aug-2026 12:45:40 PM","12-Aug-2041","355386350","AUD","IRS","IRSW","11-Aug-2026","TAUTO42131663_1","","New","","5.2","","0","0","","AUD-BBSW","M","11-Aug-2026","STP","","","","","","","0","0","","","0","0","",
"CLEARED","CLR-LCH_EUR","Doc(s) Req'd","11-Aug-2026 at 12:43:07 PM EDT - MarkitWire -  ' PreAgreed - BetaCleared;MW Id: 42131660;CCP Id: 42131658_2_0 '|","N","N","1683","42131658_1","Asset Mgr/ABANK","SBO42131653_1","","Recv Fixed","42131658","11-Aug-2026 12:42:22 PM","0","USD","11-Aug-2026 12:43:07 PM","13-Aug-2027","287498620","USD","IFS","IFS","11-Aug-2026","TAUTOBO_42131653_1","","New","","6","","0","0","","USA-CPI-U","M","11-Aug-2026","STP","","","","","","","0","0","","","0","0","",
"CLEARED","CLR-LCH_EUR","Doc(s) Req'd","11-Aug-2026 at 12:41:53 PM EDT - MarkitWire -  ' PreAgreed - BetaCleared;MW Id: 42131655;CCP Id: 42131653_2_0 '|","N","N","1683","42131653_1","M.BANK/ABANK","S42131653_1","","Recv Fixed","42131653","11-Aug-2026 12:40:15 PM","0","USD","11-Aug-2026 12:41:53 PM","13-Aug-2027","287498620","USD","IFS","IFS","11-Aug-2026","TAUTO42131653_1","","New","","6","","","","","USA-CPI-U","M","11-Aug-2026","STP","","","","","","","","","","","","","",
"CLEARED","CLR-LCH_EUR","Doc(s) Req'd","11-Aug-2026 at 12:39:52 PM EDT - MarkitWire -  ' PreAgreed - BetaCleared;MW Id: 42131650;CCP Id: 42131648_2_0 '|","N","N","1683","42131648_1","M.BANK/ABANK","S42131648_1","","Pay Fixed","42131648","11-Aug-2026 12:38:09 PM","0","AUD","11-Aug-2026 12:39:52 PM","12-Aug-2041","590170310","AUD","IRS","IRSW","11-Aug-2026","TAUTO42131648_1","","New","","5.2","","0","0","","AUD-BBSW","M","11-Aug-2026","STP","","","","","","","0","0","","","0","0","",
"CLEARED","CLR-LCH_EUR","Doc(s) Req'd","11-Aug-2026 at 12:37:52 PM EDT - MarkitWire -  ' PreAgreed - BetaCleared;MW Id: 42131645;CCP Id: 42131641_2_0 '|","N","N","1683","42131641_3","M.BANK/ABANK","S42131641_1","","Pay Fixed","42131641","11-Aug-2026 12:36:08 PM","0","AUD","11-Aug-2026 12:37:52 PM","12-Aug-2041","420014080","AUD","IRS","IRSW","11-Aug-2026","TAUTO42131641_1_Amd","","Amend","A","5.2","","0","0","","AUD-BBSW","M","11-Aug-2026","STP","","","","","","","0","0","","","0","0","",
"CLEARED","CLR-LCH_EUR","Doc(s) Req'd","11-Aug-2026 at 12:36:04 PM EDT - MarkitWire -  ' 42: BDDTest_rejecting '|11-Aug-2026 at 12:36:02 PM EDT - MarkitWire -  ' 42: BDDTest_rejecting '|","N","N","1683","42131641_1","M.BANK/ABANK","S42131641_1","","Pay Fixed","42131641","11-Aug-2026 12:33:45 PM","0","AUD","11-Aug-2026 12:37:46 PM","12-Aug-2041","420014080","AUD","IRS","IRSW","11-Aug-2026","TAUTO42131641_1","","New","","5.2","","","","","AUD-BBSW","M","11-Aug-2026","STP","","","","","","","","","","","","","",
"CPTY ALLEGED","N/A","Doc(s) Req'd","","N","N","MWMF_FUND1","42131632_1","M.BANK","","European Master VOL SH","Sell","42131632","11-Aug-2026 10:52:25 AM","0","USD","11-Aug-2026 11:43:46 AM","","35000","USD","VOL","VOL","11-Aug-2026","","","New","","","","0","6000","","GOOGLUSD.S","","11-Aug-2026","STP","two-way","13","","","","0","0","","","0","0","",
"ALLOC UPLOAD","N/A","Doc(s) Req'd","","N","N","Block","42131423_1","M.BANK","S42131423_1","","Pay Fixed","42131423","11-Aug-2026 08:37:35 AM","0","CAD","11-Aug-2026 11:43:37 AM","11-Aug-2041","740932960","CAD","IRS","IRSW","11-Aug-2026","TAUTO42131423_1","","New","","5.2","","","","","CAD-CDOR","M","11-Aug-2026","","","","","","","","","","","","","","",
"CPTY ALLEGED","N/A","Doc(s) Req'd","","N","N","MWMF_FUND1","42131635_1","M.BANK","","Americas Master EQ IN OP","Buy","42131635","11-Aug-2026 10:57:33 AM","14552294600","USD","11-Aug-2026 11:42:50 AM","15-Sep-2026","0","USD","EQO","EQO","11-Aug-2026","","","New","","","","0","0","",".SPXAV10P","","11-Aug-2026","STP","two-way","10","Qty 727614730","","","1","0","0","","","0","0","",
"CPTY ALLEGED","N/A","Doc(s) Req'd","","N","N","MWMF_FUND1","42131640_1","M.BANK","","Digital Master EQ IN OP","Buy","42131640","11-Aug-2026 11:06:08 AM","1000","USD","11-Aug-2026 11:42:43 AM","27-Dec-2027","0","USD","EQO","EQO","11-Aug-2026","","","New","","","","0","0","",".SPXAV10P","","11-Aug-2026","STP","two-way","1","Qty 699","","","1","0","0","","","0","0","",
"CPTY ALLEGED","N/A","Doc(s) Req'd","","N","N","MWMF_FUND1","42131637_1","M.BANK","","Americas Master EQ IN OP","Buy","42131637","11-Aug-2026 11:00:57 AM","17980","USD","11-Aug-2026 11:42:10 AM","15-Sep-2026","0","USD","EQO","EQO","11-Aug-2026","","","New","","","","0","0","",".SPXAV10P","","11-Aug-2026","STP","two-way","10","Qty 899","","","1","0","0","","","0","0","",
"CPTY ALLEGED","N/A","Doc(s) Req'd","","N","N","MWMF_FUND1","42131634_1","M.BANK","","Spread Master EQ IN OP","Buy","42131634","11-Aug-2026 10:55:50 AM","1000","USD","11-Aug-2026 11:41:43 AM","15-Sep-2026","0","USD","EQO","EQO","11-Aug-2026","","","New","","","","0","0","",".SPXAV10P","","11-Aug-2026","STP","two-way","1","Qty 782938790","","","","0","0","","","0","0","",
"CPTY ALLEGED","N/A","Doc(s) Req'd","","N","N","MWMF_FUND1","42131636_1","M.BANK","","Digital Master EQ IN OP","Buy","42131636","11-Aug-2026 10:59:15 AM","1000","USD","11-Aug-2026 11:41:28 AM","27-Dec-2027","0","USD","EQO","EQO","11-Aug-2026","","","New","","","","0","0","",".SPXAV10P","","11-Aug-2026","STP","two-way","1","Qty 699","","","1","0","0","","","0","0","",
"CPTY ALLEGED","N/A","Doc(s) Req'd","","N","N","MWMF_FUND1","42131638_1","M.BANK","","Americas Master EQ SH OP","Buy","42131638","11-Aug-2026 11:02:40 AM","14384","USD","11-Aug-2026 11:41:22 AM","10-Aug-2028","0","USD","EQO","EQO","11-Aug-2026","","","New","","","","0","8000","","GOOG.OQ","","11-Aug-2026","STP","two-way","11","Qty 899","","","1","0","0","","","0","0","",
"CPTY ALLEGED","N/A","Doc(s) Req'd","","N","N","MWMF_FUND1","42131633_1","M.BANK","","EQ DECU","Sell","42131633","11-Aug-2026 10:54:07 AM","2000","USD","11-Aug-2026 11:41:06 AM","11-Aug-2027","0","USD","EQDEC","EQDEC","11-Aug-2026","","","New","","","","0","0","","DXCM.O","","11-Aug-2026","STP","two-way","","","","","","0","0","","","0","0","",
"CPTY ALLEGED","N/A","Doc(s) Req'd","","N","N","MWMF_FUND1","42131639_1","M.BANK","","Spread Master EQ IN OP","Buy","42131639","11-Aug-2026 11:04:23 AM","1000","USD","11-Aug-2026 11:40:56 AM","15-Sep-2026","0","USD","EQO","EQO","11-Aug-2026","","","New","","","","0","0","",".SPXAV10P","","11-Aug-2026","STP","two-way","1","Qty 712626340","","","","0","0","","","0","0","",
"CPTY ALLEGED","N/A","Doc(s) Req'd","","N","N","MWMF_FUND1","42131631_1","M.BANK","","Global Master EQ SH SW","Rec Equity,Pay Interest","42131631","11-Aug-2026 10:43:51 AM","0","AUD","11-Aug-2026 10:45:38 AM","15-Aug-2028","197400","AUD","EQS","EQS","11-Aug-2026","A42131630_1_2_08112026_U","","F.Term","","","","0","0","","QAN.AX","","11-Aug-2026","STP","two-way","","Qty 420","","","","0","0","","","0","0","",
"CONFIRMED","N/A","Executed","","N","N","1683","42131630_1","M.BANK","S42131630_1","","Pay Equity,Rec Interest","42131630","11-Aug-2026 10:43:51 AM","0","AUD","11-Aug-2026 10:44:36 AM","15-Aug-2028","197400","AUD","EQS","EQS","11-Aug-2026","TAUTO42131630_1","","New","","","","0","0","","QAN.AX","M","11-Aug-2026","STP","","","Qty 420","","C-MWIRE","","0","0","","","0","0","",
"CONFIRMED","N/A","Executed","","N","N","1683","42131629_2","M.BANK","S42131629_2","","Buy","42131629","11-Aug-2026 10:42:24 AM","2000","USD","11-Aug-2026 10:43:09 AM","11-Aug-2027","0","USD","EQACC","EQACC","11-Aug-2026","TAUTO42131629_2","","P.Term","","","","","","","GOOG.O","M","11-Aug-2026","STP","","","","","C-MWIRE","","","","","","","","",
"CONFIRMED","N/A","Executed","","N","N","1683","42131629_1","M.BANK","S42131629_1","","Buy","42131629","11-Aug-2026 10:40:50 AM","785423570","USD","11-Aug-2026 10:41:41 AM","11-Aug-2027","0","USD","EQACC","EQACC","11-Aug-2026","TAUTO42131629_1","","New","","","","","","","GOOG.O","M","11-Aug-2026","STP","","","","","C-MWIRE","","","","","","","","",
"CONFIRMED","N/A","Executed","11-Aug-2026 at 02:26:39 AM EDT - System -  ' Disputed Field(s): Strike Price/Initial Strike (w/ tolerance btwn 0.1 and 0.01) (Dealer : 10). Status updated to Disputed '|11-Aug-2026 at 02:26:39 AM EDT - MarkitWire -  ' 1683 :Deal is currently under review '|11-Aug-2026 at 02:05:52 AM EDT - System -  ' Disputed Field(s): Strike Price/Initial Strike (w/ tolerance btwn 0.1 and 0.01) (Dealer : 10). Status updated to Disputed '|","N","N","1683","42130689_2","M.BANK","S42130667_2","","Sell","42130689","11-Aug-2026 02:18:16 AM","25000","USD","11-Aug-2026 10:38:53 AM","15-Sep-2026","0","USD","EQO","EQO","11-Aug-2026","TAUTO42130667_2","","New","","","","","","",".SPXAV10P","M","11-Aug-2026","STP","","14","Qty 100","","C-MWIRE","1","","","","","","","",
"CPTY ALLEGED","IFC-LCH_EUR","Doc(s) Req'd","","N","N","MWMF_FUND1","42131628_1","M.BANK","","IRS AUD 15Y","Recv Fixed","42131628","11-Aug-2026 10:37:36 AM","0","AUD","11-Aug-2026 10:37:55 AM","12-Aug-2041","649708860","AUD","IRS","IRS","11-Aug-2026","","","New","","5.2","","0","0","","AUD-BBSW","","11-Aug-2026","STP","two-way","","","","","","0","0","","","0","0","",
"DISPUTED","N/A","Doc(s) Req'd","11-Aug-2026 at 10:35:01 AM EDT - System -  ' Disputed Field(s): Fee(w/ tolerance btwn 0.0 and 1.0) (Dealer : USD 3740), [ Allocations-->|1683:MWMF_FUND1:Fee (Dealer : USD 3740) ]. Status updated to Disputed '|","N","N","1683","42131607_1","M.BANK","S42131627_1","","Sell","42131607","11-Aug-2026 10:16:04 AM","1002","USD","11-Aug-2026 10:35:01 AM","27-Dec-2027","0","USD","EQO","EQO","11-Aug-2026","TAUTO42131627_1","","New","","","","","","",".SPXAV10P","M","11-Aug-2026","","","1","Qty 300","","","1","","","","","","","",
"CONFIRMED","N/A","Executed","11-Aug-2026 at 10:17:15 AM EDT - System -  ' Disputed Field(s): Fee(w/ tolerance btwn 0.0 and 1.0) (Dealer : USD 3740), [ Allocations-->|1683:MWMF_FUND1:Fee (Dealer : USD 3740) ]. Status updated to Disputed '|","N","N","1683","42131627_1","M.BANK","S42131607_1","","Sell","42131627","11-Aug-2026 10:33:57 AM","1002","USD","11-Aug-2026 10:34:19 AM","27-Dec-2027","0","USD","EQO","EQO","11-Aug-2026","TAUTO42131607_1","","New","","","","0","0","",".SPXAV10P","M","11-Aug-2026","STP","","5","Qty 300","","C-MWIRE","1","0","0","","","0","0","",
"CPTY ALLEGED","N/A","Doc(s) Req'd","","N","N","MWMF_FUND1","42131626_2","M.BANK","","Americas Master VOL IN","Sell","42131626","11-Aug-2026 10:33:56 AM","25","USD","11-Aug-2026 10:34:11 AM","","1234","USD","VOL","VOL","11-Aug-2026","A42131626_1_2_08112026_U","","P.Term","","","","0","0","",".SPX","","11-Aug-2026","STP","two-way","3.85","","","","0","0","","","0","0","",
"CONFIRMED","N/A","Executed","","N","N","1683","42131626_1","M.BANK","S42131626_1","","Buy","42131626","11-Aug-2026 10:32:20 AM","","USD","11-Aug-2026 10:33:03 AM","","801060170","USD","VOL","VOL","11-Aug-2026","TAUTO42131626_1","","New","","","","","5000","",".SPX","M","11-Aug-2026","STP","","3.85","","C-MWIRE","","","","","","","","",
"CONFIRMED","N/A","Executed","","N","N","1683","42131625_1","M.BANK","S42131625_1","","Sell","42131625","11-Aug-2026 10:29:44 AM","6002","USD","11-Aug-2026 10:30:52 AM","15-Sep-2026","0","USD","EQO","EQO","11-Aug-2026","TAUTO42131625_1","","New","","","","0","0","",".SPXAV10P","M","11-Aug-2026","STP","","10","Qty 300","","C-MWIRE","1","0","0","","","0","0","",
"CPTY ALLEGED","N/A","Doc(s) Req'd","","N","N","MWMF_FUND1","42131622_2","M.BANK","","Americas Master VAR IN","Buy","42131622","11-Aug-2026 10:25:21 AM","25","USD","11-Aug-2026 10:25:38 AM","27-Jan-2027","105.47","USD","EQVS","EQVS","11-Aug-2026","A42131622_1_2_08112026_U","","P.Term","","","","0","0","",".SPXNTR","","11-Aug-2026","STP","two-way","34.2225","","","","0","0","","","0","0","",
"CONFIRMED","N/A","Executed","","N","N","1683","42131622_1","M.BANK","S42131622_1","","Sell","42131622","11-Aug-2026 10:23:46 AM","0","USD","11-Aug-2026 10:24:33 AM","27-Jan-2027","24520629.91","USD","EQVS","EQVS","11-Aug-2026","TAUTO42131622_1","","New","","","","0","5000","",".SPXNTR","M","11-Aug-2026","STP","","34.2225","","C-MWIRE","","0","0","","","0","0","",
"CONFIRMED","N/A","Executed","","N","N","1683","42131616_1","M.BANK","S42131616_1","","Sell","42131616","11-Aug-2026 10:21:58 AM","18412776200","USD","11-Aug-2026 10:22:44 AM","15-Sep-2026","0","USD","EQO","EQO","11-Aug-2026","TAUTO42131616_1","","New","","","","0","0","",".SPXAV10P","M","11-Aug-2026","STP","","10","Qty 920638810","","C-MWIRE","1","0","0","","","0","0","",
"CONFIRMED","N/A","Executed","11-Aug-2026 at 10:16:50 AM EDT - MarkitWire -  ' BROKER1 initiated novation request to TEST1 (Incoming) and MWBA\Jessie Liu2 MWBA (Remaining). Waiting for response... '|","N","N","MWMF_FUND1","42131605_2","M.BANK","","Swaption USD RFR 1y into 1y","Pay Fixed","jl_08112026","11-Aug-2026 10:14:39 AM","0","USD","11-Aug-2026 10:19:56 AM","22-Jul-2028","281835790","USD","SWO","SWO","11-Aug-2026","jl_swo_2300_direct3_new_08112026_A","","Asgm","","4","","0","0","","USD-SOFR-OIS Compound","M","11-Aug-2026","STP","","","","","C-MWIRE","","0","0","","","0","0","",
"CONFIRMED","N/A","Executed","","N","N","1683","42131606_1","M.BANK","S42131606_1","","Sell","42131606","11-Aug-2026 10:15:05 AM","13584134000","USD","11-Aug-2026 10:15:54 AM","15-Sep-2026","0","USD","EQO","EQO","11-Aug-2026","TAUTO42131606_1","","New","","","","0","0","",".SPXAV10P","M","11-Aug-2026","STP","","10","Qty 679206700","","C-MWIRE","1","0","0","","","0","0","",
"DISPUTED","N/A","Doc(s) Req'd","11-Aug-2026 at 10:04:01 AM EDT - System -  ' Disputed Field(s): Fee(w/ tolerance btwn 0.0 and 1.0) (Dealer : USD 6320), [ Allocations-->|1683:MWMF_FUND1:Fee (Dealer : USD 6320) ]. Status updated to Disputed '|","N","N","1683","42131587_1","M.BANK","S42131587_1","","Sell","42131587","11-Aug-2026 10:02:40 AM","1002","USD","11-Aug-2026 10:04:02 AM","27-Dec-2027","0","USD","EQO","EQO","11-Aug-2026","TAUTO42131587_1","","New","","","","","","",".SPXAV10P","M","11-Aug-2026","","","50","Qty 300","","","1","","","","","","","",
"CONFIRMED","N/A","Executed","11-Aug-2026 at 09:58:21 AM EDT - MarkitWire -  ' Deal has been accepted '|11-Aug-2026 at 09:51:07 AM EDT - MarkitWire -  ' BROKER1 initiated novation request to TEST1 (Incoming) and MWBA\Jessie Liu2 MWBA (Remaining). Waiting for response... '|","N","N","MWMF_FUND1","42131560_2","M.BANK","","Swaption USD RFR 1y into 1y","Pay Fixed","jl_swo_2300_direct2_nov","11-Aug-2026 09:46:13 AM","0","USD","11-Aug-2026 10:03:45 AM","22-Jul-2028","281835790","USD","SWO","SWO","11-Aug-2026","jl_swo_2300_direct2_08112026_A","","Asgm","","4","","0","0","","USD-SOFR-OIS Compound","M","11-Aug-2026","STP","","","","","C-MWIRE","","0","0","","","0","0","",
"ALLEGED","N/A","Doc(s) Req'd","","N","N","1683","","M.BANK","S42131561_1","","Sell","","","587486","USD","11-Aug-2026 09:49:36 AM","10-Aug-2028","10000000","USD","EQO","EQO","11-Aug-2026","TAUTO42131561_1","","New","","","","","8000","","GOOG.OQ","M","11-Aug-2026","","","11","Qty 34558","","","","","","","","","","",
"CPTY ALLEGED","N/A","Doc(s) Req'd","","N","N","MWMF_FUND1","42131561_1","M.BANK","","Americas Master EQ SH OP","Buy","42131561","11-Aug-2026 09:48:50 AM","587486","USD","11-Aug-2026 09:49:02 AM","10-Aug-2028","0","USD","EQO","EQO","11-Aug-2026","","","New","","","","0","8000","","GOOG.OQ","","11-Aug-2026","STP","two-way","11","Qty 34558","","","1","0","0","","","0","0","",
"CPTY ALLEGED","N/A","Doc(s) Req'd","","N","N","MWMF_FUND1","42131559_1","M.BANK","","Global Master EQ SH SW","Pay Equity,Rec Interest","42131559","11-Aug-2026 09:44:56 AM","0","USD","11-Aug-2026 09:46:12 AM","15-Aug-2028","704516385600","USD","EQS","EQS","11-Aug-2026","A42131558_1_2_08112026_M","","Amend","A","","","0","7860","","QAN.AX","","11-Aug-2026","STP","two-way","","Qty 720","","","","0","0","","","0","0","",
"CONFIRMED","N/A","Executed","","N","N","1683","42131558_1","M.BANK","S42131558_1","","Rec Equity,Pay Interest","42131558","11-Aug-2026 09:44:56 AM","0","USD","11-Aug-2026 09:45:44 AM","15-Aug-2028","704516385600","USD","EQS","EQS","11-Aug-2026","TAUTO42131558_1","","New","","","","0","7860","","QAN.AX","M","11-Aug-2026","STP","","","Qty 720","","C-MWIRE","","0","0","","","0","0","",
"CONFIRMED","N/A","Executed","","N","N","1683","42131549_1","M.BANK","S42131549_1","","Sell","42131549","11-Aug-2026 09:42:04 AM","16031870600","USD","11-Aug-2026 09:42:48 AM","15-Sep-2026","0","USD","EQO","EQO","11-Aug-2026","TAUTO42131549_1","","New","","","","0","0","",".SPXAV10P","M","11-Aug-2026","STP","","10","Qty 801593530","","C-MWIRE","1","0","0","","","0","0","",
"CPTY ALLEGED","N/A","Doc(s) Req'd","","N","N","MWMF_FUND1","42131546_2","M.BANK","","OIS USD 1y","Pay Fixed","42131546","11-Aug-2026 09:38:30 AM","0","USD","11-Aug-2026 09:38:33 AM","13-Aug-2027","109688830","USD","OIS","IRS","11-Aug-2026","A42131546_1_2_08112026_E","","F.Exer","","5.2","","0","0","","USD-SOFR-OIS Compound","","11-Aug-2026","STP","two-way","","","","","","0","0","","","0","0","",
"CONFIRMED","N/A","Executed","","N","N","1683","42131546_1","M.BANK","S42131546_1","","Recv Fixed","42131546","11-Aug-2026 09:37:36 AM","0","USD","11-Aug-2026 09:38:19 AM","13-Aug-2027","109688830","USD","OIS","OIS","11-Aug-2026","TAUTO42131546_1","","New","","5.2","","","","","USD-SOFR-OIS Compound","M","11-Aug-2026","STP","","","","","C-MWIRE","","","","","","","","",
"CPTY ALLEGED","N/A","Doc(s) Req'd","","N","N","MWMF_FUND1","42131545_2","M.BANK","","Americas Master VAR IN","Buy","42131545","11-Aug-2026 09:38:06 AM","0","USD","11-Aug-2026 09:38:14 AM","27-Jan-2027","17761017.77","USD","EQVS","EQVS","11-Aug-2026","A42131545_1_2_08112026_M","","Amend","A","","","0","5000","",".SPXNTR","","11-Aug-2026","STP","two-way","97.0225","","","","0","0","","","0","0","",
"CONFIRMED","N/A","Executed","","N","N","1683","42131545_1","M.BANK","S42131545_1","","Sell","42131545","11-Aug-2026 09:37:06 AM","0","USD","11-Aug-2026 09:37:48 AM","27-Jan-2027","29905303.42","USD","EQVS","EQVS","11-Aug-2026","TAUTO42131545_1","","New","","","","0","5000","",".SPXNTR","M","11-Aug-2026","STP","","34.2225","","C-MWIRE","","0","0","","","0","0","",
"CONFIRMED","N/A","Executed","","N","N","1683","42131544_1","M.BANK","S42131544_1","","Sell","42131544","11-Aug-2026 09:35:14 AM","1000","USD","11-Aug-2026 09:35:58 AM","15-Sep-2026","0","USD","EQO","EQO","11-Aug-2026","TAUTO42131544_1","","New","","","","0","0","",".SPXAV10P","M","11-Aug-2026","STP","","1","Qty 773342890","","C-MWIRE","","0","0","","","0","0","",
"CPTY ALLEGED","N/A","Doc(s) Req'd","","N","N","MWMF_FUND1","42131528_2","M.BANK","","Swaption CAD RFR 4y into 11y","Pay Fixed","42131524","11-Aug-2026 09:30:44 AM","600","CAD","11-Aug-2026 09:31:29 AM","13-Aug-2041","120743778","CAD","SWO","SWO","11-Aug-2026","A42131524_1_2_08112026_M","","Amend","A","4","","0","0","","CAD-CORRA-OIS Compound","","11-Aug-2026","STP","two-way","","","","","","0","0","","","0","0","",
"CPTY ALLEGED","N/A","Doc(s) Req'd","","N","N","MWMF_FUND1","42131526_2","M.BANK","","EQ ACCU","Sell","42131526","11-Aug-2026 09:30:13 AM","125297150","USD","11-Aug-2026 09:31:10 AM","11-Aug-2027","0","USD","EQACC","EQACC","11-Aug-2026","A42131526_1_2_08112026_M","","Amend","A","","","0","0","","GOOG.O","","11-Aug-2026","STP","two-way","","","","","","0","0","","","0","0","",
"CONFIRMED","N/A","Executed","11-Aug-2026 at 09:29:11 AM EDT - MarkitWire -  ' Allocations have been uploaded. Please affirm '|","N","N","Block","42131524_1","M.BANK","S42131524_1","","Recv Fixed","42131524","11-Aug-2026 09:29:40 AM","1000","CAD","11-Aug-2026 09:30:35 AM","13-Aug-2041","201239630","CAD","SWO","SWO","11-Aug-2026","TAUTO42131524_1","","New","","4","","","","","CAD-CORRA-OIS Compound","M","11-Aug-2026","STP","","","","","C-MWIRE","","","","","","","","",
"CONFIRMED","N/A","Executed","","N","N","1683","42131526_1","M.BANK","S42131526_1","","Buy","42131526","11-Aug-2026 09:28:54 AM","125297150","USD","11-Aug-2026 09:29:40 AM","11-Aug-2027","0","USD","EQACC","EQACC","11-Aug-2026","TAUTO42131526_1","","New","","","","","","","GOOG.O","M","11-Aug-2026","STP","","","","","C-MWIRE","","","","","","","","",
"ALLEGED","N/A","Doc(s) Req'd","","N","N","1683","","M.BANK","S42131525_1","","Sell","","","5000","USD","11-Aug-2026 09:29:07 AM","23-Dec-2027","655358830.5","USD","EQO","EQO","11-Aug-2026","TAUTO42131525_1","","New","","","","","","",".SPX","M","11-Aug-2026","","","12","Qty 0","","","1","","","","","","","",
"CPTY ALLEGED","N/A","Doc(s) Req'd","","N","N","MWMF_FUND1","42131525_1","M.BANK","","Cliquet Master EQ IN OP","Buy","42131525","11-Aug-2026 09:28:28 AM","5000","USD","11-Aug-2026 09:28:35 AM","23-Dec-2027","655358830","USD","EQO","EQO","11-Aug-2026","","","New","","","","0","0","",".SPX","","11-Aug-2026","STP","two-way","12","Qty 0","","","1","0","0","","","0","0","",
"DISPUTED","N/A","Doc(s) Req'd","11-Aug-2026 at 09:25:40 AM EDT - System -  ' Disputed Field(s): Number of Options (w/ tolerance btwn 0.0 and 0.001) (Dealer : 899), [ Allocations-->|1683:MWMF_FUND1:Number of Shares/Options (Dealer : 899) ]. Status updated to Disputed '|","N","N","1683","42131490_2","M.BANK","S42131490_2","","Sell","42131490","11-Aug-2026 09:14:40 AM","1204660","USD","11-Aug-2026 09:25:40 AM","15-Oct-2026","0","USD","EQO","EQO","11-Aug-2026","TAUTO42131490_2","","F.Term","","","","","","",".SPXAV10P","M","11-Aug-2026","","","8","Qty 900","","","1","","","","","","","",
"ALLEGED","N/A","Doc(s) Req'd","","N","N","1683","","M.BANK","S42131514_1","","Sell","","","1162","USD","11-Aug-2026 09:22:25 AM","15-Sep-2026","0","USD","EQO","EQO","11-Aug-2026","TAUTO42131514_1","","New","","","","","","",".SPXAV10P","M","11-Aug-2026","","","10","Qty 58.33","","","1","","","","","","","",
"CPTY ALLEGED","N/A","Doc(s) Req'd","","N","N","MWMF_FUND1","42131508_2","M.BANK","","Americas Master EQ IN OP","Buy","42131508","11-Aug-2026 09:22:03 AM","7054299800","USD","11-Aug-2026 09:22:19 AM","15-Sep-2026","0","USD","EQO","EQO","11-Aug-2026","A42131508_1_2_08112026_M","","Amend","A","","","0","0","",".SPXAV10P","","11-Aug-2026","STP","two-way","2","Qty 352714990","","","1","0","0","","","0","0","",
"CPTY ALLEGED","N/A","Doc(s) Req'd","","N","N","MWMF_FUND1","42131514_1","M.BANK","","Americas Master EQ IN OP","Buy","42131514","11-Aug-2026 09:21:42 AM","1162","USD","11-Aug-2026 09:22:09 AM","15-Sep-2026","0","USD","EQO","EQO","11-Aug-2026","","","New","","","","0","0","",".SPXAV10P","","11-Aug-2026","STP","two-way","10","Qty 58.1","","","1","0","0","","","0","0","",
"CPTY ALLEGED","N/A","Doc(s) Req'd","","N","N","MWMF_FUND1","42131510_3","M.BANK","","IRS CAD 1Y","Recv Fixed","42131507","11-Aug-2026 09:21:31 AM","600","CAD","11-Aug-2026 09:22:06 AM","11-Aug-2027","281080854","CAD","IRS","IRS","11-Aug-2026","A42131507_1_2_08112026_M","","Amend","A","6.2","","0","5621617.08","","CAD-CDOR","","11-Aug-2026","STP","two-way","","","","","","0","0","","","0","0","LCHSGB2L",
"CONFIRMED","N/A","Executed","11-Aug-2026 at 09:21:50 AM EDT - MarkitWire -  ' SettlementAgencyAccepted '|11-Aug-2026 at 09:21:47 AM EDT - MarkitWire -  ' SettlementAgencyAccepted '|11-Aug-2026 at 09:21:19 AM EDT - MarkitWire -  ' SettlementAgencySent '|","N","N","Block","42131507_1","M.BANK","S42131507_1","","Pay Fixed","42131507","11-Aug-2026 09:20:42 AM","1000","CAD","11-Aug-2026 09:21:50 AM","11-Aug-2027","468468090","CAD","IRS","IRSW","11-Aug-2026","TAUTO42131507_1","","New","","8.2","","0","9369361.8","","CAD-CDOR","M","11-Aug-2026","STP","","","","","C-MWIRE","","0","0","","","0","0","LCHSGB2L",
"CONFIRMED","N/A","Executed","","N","N","1683","42131508_1","M.BANK","S42131508_1","","Sell","42131508","11-Aug-2026 09:20:16 AM","7054299800","USD","11-Aug-2026 09:21:44 AM","15-Sep-2026","0","USD","EQO","EQO","11-Aug-2026","TAUTO42131508_1","","New","","","","0","0","",".SPXAV10P","M","11-Aug-2026","STP","","10","Qty 352714990","","C-MWIRE","1","0","0","","","0","0","",
"CONFIRMED","N/A","Executed","","N","N","1683","42131505_2","M.BANK","S42131505_2","","Recv Fixed","42131502","11-Aug-2026 09:18:37 AM","600","USD","11-Aug-2026 09:19:16 AM","13-Aug-2027","328975686","USD","IFS","IFS","11-Aug-2026","TAUTO42131505_2","","Amend","A","6.2","","","6579513.72","2","USA-CPI-U","M","11-Aug-2026","STP","","","","","C-MWIRE","","","","","","","","",
"CONFIRMED","N/A","Executed","11-Aug-2026 at 09:17:36 AM EDT - MarkitWire -  ' Allocations have been uploaded. Please affirm '|","N","N","Block","42131502_1","M.BANK","S42131502_1","","Recv Fixed","42131502","11-Aug-2026 09:18:03 AM","1000","USD","11-Aug-2026 09:18:27 AM","13-Aug-2027","548292810","USD","IFS","IFS","11-Aug-2026","TAUTO42131502_1","","New","","6","","","10965856.2","2","USA-CPI-U","M","11-Aug-2026","STP","","","","","C-MWIRE","","","","","","","","",
"ALLEGED","N/A","Doc(s) Req'd","","N","N","1683","","M.BANK","S42131499_1","","Sell","","","1000","USD","11-Aug-2026 09:15:39 AM","27-Dec-2027","0","USD","EQO","EQO","11-Aug-2026","TAUTO42131499_1","","New","","","","","","",".SPXAV10P","M","11-Aug-2026","","","1","Qty 58.32","","","1","","","","","","","",
"CPTY ALLEGED","N/A","Doc(s) Req'd","","N","N","MWMF_FUND1","42131499_1","M.BANK","","Digital Master EQ IN OP","Buy","42131499","11-Aug-2026 09:14:56 AM","1000","USD","11-Aug-2026 09:15:02 AM","27-Dec-2027","0","USD","EQO","EQO","11-Aug-2026","","","New","","","","0","0","",".SPXAV10P","","11-Aug-2026","STP","two-way","1","Qty 58.1","","","1","0","0","","","0","0","",
"CONFIRMED","N/A","Executed","","N","N","1683","42131490_1","M.BANK","S42131490_1","","Sell","42131490","11-Aug-2026 09:12:27 AM","23374","USD","11-Aug-2026 09:13:40 AM","15-Oct-2026","0","USD","EQO","EQO","11-Aug-2026","TAUTO42131490_1","","New","","","","0","0","",".SPXAV10P","M","11-Aug-2026","STP","","8","Qty 899","","C-MWIRE","1","0","0","","","0","0","",
"CPTY ALLEGED","N/A","Doc(s) Req'd","","N","N","MWMF_FUND1","42131485_2","M.BANK","","ZC Inflation Swap USD 10Y","Pay Fixed","42131484","11-Aug-2026 09:10:07 AM","600","USD","11-Aug-2026 09:10:44 AM","13-Aug-2036","551989734","USD","IFS","IFS","11-Aug-2026","A42131484_1_2_08112026_M","","Amend","A","6.2","","0","11039794.68","2","USA-CPI-U","","11-Aug-2026","STP","two-way","","","","","","0","0","","","0","0","",
"CONFIRMED","N/A","Executed","11-Aug-2026 at 09:09:15 AM EDT - MarkitWire -  ' Allocations have been uploaded. Please affirm '|","N","N","Block","42131484_1","M.BANK","S42131484_1","","Recv Fixed","42131484","11-Aug-2026 09:09:38 AM","1000","USD","11-Aug-2026 09:09:55 AM","13-Aug-2036","919982890","USD","IFS","IFS","11-Aug-2026","TAUTO42131484_1","","New","","6","","","18399657.8","2","USA-CPI-U","M","11-Aug-2026","STP","","","","","C-MWIRE","","","","","","","","",
"ALLEGED","N/A","Doc(s) Req'd","","N","N","1683","","M.BANK","S42131483_1","","Sell","","","587486","USD","11-Aug-2026 09:08:51 AM","10-Aug-2028","0","USD","EQO","EQO","11-Aug-2026","TAUTO42131483_1","","New","","","","","8000","","GOOG.OQ","M","11-Aug-2026","","","9.5","Qty 34558","","","","","","","","","","",
"ALLEGED","N/A","Doc(s) Req'd","","N","N","1683","","M.BANK","S42131481_2","","Sell","","","1204660","USD","11-Aug-2026 09:08:19 AM","15-Sep-2026","0","USD","EQO","EQO","11-Aug-2026","TAUTO42131481_2","","F.Term","","","","","","",".SPXAV10P","M","11-Aug-2026","","","10","Qty 900","","","1","","","","","","","",
"CPTY ALLEGED","N/A","Doc(s) Req'd","","N","N","MWMF_FUND1","42131483_1","M.BANK","","Americas Master EQ SH OP","Buy","42131483","11-Aug-2026 09:08:09 AM","587486","USD","11-Aug-2026 09:08:17 AM","10-Aug-2028","0","USD","EQO","EQO","11-Aug-2026","","","New","","","","0","8000","","GOOG.OQ","","11-Aug-2026","STP","two-way","11","Qty 34558","","","1","0","0","","","0","0","",
"CPTY ALLEGED","N/A","Doc(s) Req'd","","N","N","MWMF_FUND1","42131481_2","M.BANK","","Americas Master EQ IN OP","Buy","42131481","11-Aug-2026 09:07:29 AM","1204660","USD","11-Aug-2026 09:07:48 AM","15-Sep-2026","0","USD","EQO","EQO","11-Aug-2026","A42131481_1_2_08112026_U","","F.Term","","","","0","0","",".SPXAV10P","M","11-Aug-2026","STP","two-way","10","Qty 899","","","1","0","0","","","0","0","",
"CONFIRMED","N/A","Executed","","N","N","1683","42131481_1","M.BANK","S42131481_1","","Sell","42131481","11-Aug-2026 09:05:19 AM","17980","USD","11-Aug-2026 09:06:35 AM","15-Sep-2026","0","USD","EQO","EQO","11-Aug-2026","TAUTO42131481_1","","New","","","","0","0","",".SPXAV10P","M","11-Aug-2026","STP","","10","Qty 899","","C-MWIRE","1","0","0","","","0","0","",
"DISPUTED","N/A","Doc(s) Req'd","11-Aug-2026 at 09:04:42 AM EDT - System -  ' Disputed Field(s): MarkitWire Defaults modified by the dealer on following fields(Break 1st Date Tenor, Break Frequency). Status updated to Disputed '|","N","N","Block","42131467_1","M.BANK","S42131467_1","","Recv","42131467","11-Aug-2026 09:01:40 AM","","AUD","11-Aug-2026 09:04:44 AM","13-Aug-2036","204850390","AUD","CCBSWP","CCBSWP","11-Aug-2026","TAUTO42131467_1","","New","","","","","4896216.3","","USD-SOFR-OIS Compound","M","11-Aug-2026","","","","","","","","","","","","","","",
"CONFIRMED","N/A","Executed","","N","N","1683","42131464_1","M.BANK","S42131464_1","","Recv Fixed","42131464","11-Aug-2026 08:59:46 AM","","EUR","11-Aug-2026 09:02:13 AM","13-Aug-2027","888187390","EUR","FIXED","FIXED","11-Aug-2026","TAUTO42131464_1","","New","","5.2","8","","1000","","","M","11-Aug-2026","STP","","","","","C-MWIRE","","","","","","","","",
"CONFIRMED","N/A","Executed","","N","N","1683","42131462_2","M.BANK","S42131462_2","","Buy","42131462","11-Aug-2026 08:59:28 AM","509202460","USD","11-Aug-2026 09:01:18 AM","11-Aug-2027","0","USD","EQACC","EQACC","11-Aug-2026","TAUTO42131462_2","","Amend","A","","","","","","GOOG.O","M","11-Aug-2026","STP","","","","","C-MWIRE","","","","","","","","",
"CONFIRMED","N/A","Executed","","N","N","1683","42131462_1","M.BANK","S42131462_1","","Buy","42131462","11-Aug-2026 08:57:05 AM","509202460","USD","11-Aug-2026 08:58:18 AM","11-Aug-2027","0","USD","EQACC","EQACC","11-Aug-2026","TAUTO42131462_1","","New","","","","","","","GOOG.O","M","11-Aug-2026","STP","","","","","C-MWIRE","","","","","","","","",
"DISPUTED","N/A","Doc(s) Req'd","11-Aug-2026 at 08:55:30 AM EDT - System -  ' Disputed Field(s): Leg2 Term Date Adj (Dealer : MODFOLLOWING),Leg1 Term Date Adj (Dealer : MODFOLLOWING),Leg2 Term Date Business Days (Dealer : USNY,EUTA),Leg1 Pay Relative To (Dealer : CalculationPeriodEndDate),Leg1 Term Date Business Days (De(...) '|","N","N","Block","42131456_1","M.BANK","S42131456_1","","Recv","42131456","11-Aug-2026 08:54:50 AM","1000","USD","11-Aug-2026 08:55:31 AM","13-Aug-2027","379106100","USD","CCIRS","CCIRS","11-Aug-2026","TAUTO42131456_1","","New","","4.2","","","7582122","","EUR-EuroSTR-OIS Compound","M","11-Aug-2026","","","","","","","","","","","","","","LCHSGB2L",
"CONFIRMED","N/A","Executed","11-Aug-2026 at 08:54:47 AM EDT - MarkitWire -  ' SettlementAgencyAccepted '|11-Aug-2026 at 08:54:45 AM EDT - MarkitWire -  ' SettlementAgencySent '|11-Aug-2026 at 08:48:21 AM EDT - MarkitWire -  ' SettlementAgencyAccepted '|","N","N","Block","42131430_1","M.BANK","S42131430_1","","Recv Fixed","42131430","11-Aug-2026 08:47:19 AM","1000","USD","11-Aug-2026 08:54:47 AM","13-Aug-2027","296826570","AUD","FIXED","FIXED","11-Aug-2026","TAUTO42131430_1","","New","","5.2","8","","1000","0","","M","11-Aug-2026","STP","","","","","C-MWIRE","","","","","","","","LCHSGB2L",
"CONFIRMED","N/A","Executed","","N","N","1683","42131439_3","M.BANK","S42131439_3","","Recv Fixed","42131430","11-Aug-2026 08:48:06 AM","600","USD","11-Aug-2026 08:54:30 AM","13-Aug-2027","178095942","AUD","FIXED","FIXED","11-Aug-2026","TAUTO42131439_3","","Amend","A","6.2","8","","600","0","","M","11-Aug-2026","STP","","","","","C-MWIRE","","","","","","","","LCHSGB2L",
"ALLEGED","N/A","Doc(s) Req'd","","N","N","1683","","M.BANK","S42131441_2","","Sell","","","","USD","11-Aug-2026 08:50:03 AM","27-Dec-2027","0","USD","EQO","EQO","11-Aug-2026","TAUTO42131441_2","","New","","","","","","",".SPXAV10P","M","11-Aug-2026","","","1","Qty 79.0007","","","1","","","","","","","",
"CPTY ALLEGED","N/A","Doc(s) Req'd","","N","N","MWMF_FUND1","42131441_2","M.BANK","","Digital Master EQ IN OP","Buy","42131441","11-Aug-2026 08:49:20 AM","0","USD","11-Aug-2026 08:49:31 AM","27-Dec-2027","0","USD","EQO","EQO","11-Aug-2026","A42131441_1_2_08112026_N","","New","","","","0","0","",".SPXAV10P","","11-Aug-2026","STP","two-way","1","Qty 79","","","1","0","0","","","0","0","",
"CONFIRMED","N/A","Executed","","N","N","1683","42131441_1","M.BANK","S42131441_1","","Sell","42131441","11-Aug-2026 08:47:43 AM","1068.38","USD","11-Aug-2026 08:48:57 AM","27-Dec-2027","0","USD","EQO","EQO","11-Aug-2026","TAUTO42131441_1","","New","","","","0","0","",".SPXAV10P","M","11-Aug-2026","STP","","1","Qty 534187980","","C-MWIRE","1","0","0","","","0","0","",
"CONFIRMED","N/A","Executed","","N","N","1683","42131425_1","M.BANK","S42131425_1","","Pay Fixed","42131425","11-Aug-2026 08:41:14 AM","1000","CAD","11-Aug-2026 08:41:59 AM","11-Aug-2027","944850190","CAD","IRS","IRSW","11-Aug-2026","TAUTO42131425_1","","New","","8.2","","0","18897003.8","","CAD-CDOR","M","11-Aug-2026","STP","","","","","C-MWIRE","","0","0","","","0","0","",
"ALLEGED","N/A","Doc(s) Req'd","","N","N","1683","","M.BANK","S42131424_1","","Sell","","","5000","USD","11-Aug-2026 08:41:12 AM","23-Dec-2027","183826870.5","USD","EQO","EQO","11-Aug-2026","TAUTO42131424_1","","New","","","","","","",".SPX","M","11-Aug-2026","","","12","Qty 0","","","1","","","","","","","",
"CPTY ALLEGED","N/A","Doc(s) Req'd","","N","N","MWMF_FUND1","42131424_1","M.BANK","","Cliquet Master EQ IN OP","Buy","42131424","11-Aug-2026 08:40:07 AM","5000","USD","11-Aug-2026 08:40:28 AM","23-Dec-2027","183826870","USD","EQO","EQO","11-Aug-2026","","","New","","","","0","0","",".SPX","","11-Aug-2026","STP","two-way","12","Qty 0","","","1","0","0","","","0","0","",
"CPTY ALLEGED","N/A","Doc(s) Req'd","11-Aug-2026 at 08:37:18 AM EDT - MarkitWire -  ' MarkitWire Template Changed for fields : Final Exchange Currency 1, Final Exchange Currency 2, Final Exchange Date, Initial Exchange, Initial Exchange Currency 1, Initial Exchange Currency 2, Initial Exchange Date '|","N","N","MWMF_FUND1","42131422_3","M.BANK","","Fixed Fixed Swap USD v USD 1Y","Pay Fixed","42131413","11-Aug-2026 08:36:56 AM","0","USD","11-Aug-2026 08:37:25 AM","13-Aug-2027","212095488","USD","FIXED","FIXED","11-Aug-2026","A42131413_1_2_08112026_M","","Amend","A","6.2","9","0","4241909.76","2","","","11-Aug-2026","STP","two-way","","","","","","0","0","","","0","0","LCHSGB2L",
"CONFIRMED","N/A","Executed","11-Aug-2026 at 08:37:13 AM EDT - MarkitWire -  ' SettlementAgencyAccepted '|11-Aug-2026 at 08:37:12 AM EDT - MarkitWire -  ' SettlementAgencyAccepted '|11-Aug-2026 at 08:36:44 AM EDT - MarkitWire -  ' SettlementAgencySent '|","N","N","Block","42131413_1","M.BANK","S42131413_1","","Recv Fixed","42131413","11-Aug-2026 08:36:10 AM","","USD","11-Aug-2026 08:37:13 AM","13-Aug-2027","353492480","USD","FIXED","FIXED","11-Aug-2026","TAUTO42131413_1","","New","","3","9","","7069849.6","2","","M","11-Aug-2026","STP","","","","","C-MWIRE","","","","","","","","LCHSGB2L",
"CONFIRMED","N/A","Executed","","N","N","1683","42131410_1","M.BANK","S42131410_1","","Pay Fixed","42131410","11-Aug-2026 08:33:44 AM","1000","CAD","11-Aug-2026 08:34:30 AM","11-Aug-2027","147890900","CAD","IRS","IRSW","11-Aug-2026","TAUTO42131410_1","","New","","8.2","","0","2957818","","CAD-CDOR","M","11-Aug-2026","STP","","","","","C-MWIRE","","0","0","","","0","0","",
"CONFIRMED","N/A","Executed","11-Aug-2026 at 08:31:53 AM EDT - MarkitWire -  ' Allocations have been uploaded. Please affirm '|","N","N","Block","42131407_1","M.BANK","S42131407_1","","Pay Fixed","42131407","11-Aug-2026 08:32:59 AM","0","CAD","11-Aug-2026 08:33:25 AM","11-Aug-2041","149827830","CAD","IRS","IRSW","11-Aug-2026","TAUTO42131407_1","","New","","5.2","","0","0","","CAD-CDOR","M","11-Aug-2026","STP","","","","","C-MWIRE","","0","0","","","0","0","",
"CPTY ALLEGED","N/A","Doc(s) Req'd","","N","N","MWMF_FUND1","42131405_3","M.BANK","","FRA EUR 6 x 12","Sell","42131403","11-Aug-2026 08:28:07 AM","0","EUR","11-Aug-2026 08:28:27 AM","13-Aug-2027","508296042","EUR","FRA","FRA","11-Aug-2026","A42131403_1_2_08112026_M","","Amend","A","6.2","","0","10165920.84","2","EUR-EURIBOR","","11-Aug-2026","STP","two-way","","","","","","0","0","","","0","0","LCHSGB2L",
"CONFIRMED","N/A","Executed","11-Aug-2026 at 08:28:16 AM EDT - MarkitWire -  ' SettlementAgencyAccepted '|11-Aug-2026 at 08:28:14 AM EDT - MarkitWire -  ' SettlementAgencyAccepted '|11-Aug-2026 at 08:27:52 AM EDT - MarkitWire -  ' SettlementAgencySent '|","N","N","Block","42131403_1","M.BANK","S42131403_1","","Buy","42131403","11-Aug-2026 08:27:24 AM","0","EUR","11-Aug-2026 08:28:16 AM","13-Aug-2027","847160070","EUR","FRA","FRA","11-Aug-2026","TAUTO42131403_1","","New","","1.234568","","","16943201.4","2","EUR-EURIBOR","M","11-Aug-2026","STP","","","","","C-MWIRE","","","","","","","","LCHSGB2L",
"CONFIRMED","N/A","Executed","11-Aug-2026 at 08:26:55 AM EDT - vikram.singh@ihsmarkit.com -  ' Trade manually affirmed '|11-Aug-2026 at 08:26:47 AM EDT - System -  ' Disputed Field(s): Fixed leg roll convention (Dealer : NONE). Status updated to Disputed '|11-Aug-2026 at 08:26:47 AM EDT - MarkitWire -  ' 1683 :Deal is currently under review '|","N","N","1683","42131402_1","M.BANK","S42131402_1","","Recv Fixed","42131402","11-Aug-2026 08:25:58 AM","1000","AUD","11-Aug-2026 08:27:00 AM","12-Aug-2031","352056420","AUD","IFS","IFS","11-Aug-2026","TAUTO42131402_1","","New","","6","","","7041128.4","","AUD-CPI","M","11-Aug-2026","STP","","","","","C-MWIRE","","","","","","","","",
"CONFIRMED","N/A","Executed","11-Aug-2026 at 08:23:00 AM EDT - MarkitWire -  ' 1683 :Novation via MTM - MWMF\Markit Wire Mega Fund EU Trader2 initiated novation request to TEST1 (Incoming) and MWBA (Remaining). Waiting for response... '|","N","N","1683","A42131396_08112026825","M.BANK/ABANK","S42131396_1","","Pay","TAUTO42131396_1_nv","11-Aug-2026 08:25:09 AM","0","ZAR","11-Aug-2026 08:25:21 AM","","404396208","ZAR","BSWP","BSWP","11-Aug-2026","TAUTO42131396_1_nv","","Asgm","","","","0","0","","","M","11-Aug-2026","STP","","","","","C-MWIRE","","0","0","","","0","0","",
"CONFIRMED","N/A","Executed","","N","N","1683","42131397_1","M.BANK","S42131397_1","","Sell","42131397","11-Aug-2026 08:19:37 AM","4882","USD","11-Aug-2026 08:20:51 AM","27-Dec-2027","0","USD","EQO","EQO","11-Aug-2026","TAUTO42131397_1","","New","","","","0","0","",".SPXAV10P","M","11-Aug-2026","STP","","1","Qty 999","","C-MWIRE","1","0","0","","","0","0","",
"CONFIRMED","N/A","Executed","11-Aug-2026 at 08:20:38 AM EDT - vikram.singh@ihsmarkit.com -  ' Trade manually affirmed '|11-Aug-2026 at 08:20:22 AM EDT - System -  ' Disputed Field(s): 1st Leg roll convention (Dealer : 11). Status updated to Disputed '|11-Aug-2026 at 08:20:22 AM EDT - MarkitWire -  ' 1683 :Deal is currently under review '|","N","N","1683","42131396_1","M.BANK","S42131396_1","","Pay","42131396","11-Aug-2026 08:19:41 AM","0","ZAR","11-Aug-2026 08:20:40 AM","11-Aug-2036","673993680","ZAR","BSWP","BSWP","11-Aug-2026","TAUTO42131396_1","","New","","","","","","","ZAR-ZARONIA","M","11-Aug-2026","STP","","","","","C-MWIRE","","","","","","","","",
"CPTY ALLEGED","N/A","Doc(s) Req'd","","N","N","MWMF_FUND1","42131395_3","M.BANK","","ZC Inflation Swap USD 1Y","Pay Fixed","42131395","11-Aug-2026 08:19:25 AM","0","USD","11-Aug-2026 08:19:36 AM","13-Aug-2027","575770790","USD","IFS","IFS","11-Aug-2026","A42131395_1_2_08112026_M","","Amend","A","6","","0","11515415.8","2","USA-CPI-U","","11-Aug-2026","STP","two-way","","","","","","0","0","","","0","0","LCHSGB2L",
"CONFIRMED","N/A","Executed","11-Aug-2026 at 08:19:25 AM EDT - MarkitWire -  ' SettlementAgencyAccepted '|11-Aug-2026 at 08:19:20 AM EDT - MarkitWire -  ' SettlementAgencySent '|","N","N","1683","42131395_1","M.BANK","S42131395_1","","Recv Fixed","42131395","11-Aug-2026 08:18:21 AM","0","USD","11-Aug-2026 08:19:25 AM","13-Aug-2027","575770790","USD","IFS","IFS","11-Aug-2026","TAUTO42131395_1","","New","","6","","","11515415.8","2","USA-CPI-U","M","11-Aug-2026","STP","","","","","C-MWIRE","","","","","","","","LCHSGB2L",
"CONFIRMED","N/A","Executed","","N","N","1683","42131392_1","M.BANK","S42131394_1","","Sell","42131392","11-Aug-2026 08:13:13 AM","7633","USD","11-Aug-2026 08:17:24 AM","27-Dec-2027","0","USD","EQO","EQO","11-Aug-2026","TAUTO42131394_1","","New","","","","0","0","",".SPXAV10P","M","11-Aug-2026","STP","","1","Qty 699","","C-MWIRE","1","0","0","","","0","0","",
"CPTY ALLEGED","N/A","Doc(s) Req'd","","N","N","MWMF_FUND1","42131394_1","M.BANK","","Digital Master EQ IN OP","Buy","42131394","11-Aug-2026 08:16:17 AM","7633","USD","11-Aug-2026 08:16:37 AM","27-Dec-2027","0","USD","EQO","EQO","11-Aug-2026","","","New","","","","0","0","",".SPXAV10P","","11-Aug-2026","STP","two-way","1","Qty 699","","","1","0","0","","","0","0","",
"ALLEGED","N/A","Doc(s) Req'd","","N","N","1683","","M.BANK","S42131393_1","","Sell","","","587486","USD","11-Aug-2026 08:15:30 AM","10-Aug-2028","0","USD","EQO","EQO","11-Aug-2026","TAUTO42131393_1","","New","","","","","8000","","GOOG.OQ","M","11-Aug-2026","","","11","Qty 34558","","","","","","","","","","",
"CPTY ALLEGED","N/A","Doc(s) Req'd","","N","N","MWMF_FUND1","42131393_1","M.BANK","","Americas Master EQ SH OP","Buy","42131393","11-Aug-2026 08:14:50 AM","587486","USD","11-Aug-2026 08:14:58 AM","10-Aug-2028","0","USD","EQO","EQO","11-Aug-2026","","","New","","","","0","8000","","GOOG.OQ","","11-Aug-2026","STP","two-way","11","Qty 34558","","","1","0","0","","","0","0","",
"CONFIRMED","N/A","Executed","11-Aug-2026 at 08:12:45 AM EDT - vikram.singh@ihsmarkit.com -  ' Trade manually affirmed '|11-Aug-2026 at 08:12:39 AM EDT - MarkitWire -  ' 1683 :Deal is currently under review '|11-Aug-2026 at 08:12:38 AM EDT - System -  ' Disputed Field(s): Fixed leg roll convention (Dealer : 13),Fixed Leg Non-Deliverable (Dealer : true),Leg2 Term Date Adj (Dealer : MODFOLLOWING),Leg1 Term Date Adj (Dealer : MODFOLLOWING),Leg2 Term Date Business Days (Dealer : USNY,KRSE),Leg1 Pa(...) '|","N","N","1683","42131391_1","M.BANK","S42131391_1","","Recv","42131391","11-Aug-2026 08:11:58 AM","1000","USD","11-Aug-2026 08:12:49 AM","13-Aug-2027","752841660","KRW","CCIRS","CCIRS","11-Aug-2026","TAUTO42131391_1","","New","","4","","0","0","","USD-SOFR-OIS Compound","M","11-Aug-2026","STP","","","","","C-MWIRE","","0","0","","","0","0","",
"CPTY ALLEGED","N/A","Doc(s) Req'd","","N","N","MWMF_FUND1","42131390_3","M.BANK","","OIS EUR 6m","Recv Fixed","42131390","11-Aug-2026 08:11:33 AM","0","EUR","11-Aug-2026 08:11:44 AM","13-Feb-2027","884401660","EUR","OIS","IRS","11-Aug-2026","A42131390_1_2_08112026_M","","Amend","A","5","","0","17688033.2","2","EUR-EuroSTR-OIS Compound","","11-Aug-2026","STP","two-way","","","","","","0","0","","","0","0","LCHSGB2L",
"CONFIRMED","N/A","Executed","11-Aug-2026 at 08:11:33 AM EDT - MarkitWire -  ' SettlementAgencyAccepted '|11-Aug-2026 at 08:11:28 AM EDT - MarkitWire -  ' SettlementAgencySent '|","N","N","1683","42131390_1","M.BANK","S42131390_1","","Pay Fixed","42131390","11-Aug-2026 08:10:29 AM","0","EUR","11-Aug-2026 08:11:33 AM","13-Feb-2027","884401660","EUR","OIS","OIS","11-Aug-2026","TAUTO42131390_1","","New","","5","","","17688033.2","2","EUR-EuroSTR-OIS Compound","M","11-Aug-2026","STP","","","","","C-MWIRE","","","","","","","","LCHSGB2L",
"CONFIRMED","N/A","Executed","11-Aug-2026 at 08:02:14 AM EDT - MarkitWire -  ' 1683 :Deal is currently under review '|11-Aug-2026 at 07:56:56 AM EDT - MarkitWire -  ' 1683 :Deal is currently under review '|","N","N","1683","42131353_2","M.BANK","S42131381_2","","Sell","42131353","11-Aug-2026 07:56:16 AM","0","USD","11-Aug-2026 08:08:35 AM","27-Dec-2027","0","USD","EQO","EQO","11-Aug-2026","TAUTO42131381_2","","F.Term","","","","","","",".SPXAV10P","M","11-Aug-2026","STP","","3.01","Qty 699","","C-MWIRE","1","","","","","","","",
"CPTY ALLEGED","N/A","Doc(s) Req'd","","N","N","MWMF_FUND1","42131380_2","M.BANK","","Digital Master EQ IN OP","Buy","42131380","11-Aug-2026 08:07:57 AM","0","USD","11-Aug-2026 08:08:03 AM","27-Dec-2027","0","USD","EQO","EQO","11-Aug-2026","A42131380_1_2_08112026_N","","New","","","","0","0","",".SPXAV10P","","11-Aug-2026","STP","two-way","1","Qty 79","","","1","0","0","","","0","0","",
"CPTY ALLEGED","N/A","Doc(s) Req'd","","N","N","MWMF_FUND1","42131381_2","M.BANK","","Digital Master EQ IN OP","Buy","42131381","11-Aug-2026 08:07:47 AM","0","USD","11-Aug-2026 08:07:56 AM","27-Dec-2027","0","USD","EQO","EQO","11-Aug-2026","A42131381_1_2_08112026_U","","F.Term","","","","0","0","",".SPXAV10P","","11-Aug-2026","STP","two-way","1","Qty 699","","","1","0","0","","","0","0","",
"CONFIRMED","N/A","Executed","","N","N","1683","42131381_1","M.BANK","S42131381_1","","Sell","42131381","11-Aug-2026 08:06:11 AM","4432","USD","11-Aug-2026 08:07:21 AM","27-Dec-2027","0","USD","EQO","EQO","11-Aug-2026","TAUTO42131381_1","","New","","","","0","0","",".SPXAV10P","M","11-Aug-2026","STP","","1","Qty 699","","C-MWIRE","1","0","0","","","0","0","",
"CONFIRMED","N/A","Executed","","N","N","1683","42131380_1","M.BANK","S42131380_1","","Sell","42131380","11-Aug-2026 08:06:18 AM","1043.02","USD","11-Aug-2026 08:06:59 AM","27-Dec-2027","0","USD","EQO","EQO","11-Aug-2026","TAUTO42131380_1","","New","","","","0","0","",".SPXAV10P","M","11-Aug-2026","STP","","1","Qty 115891470","","C-MWIRE","1","0","0","","","0","0","",
"CONFIRMED","N/A","Executed","11-Aug-2026 at 08:05:02 AM EDT - vikram.singh@ihsmarkit.com -  ' Trade manually affirmed '|11-Aug-2026 at 08:04:55 AM EDT - System -  ' Disputed Field(s): Fixed leg roll convention (Dealer : 12). Status updated to Disputed '|11-Aug-2026 at 08:04:55 AM EDT - MarkitWire -  ' 1683 :Deal is currently under review '|","N","N","1683","42131377_1","M.BANK","S42131377_1","","Pay Fixed","42131377","11-Aug-2026 08:04:08 AM","0","KRW","11-Aug-2026 08:05:05 AM","12-Aug-2041","730726880","KRW","OIS","OIS","11-Aug-2026","TAUTO42131377_1","","New","","5","","","","","KRW-KOFR-OIS Compound","M","11-Aug-2026","STP","","","","","C-MWIRE","","","","","","","","",
"CPTY ALLEGED","N/A","Doc(s) Req'd","","N","N","MWMF_FUND1","42131376_2","M.BANK","","Cap EUR RFR 10y","B","42131376","11-Aug-2026 08:03:37 AM","147843.35","EUR","11-Aug-2026 08:04:23 AM","13-Aug-2036","616013970","EUR","CPFL","CPFL","11-Aug-2026","A42131376_1_2_08112026_M","","Amend","A","","","0","12320279.4","2","EUR-EuroSTR-OIS Compound","","11-Aug-2026","STP","two-way","3.5","","","","","0","0","","","0","0","",
"CONFIRMED","N/A","Executed","11-Aug-2026 at 08:00:38 AM EDT - MarkitWire -  ' 1683 :Novation via MTM - MWMF\Markit Wire Mega Fund EU Trader2 initiated novation request to TEST1 (Incoming) and MWBA (Remaining). Waiting for response... '|","N","N","1683","A42131352_0811202683","M.BANK/ABANK","S42131352_1","","Pay Fixed","TAUTO42131352_1_nv","11-Aug-2026 08:02:57 AM","1000","CAD","11-Aug-2026 08:03:24 AM","11-Aug-2027","400029468","CAD","IRS","IRSW","11-Aug-2026","TAUTO42131352_1_nv","","Asgm","","8.2","","0","13334315.6","3","CAD-CDOR","M","11-Aug-2026","STP","","","","","C-MWIRE","","0","0","","","0","0","",
"CONFIRMED","N/A","Executed","","N","N","1683","42131376_1","M.BANK","S42131376_1","","Sell","42131376","11-Aug-2026 08:02:14 AM","147843.35","EUR","11-Aug-2026 08:03:23 AM","13-Aug-2036","616013970","EUR","CPFL","CPFL","11-Aug-2026","TAUTO42131376_1","","New","","","","0","12320279.4","2","EUR-EuroSTR-OIS Compound","M","11-Aug-2026","STP","","3.5","","","C-MWIRE","","0","0","","","0","0","",
"CONFIRMED","N/A","Executed","11-Aug-2026 at 07:56:56 AM EDT - System -  ' Disputed Field(s): Strike Price/Initial Strike (w/ tolerance btwn 0.1 and 0.01) (Dealer : 3). Status updated to Disputed '|","N","N","1683","42131372_2","M.BANK","S42131353_2","","Sell","42131372","11-Aug-2026 08:01:23 AM","0","USD","11-Aug-2026 08:01:52 AM","27-Dec-2027","0","USD","EQO","EQO","11-Aug-2026","TAUTO42131353_2","","F.Term","","","","","","",".SPXAV10P","M","11-Aug-2026","STP","","1.01","Qty 699","","C-MWIRE","1","","","","","","","",
"CONFIRMED","N/A","Executed","","N","N","1683","42131372_1","M.BANK","S42131372_1","","Sell","42131372","11-Aug-2026 07:59:25 AM","4432","USD","11-Aug-2026 08:00:59 AM","27-Dec-2027","0","USD","EQO","EQO","11-Aug-2026","TAUTO42131372_1","","New","","","","0","0","",".SPXAV10P","M","11-Aug-2026","STP","","1","Qty 699","","C-MWIRE","1","0","0","","","0","0","",
"CPTY ALLEGED","N/A","Doc(s) Req'd","","N","N","MWMF_FUND1","42131364_2","M.BANK","","Cliquet Master EQ IN OP","Buy","42131364","11-Aug-2026 07:59:27 AM","250","USD","11-Aug-2026 07:59:39 AM","23-Dec-2027","100","USD","EQO","EQO","11-Aug-2026","A42131364_1_2_08112026_N","","New","","","","0","1000","",".SPX","","11-Aug-2026","STP","two-way","12","","","1","0","0","","","0","0","",
"CONFIRMED","N/A","Executed","","N","N","1683","42131364_1","M.BANK","S42131364_1","","Sell","42131364","11-Aug-2026 07:57:49 AM","5000","USD","11-Aug-2026 07:58:32 AM","23-Dec-2027","681999590.5","USD","EQO","EQO","11-Aug-2026","TAUTO42131364_1","","New","","","","0","1000","",".SPX","M","11-Aug-2026","STP","","12","Qty 0","","C-MWIRE","1","0","0","","","0","0","",
"DISPUTED","N/A","Doc(s) Req'd","11-Aug-2026 at 07:56:18 AM EDT - System -  ' Disputed Field(s): MarkitWire Defaults modified by the dealer on following fields(Break 1st Date Tenor, Break Frequency). Status updated to Disputed '|","N","N","1683","42131357_1","M.BANK","S42131357_1","","Recv","42131357","11-Aug-2026 07:55:13 AM","","AUD","11-Aug-2026 07:56:19 AM","13-Aug-2036","770099820","AUD","CCBSWP","CCBSWP","11-Aug-2026","TAUTO42131357_1","","New","","","","","13327175.1","","USD-SOFR-OIS Compound","M","11-Aug-2026","","","","","","","","","","","","","","",
"CONFIRMED","N/A","Executed","","N","N","1683","42131353_1","M.BANK","S42131353_1","","Sell","42131353","11-Aug-2026 07:54:46 AM","2332","USD","11-Aug-2026 07:55:54 AM","27-Dec-2027","0","USD","EQO","EQO","11-Aug-2026","TAUTO42131353_1","","New","","","","0","0","",".SPXAV10P","M","11-Aug-2026","STP","","3","Qty 699","","C-MWIRE","1","0","0","","","0","0","",
"CONFIRMED","N/A","Executed","11-Aug-2026 at 07:54:19 AM EDT - vikram.singh@ihsmarkit.com -  ' Trade manually affirmed '|11-Aug-2026 at 07:54:08 AM EDT - System -  ' Disputed Field(s): Fixed leg roll convention (Dealer : 11). Status updated to Disputed '|11-Aug-2026 at 07:54:08 AM EDT - MarkitWire -  ' 1683 :Deal is currently under review '|","N","N","1683","42131352_1","M.BANK","S42131352_1","","Pay Fixed","42131352","11-Aug-2026 07:53:26 AM","1000","CAD","11-Aug-2026 07:54:25 AM","11-Aug-2027","666715780","CAD","IRS","IRSW","11-Aug-2026","TAUTO42131352_1","","New","","8.2","","0","13334315.6","","CAD-CDOR","M","11-Aug-2026","STP","","","","","C-MWIRE","","0","0","","","0","0","",
"CONFIRMED","N/A","Executed","","N","N","MWMF_FUND1","42131351_1","M.BANK","","Swaption USD RFR 1y into 1y","Pay Fixed","42131351","11-Aug-2026 07:51:40 AM","84550.74","USD","11-Aug-2026 07:53:49 AM","13-Aug-2028","281835790","USD","SWO","SWO","11-Aug-2026","YS_BKRPTE_SWO_1108_08112026_N","","New","","4","","0","0","","USD-SOFR-OIS Compound","M","11-Aug-2026","STP","","","","","C-MWIRE","","0","0","","","0","0","",
"CPTY ALLEGED","N/A","Doc(s) Req'd","","N","N","MWMF_FUND1","42131343_2","M.BANK","","Americas Master EQ IN OP","Buy","42131343","11-Aug-2026 07:50:54 AM","25000","USD","11-Aug-2026 07:51:06 AM","15-Sep-2026","0","USD","EQO","EQO","11-Aug-2026","A42131343_1_2_08112026_N","","New","","","","0","0","",".SPXAV10P","","11-Aug-2026","STP","two-way","10","Qty 100","","","1","0","0","","","0","0","",
"CONFIRMED","N/A","Executed","11-Aug-2026 at 07:50:29 AM EDT - vikram.singh@ihsmarkit.com -  ' Trade manually affirmed '|11-Aug-2026 at 07:50:03 AM EDT - System -  ' Disputed Field(s): Strike Price/Initial Strike (w/ tolerance btwn 0.1 and 0.01) (Dealer : 13). Status updated to Disputed '|11-Aug-2026 at 07:50:03 AM EDT - MarkitWire -  ' 1683 :Deal is currently under review '|","N","N","1683","42131341_2","M.BANK","S42131341_2","","Sell","42131341","11-Aug-2026 07:49:20 AM","28600","USD","11-Aug-2026 07:50:34 AM","15-Sep-2026","0","USD","EQO","EQO","11-Aug-2026","TAUTO42131341_2","","New","","","","","","",".SPXAV10P","M","11-Aug-2026","STP","","25","Qty 130","","C-MWIRE","1","","","","","","","",
"CONFIRMED","N/A","Executed","","N","N","1683","42131343_1","M.BANK","S42131343_1","","Sell","42131343","11-Aug-2026 07:49:04 AM","10790575200","USD","11-Aug-2026 07:49:50 AM","15-Sep-2026","0","USD","EQO","EQO","11-Aug-2026","TAUTO42131343_1","","New","","","","0","0","",".SPXAV10P","M","11-Aug-2026","STP","","10","Qty 539528760","","C-MWIRE","1","0","0","","","0","0","",
"CONFIRMED","N/A","Executed","","N","N","1683","42131341_1","M.BANK","S42131341_1","","Sell","42131341","11-Aug-2026 07:47:55 AM","2943327450","USD","11-Aug-2026 07:48:57 AM","15-Sep-2026","0","USD","EQO","EQO","11-Aug-2026","TAUTO42131341_1","","New","","","","0","0","",".SPXAV10P","M","11-Aug-2026","STP","","13","Qty 140158450","","C-MWIRE","1","0","0","","","0","0","",
"CPTY ALLEGED","N/A","Doc(s) Req'd","","N","N","MWMF_FUND1","42131338_2","M.BANK","","Basis Swap USD 10Y","Recv","42131338","11-Aug-2026 07:48:23 AM","1000","USD","11-Aug-2026 07:48:33 AM","13-Aug-2036","520676490","USD","BSWP","BSWP","11-Aug-2026","A42131338_1_2_08112026_M","","Amend","A","","","0","10413529.8","2","USD-LIBOR","","11-Aug-2026","STP","two-way","","","","","","0","0","","","0","0","",
"CONFIRMED","N/A","Executed","","N","N","1683","42131338_1","M.BANK","S42131338_1","","Pay","42131338","11-Aug-2026 07:47:24 AM","1000","USD","11-Aug-2026 07:48:07 AM","13-Aug-2036","520676490","USD","BSWP","BSWP","11-Aug-2026","TAUTO42131338_1","","New","","","","","10413529.8","2","USD-LIBOR","M","11-Aug-2026","STP","","","","","C-MWIRE","","","","","","","","",
"CONFIRMED","N/A","Executed","","N","N","1683","42131337_1","M.BANK","S42131337_1","","Pay Fixed","42131337","11-Aug-2026 07:45:46 AM","1000","CAD","11-Aug-2026 07:46:32 AM","11-Aug-2027","367601010","CAD","IRS","IRSW","11-Aug-2026","TAUTO42131337_1","","New","","8.2","","0","7352020.2","","CAD-CDOR","M","11-Aug-2026","STP","","","","","C-MWIRE","","0","0","","","0","0","",
"CONFIRMED","N/A","Executed","","N","N","1683","42131336_2","M.BANK","S42131336_2","","Sell","42131336","11-Aug-2026 07:44:40 AM","5395280800","USD","11-Aug-2026 07:45:27 AM","15-Sep-2026","0","USD","EQO","EQO","11-Aug-2026","TAUTO42131336_2","","Amend","A","","","","","",".SPXAV10P","M","11-Aug-2026","STP","","2","Qty 269764040","","C-MWIRE","1","","","","","","","",
"CONFIRMED","N/A","Executed","","N","N","1683","42131336_1","M.BANK","S42131336_1","","Sell","42131336","11-Aug-2026 07:42:57 AM","5395280800","USD","11-Aug-2026 07:44:09 AM","15-Sep-2026","0","USD","EQO","EQO","11-Aug-2026","TAUTO42131336_1","","New","","","","0","0","",".SPXAV10P","M","11-Aug-2026","STP","","12","Qty 269764040","","C-MWIRE","1","0","0","","","0","0","",
"CPTY ALLEGED","N/A","Doc(s) Req'd","","N","N","MWMF_FUND1","42131335_1","M.BANK","","Global Master EQ SH SW","Pay Equity,Rec Interest","42131335","11-Aug-2026 07:40:29 AM","0","USD","11-Aug-2026 07:42:19 AM","15-Aug-2028","43441080","USD","EQS","EQS","11-Aug-2026","A42131332_1_2_08112026_N","","New","","","","0","7860","","QAN.AX","","11-Aug-2026","STP","two-way","","Qty 610","","","","0","0","","","0","0","",
"CONFIRMED","N/A","Executed","","N","N","1683","42131332_1","M.BANK","S42131332_1","","Rec Equity,Pay Interest","42131332","11-Aug-2026 07:40:29 AM","0","USD","11-Aug-2026 07:41:17 AM","15-Aug-2028","43441080","USD","EQS","EQS","11-Aug-2026","TAUTO42131332_1","","New","","","","0","7860","","QAN.AX","M","11-Aug-2026","STP","","","Qty 6430","","C-MWIRE","","0","0","","","0","0","",
"CONFIRMED","N/A","Executed","","N","N","1683","42131322_2","M.BANK","S42131322_2","","Sell","42131322","11-Aug-2026 07:40:07 AM","19611207440","USD","11-Aug-2026 07:40:56 AM","15-Sep-2026","0","USD","EQO","EQO","11-Aug-2026","TAUTO42131322_2","","Amend","A","","","","","",".SPXAV10P","M","11-Aug-2026","STP","","2","Qty 891418520","","C-MWIRE","1","","","","","","","",
"CPTY ALLEGED","N/A","Doc(s) Req'd","","N","N","MWMF_FUND1","42131326_2","M.BANK","","IRS CAD 1Y","Recv Fixed","42131326","11-Aug-2026 07:40:36 AM","1000","CAD","11-Aug-2026 07:40:49 AM","11-Aug-2027","753641320","CAD","IRS","IRS","11-Aug-2026","A42131326_1_2_08112026_M","","Amend","A","8.2","","0","15072826.4","","CAD-CDOR","","11-Aug-2026","STP","two-way","","","","","","0","0","","","0","0","",
"CONFIRMED","N/A","Executed","","N","N","1683","42131326_1","M.BANK","S42131326_1","","Pay Fixed","42131326","11-Aug-2026 07:39:35 AM","1000","CAD","11-Aug-2026 07:40:28 AM","11-Aug-2027","753641320","CAD","IRS","IRSW","11-Aug-2026","TAUTO42131326_1","","New","","8.2","","0","15072826.4","","CAD-CDOR","M","11-Aug-2026","STP","","","","","C-MWIRE","","0","0","","","0","0","",
"CONFIRMED","N/A","Executed","","N","N","1683","42131322_1","M.BANK","S42131322_1","","Sell","42131322","11-Aug-2026 07:38:04 AM","19611207440","USD","11-Aug-2026 07:39:30 AM","15-Sep-2026","0","USD","EQO","EQO","11-Aug-2026","TAUTO42131322_1","","New","","","","0","0","",".SPXAV10P","M","11-Aug-2026","STP","","15","Qty 891418520","","C-MWIRE","1","0","0","","","0","0","",
"CONFIRMED","N/A","Executed","","N","N","1683","42131318_1","M.BANK","S42131318_1","","Recv Fixed","42131318","11-Aug-2026 07:37:35 AM","1000","USD","11-Aug-2026 07:39:21 AM","13-Aug-2027","675185540","USD","OIS","OIS","11-Aug-2026","TAUTO42131318_1","","New","","5.2","","","13503710.8","2","USD-SOFR-OIS Compound","M","11-Aug-2026","STP","","","","","C-MWIRE","","","","","","","","",
"CONFIRMED","N/A","Executed","","N","N","1683","42131318_2","M.BANK","S42131318_1","","Recv Fixed","42131318","11-Aug-2026 07:38:44 AM","1000","USD","11-Aug-2026 07:39:21 AM","13-Aug-2027","675185540","USD","OIS","OIS","11-Aug-2026","TAUTO42131318_1_Amd","","Amend","A","5.2","","","13503710.8","2","USD-SOFR-OIS Compound","M","11-Aug-2026","STP","","","","","C-MWIRE","","","","","","","","",
"CONFIRMED","N/A","Executed","","N","N","1683","42131321_1","M.BANK","S42131321_1","","Recv Fixed","42131321","11-Aug-2026 07:38:12 AM","0","BRL","11-Aug-2026 07:38:58 AM","01-Mar-2028","444624130","BRL","IRS","IRSW","11-Aug-2026","TAUTO42131321_1","","New","","5.2","","0","0","","BRL-CDI","M","11-Aug-2026","STP","","","","","C-MWIRE","","0","0","","","0","0","",
"CLEARED","CLR-LCH_EUR","Doc(s) Req'd","11-Aug-2026 at 07:38:36 AM EDT - MarkitWire -  ' PreAgreed - BetaCleared;MW Id: 42131320;CCP Id: 42131317_2_0 '|","N","N","1683","42131317_1","M.BANK/ABANK","S42131317_1","","Pay Fixed","42131317","11-Aug-2026 07:36:44 AM","0","AUD","11-Aug-2026 07:38:36 AM","12-Aug-2041","261723150","AUD","IRS","IRSW","11-Aug-2026","TAUTO42131317_1","","New","","5.2","","0","0","","AUD-BBSW","M","11-Aug-2026","STP","","","","","","","0","0","","","0","0","",
"CONFIRMED","N/A","Executed","","N","N","1683","42131316_2","M.BANK","S42131316_2","","Buy","42131316","11-Aug-2026 07:35:31 AM","","USD","11-Aug-2026 07:36:12 AM","25-Sep-2030","29885307.5","USD","EQVS","EQVS","11-Aug-2026","TAUTO42131316_2","","Cancel","","","","","2500","","AIR.N","M","11-Aug-2026","STP","","16","","C-MWIRE","","","","","","","","",
"ALLEGED","N/A","Doc(s) Req'd","","N","","1684","","M.BANK","SWO_SC02_EUR_NALCT","","","","","1650000","EUR","11-Aug-2026 07:35:33 AM","12-Aug-2029","11000000","EUR","SWO","SWO","11-Aug-2026","SWO_SC02_EUR_NALCT_NOVA","","Asgm","","8","","","","","EUR-EuroSTR-OIS Compound","M","11-Aug-2026","STP","","","",""," U","","","","","","","","",
"CONFIRMED","N/A","Executed","","N","N","1683","42131316_1","M.BANK","S42131316_1","","Sell","42131316","11-Aug-2026 07:34:03 AM","0","USD","11-Aug-2026 07:34:58 AM","25-Sep-2030","29885307.5","USD","EQVS","EQVS","11-Aug-2026","TAUTO42131316_1","","New","","","","0","2500","","AIR.N","M","11-Aug-2026","STP","","16","","C-MWIRE","","0","0","","","0","0","",
"CONFIRMED","N/A","Executed","","N","N","1683","42131315_1","M.BANK","S42131315_1","","Sell","42131315","11-Aug-2026 07:33:37 AM","8828554600","USD","11-Aug-2026 07:34:21 AM","15-Sep-2026","0","USD","EQO","EQO","11-Aug-2026","TAUTO42131315_1","","New","","","","0","0","",".SPXAV10P","M","11-Aug-2026","STP","","10","Qty 441427730","","C-MWIRE","1","0","0","","","0","0","",
"CONFIRMED","N/A","Executed","","N","N","1683","42131313_1","M.BANK","S42131313_1","","Sell","42131313","11-Aug-2026 07:30:44 AM","420717.77","EUR","11-Aug-2026 07:31:29 AM","13-Aug-2036","793807110","EUR","CPFL","CPFL","11-Aug-2026","TAUTO42131313_1","","New","","","","0","0","","EUR-EuroSTR-OIS Compound","M","11-Aug-2026","STP","","3.5","","","C-MWIRE","","0","0","","","0","0","",
"CLEARED","CLR-LCH_EUR","Doc(s) Req'd","11-Aug-2026 at 07:29:17 AM EDT - MarkitWire -  ' PreAgreed - BetaCleared;MW Id: 42131308;CCP Id: 42131300_2_0 '|","N","N","1683","42131300_3","M.BANK/ABANK","S42131300_1","","Pay Fixed","42131300","11-Aug-2026 07:27:29 AM","0","AUD","11-Aug-2026 07:29:17 AM","12-Aug-2041","599122200","AUD","IRS","IRSW","11-Aug-2026","TAUTO42131300_1_Amd","","Amend","A","5.2","","0","0","","AUD-BBSW","M","11-Aug-2026","STP","","","","","","","0","0","","","0","0","",
"CLEARED","CLR-LCH_EUR","Doc(s) Req'd","11-Aug-2026 at 07:27:25 AM EDT - MarkitWire -  ' 42: BDDTest_rejecting '|11-Aug-2026 at 07:27:23 AM EDT - MarkitWire -  ' 42: BDDTest_rejecting '|","N","N","1683","42131300_1","M.BANK/ABANK","S42131300_1","","Pay Fixed","42131300","11-Aug-2026 07:19:55 AM","0","AUD","11-Aug-2026 07:29:11 AM","12-Aug-2041","599122200","AUD","IRS","IRSW","11-Aug-2026","TAUTO42131300_1","","New","","5.2","","","","","AUD-BBSW","M","11-Aug-2026","STP","","","","","","","","","","","","","",
"CONFIRMED","N/A","Executed","","N","N","1683","42131288_1","M.BANK","S42131288_1","","Recv Fixed","42131288","11-Aug-2026 07:17:49 AM","","EUR","11-Aug-2026 07:23:58 AM","13-Aug-2027","603355140","EUR","FIXED","FIXED","11-Aug-2026","TAUTO42131288_1","","New","","5.2","8","","1000","","","M","11-Aug-2026","STP","","","","","C-MWIRE","","","","","","","","",
"CPTY ALLEGED","N/A","Doc(s) Req'd","","N","N","MWMF_FUND1","42131289_2","M.BANK","","Americas Master EQ SH OP","Buy","42131289","11-Aug-2026 07:19:58 AM","54210","USD","11-Aug-2026 07:20:03 AM","10-Aug-2028","0","USD","EQO","EQO","11-Aug-2026","A42131289_1_2_08112026_E","","F.Exer","","","","0","5000","","GOOG.OQ","","11-Aug-2026","STP","two-way","11","Qty 4170","","","1","0","0","","","0","0","",
"CLEARED","CLR-LCH_EUR","Doc(s) Req'd","11-Aug-2026 at 07:19:16 AM EDT - MarkitWire -  ' PreAgreed - BetaCleared;MW Id: 42131291;CCP Id: 42131287_2_0 '|11-Aug-2026 at 07:19:13 AM EDT - MarkitWire -  ' PreAgreed - BetaCleared;MW Id: 42131293;CCP Id: 42131286_2_0 '|11-Aug-2026 at 07:15:59 AM EDT - MarkitWire -  ' Allocations have been uploaded. Please affirm '|","N","N","Block","42131283_1","M.BANK/ABANK","S42131283_1","","Recv Fixed","42131283","11-Aug-2026 07:17:52 AM","0","USD","11-Aug-2026 07:19:13 AM","13-Aug-2027","734075210","USD","IFS","IFS","11-Aug-2026","TAUTO42131283_1","","New","","6","","","","","USA-CPI-U","M","11-Aug-2026","STP","","","","","","","","","","","","","",
"CONFIRMED","N/A","Executed","","N","N","1683","42131289_1","M.BANK","S42131289_1","","Sell","42131289","11-Aug-2026 07:17:49 AM","54210","USD","11-Aug-2026 07:18:52 AM","10-Aug-2028","0","USD","EQO","EQO","11-Aug-2026","TAUTO42131289_1","","New","","","","","5000","","GOOG.OQ","M","11-Aug-2026","STP","","11","Qty 4170","","C-MWIRE","","","","","","","","",
"CONFIRMED","N/A","Executed","11-Aug-2026 at 07:13:56 AM EDT - MarkitWire -  ' 1683 :Novation via MTM - MWMF\Markit Wire Mega Fund EU Trader2 initiated novation request to TEST1 (Incoming) and MWBA (Remaining). Waiting for response... '|","N","N","1683","A42131277_08112026717","M.BANK/ABANK","S42131277_1","","Recv Fixed","TAUTO42131277_1_nv","11-Aug-2026 07:16:29 AM","1000","AUD","11-Aug-2026 07:17:21 AM","11-Aug-2027","862614160","AUD","FIXED","FIXED","11-Aug-2026","TAUTO42131277_1_nv","","Asgm","","5","8","0","0","","","M","11-Aug-2026","STP","","","","","C-MWIRE","","0","0","","","0","0","",
"CONFIRMED","N/A","Executed","","N","N","1683","42131278_2","M.BANK","S42131278_2","","Sell","42131278","11-Aug-2026 07:15:21 AM","25000","USD","11-Aug-2026 07:16:57 AM","15-Sep-2026","0","USD","EQO","EQO","11-Aug-2026","TAUTO42131278_2","","New","","","","","","",".SPXAV10P","M","11-Aug-2026","STP","","15","Qty 100","","C-MWIRE","1","","","","","","","",
"CONFIRMED","N/A","Executed","","N","N","1683","42131278_1","M.BANK","S42131278_1","","Sell","42131278","11-Aug-2026 07:12:57 AM","18267125360","USD","11-Aug-2026 07:14:02 AM","15-Sep-2026","0","USD","EQO","EQO","11-Aug-2026","TAUTO42131278_1","","New","","","","0","0","",".SPXAV10P","M","11-Aug-2026","STP","","15","Qty 830323880","","C-MWIRE","1","0","0","","","0","0","",
"CONFIRMED","N/A","Executed","","N","N","1683","42131277_1","M.BANK","S42131277_1","","Recv Fixed","42131277","11-Aug-2026 07:11:18 AM","1000","AUD","11-Aug-2026 07:12:09 AM","11-Aug-2027","862614160","AUD","FIXED","FIXED","11-Aug-2026","TAUTO42131277_1","","New","","5","8","","17252283.2","2","","M","11-Aug-2026","STP","","","","","C-MWIRE","","","","","","","","",
"CPTY ALLEGED","N/A","Doc(s) Req'd","","N","N","MWMF_FUND1","42131272_2","M.BANK","","Americas Master EQ IN OP","Buy","42131272","11-Aug-2026 07:10:55 AM","2791851250","USD","11-Aug-2026 07:10:58 AM","15-Sep-2027","0","USD","EQO","EQO","11-Aug-2026","A42131272_1_2_08112026_E","","F.Exer","","","","0","0","",".SPXAV10P","","11-Aug-2026","STP","two-way","15","Qty 111674050","","","1","0","0","","","0","0","",
"CONFIRMED","N/A","Executed","","N","N","1683","42131272_1","M.BANK","S42131272_1","","Sell","42131272","11-Aug-2026 07:08:44 AM","2791851250","USD","11-Aug-2026 07:09:50 AM","15-Sep-2027","0","USD","EQO","EQO","11-Aug-2026","TAUTO42131272_1","","New","","","","0","0","",".SPXAV10P","M","11-Aug-2026","STP","","15","Qty 111674050","","C-MWIRE","1","0","0","","","0","0","",
"CPTY ALLEGED","N/A","Doc(s) Req'd","","N","N","MWMF_FUND1","42131273_1","M.BANK","","Americas Master EQ IN OP","Sell","42131273","11-Aug-2026 07:09:12 AM","5691334400","USD","11-Aug-2026 07:09:24 AM","15-Sep-2026","0","USD","EQO","EQO","11-Aug-2026","","","New","","","","0","0","",".SPXAV10P","","11-Aug-2026","STP","two-way","10","Qty 284566720","","","1","0","0","","","0","0","",
"CONFIRMED","N/A","Executed","11-Aug-2026 at 07:05:45 AM EDT - MarkitWire -  ' 1683 :Novation via MTM - MWMF\Markit Wire Mega Fund EU Trader2 initiated novation request to TEST1 (Incoming) and MWBA (Remaining). Waiting for response... '|","N","N","1683","A42131244_0811202678","M.BANK/ABANK","S42131244_1","","Pay Fixed","TAUTO42131244_1_nv","11-Aug-2026 07:08:10 AM","0","USD","11-Aug-2026 07:08:30 AM","13-Aug-2036","115444290","USD","IRS","IRSW","11-Aug-2026","TAUTO42131244_1_nv","","Asgm","","5","","0","0","","USD-SOFR CME Term","M","11-Aug-2026","STP","","","","","C-MWIRE","","0","0","","","0","0","",
"AWAIT CLR","RJT-LCH_EUR","","11-Aug-2026 at 07:06:39 AM EDT - MarkitWire -  ' 42: BDDTest_rejecting '|11-Aug-2026 at 07:06:25 AM EDT - MarkitWire -  ' 42: BDDTest_rejecting '|","N","N","1683","42131260_1","M.BANK/ABANK","S42131260_1","","Pay Fixed","42131260","11-Aug-2026 07:04:29 AM","0","AUD","11-Aug-2026 07:06:39 AM","12-Aug-2041","236948490","AUD","IRS","IRSW","11-Aug-2026","TAUTO42131260_1","","New","","5.2","","","","","AUD-BBSW","M","11-Aug-2026","STP","","","","","","","","","","","","","",
"CONFIRMED","N/A","Executed","","N","N","1683","42131264_1","M.BANK","S42131264_1","","Recv Fixed","42131264","11-Aug-2026 07:05:14 AM","117862.04","USD","11-Aug-2026 07:06:21 AM","13-Aug-2028","392873470","USD","SWO","SWO","11-Aug-2026","TAUTO42131264_1","","New","","4","","","","","USD-SOFR-OIS Compound","M","11-Aug-2026","STP","","","","","C-MWIRE","","","","","","","","",
"CPTY ALLEGED","N/A","Doc(s) Req'd","","N","N","MWMF_FUND1","42131261_1","M.BANK","","IRS ZAR 1Y (Exercise of Swaption 42131250)","Pay Fixed","42131261","11-Aug-2026 07:04:57 AM","0","ZAR","11-Aug-2026 07:05:01 AM","11-Feb-2028","571838730","ZAR","IRS","IRS","11-Aug-2026","","","New","","4","","0","0","","ZAR-JIBAR","","11-Aug-2026","STP","two-way","","","","","","0","0","","","0","0","",
"CLEARED","CLR-LCH_EUR","Doc(s) Req'd","11-Aug-2026 at 07:04:31 AM EDT - MarkitWire -  ' PreAgreed - BetaCleared;MW Id: 42131254;CCP Id: 42131236_2_0 '|11-Aug-2026 at 07:04:23 AM EDT - MarkitWire -  ' PreAgreed - BetaCleared;MW Id: 42131252;CCP Id: 42131237_2_0 '|11-Aug-2026 at 07:01:26 AM EDT - MarkitWire -  ' 42: BDDTest_rejecting '|","N","N","Block","","M.BANK/ABANK","S42131233_1","","Pay Fixed","42131233","11-Aug-2026 06:59:38 AM","0","AUD","11-Aug-2026 07:04:23 AM","12-Aug-2041","333746010","AUD","IRS","IRSW","11-Aug-2026","TAUTO42131233_1","","New","","5.2","","0","0","","AUD-BBSW","M","11-Aug-2026","STP","","","","","","","0","0","","","0","0","",
"CONFIRMED","N/A","Executed","","N","N","1683","42131250_1","M.BANK","S42131250_1","","Recv Fixed","42131250","11-Aug-2026 07:02:38 AM","171551.62","ZAR","11-Aug-2026 07:03:41 AM","11-Feb-2028","571838730","ZAR","SWO","SWO","11-Aug-2026","TAUTO42131250_1","","New","","4","","","","","ZAR-JIBAR","M","11-Aug-2026","STP","","","","","C-MWIRE","","","","","","","","",
"CPTY ALLEGED","N/A","Doc(s) Req'd","","N","N","MWMF_FUND1","42131249_1","M.BANK","","OIS USD 5y (Exercise of Swaption 42131235)","Pay Fixed","42131249","11-Aug-2026 07:02:13 AM","0","USD","11-Aug-2026 07:02:23 AM","14-Aug-2035","425992540","USD","OIS","IRS","11-Aug-2026","","","New","","4","","0","0","","USD-SOFR-OIS Compound","","11-Aug-2026","STP","two-way","","","","","","0","0","","","0","0","",
"CPTY ALLEGED","N/A","Doc(s) Req'd","","N","N","MWMF_FUND1","42131248_1","M.BANK","","Global Master EQ SH SW","Pay Equity,Rec Interest","42131248","11-Aug-2026 06:58:57 AM","0","USD","11-Aug-2026 07:01:45 AM","15-Aug-2028","6428073894000","USD","EQS","EQS","11-Aug-2026","A42131234_1_2_08112026_C","","Cancel","","","","0","7860","","QAN.AX","","11-Aug-2026","STP","two-way","","Qty 951461500","","","","0","0","","","0","0","",
"CONFIRMED","N/A","Executed","","N","N","1683","42131244_1","M.BANK","S42131244_1","","Pay Fixed","42131244","11-Aug-2026 07:00:06 AM","0","USD","11-Aug-2026 07:01:12 AM","13-Aug-2036","192407150","USD","IRS","IRSW","11-Aug-2026","TAUTO42131244_1","","New","","5","","0","0","","USD-SOFR CME Term","M","11-Aug-2026","STP","","","","","C-MWIRE","","0","0","","","0","0","",
"CONFIRMED","N/A","Executed","","N","N","1683","42131235_1","M.BANK","S42131235_1","","Recv Fixed","42131235","11-Aug-2026 06:59:16 AM","127797.76","USD","11-Aug-2026 07:00:59 AM","14-Aug-2035","425992540","USD","SWO","SWO","11-Aug-2026","TAUTO42131235_1","","New","","4","","","","","USD-SOFR-OIS Compound","M","11-Aug-2026","STP","","","","","C-MWIRE","","","","","","","","",
"CONFIRMED","N/A","Executed","","N","N","1683","42131234_1","M.BANK","S42131234_1","","Rec Equity,Pay Interest","42131234","11-Aug-2026 06:58:57 AM","0","USD","11-Aug-2026 06:59:57 AM","15-Aug-2028","6428073894000","USD","EQS","EQS","11-Aug-2026","TAUTO42131234_1","","New","","","","0","7860","","QAN.AX","M","11-Aug-2026","STP","","","Qty 951461500","","C-MWIRE","","0","0","","","0","0","",
"CONFIRMED","N/A","Executed","","N","N","1683","42131229_2","M.BANK","S42131229_2","","Pay Fixed","42131229","11-Aug-2026 06:57:55 AM","","GBP","11-Aug-2026 06:58:31 AM","11-Aug-2027","359666360","GBP","IRS","IRSW","11-Aug-2026","TAUTO42131229_2","","Exer","","5.2","","","","","GBP-LIBOR","M","11-Aug-2026","STP","","","","","C-MWIRE","","","","","","","","",
"CLEARED","CLR-LCH_SA","Doc(s) Req'd","11-Aug-2026 at 06:56:01 AM EDT - MarkitWire -  ' 42: BDDTest_rejecting '|11-Aug-2026 at 06:55:59 AM EDT - MarkitWire -  ' 42: BDDTest_rejecting '|","N","N","1683","42131223_1","M.BANK/ABANK","S42131223_1","CDSIndex_Clearing","Buy","42131223","11-Aug-2026 06:52:37 AM","100","USD","11-Aug-2026 06:57:45 AM","20-Dec-2030","423117720","USD","CDI","CDI","11-Aug-2026","TAUTO42131223_1","test_trader","New","","1","","0","0","","2I65BYDX0","M","11-Aug-2026","STP","Test_Strategy","","","","","","0","0","","","0","0","",
"CONFIRMED","N/A","Executed","","N","N","1683","42131229_1","M.BANK","S42131229_1","","Pay Fixed","42131229","11-Aug-2026 06:56:36 AM","0","GBP","11-Aug-2026 06:57:39 AM","11-Aug-2027","359666360","GBP","IRS","IRSW","11-Aug-2026","TAUTO42131229_1","","New","","5.2","","0","0","","GBP-LIBOR","M","11-Aug-2026","STP","","","","","C-MWIRE","","0","0","","","0","0","",
"CONFIRMED","N/A","Executed","11-Aug-2026 at 06:57:28 AM EDT - SWMatcher -  ' Matched Fields are Trade Date,Termination Date,Transaction Type,Fixed Rate,Swap Direction,Float Rate Index,Cpty Trade Id & Account Id. Status updated to Confirmed '|","N","N","1683","42131224_1","M.BANK","42131224","","Pay Fixed","42131224","11-Aug-2026 06:53:28 AM","1000","CAD","11-Aug-2026 06:57:29 AM","11-Aug-2027","300688290","CAD","IRS","IRSW","11-Aug-2026","TAUTO42131224_1","","New","","8.2","","0","6013765.8","","CAD-CDOR","M","11-Aug-2026","STP","","","","","C-MWIRE","","0","0","","","0","0","",
"CONFIRMED","N/A","Executed","","N","N","1683","42131222_1","M.BANK","S42131222_1","","Sell","42131222","11-Aug-2026 06:52:35 AM","433027.66","EUR","11-Aug-2026 06:53:19 AM","13-Aug-2036","817033330","EUR","CPFL","CPFL","11-Aug-2026","TAUTO42131222_1","","New","","","","0","0","","EUR-EuroSTR-OIS Compound","M","11-Aug-2026","STP","","3.5","","","C-MWIRE","","0","0","","","0","0","",
"CPTY ALLEGED","N/A","Doc(s) Req'd","","N","N","MWMF_FUND1","42131210_2","M.BANK","","European Master VOL SH","Sell","42131210","11-Aug-2026 06:52:06 AM","0","USD","11-Aug-2026 06:52:18 AM","","35000","USD","VOL","VOL","11-Aug-2026","A42131210_1_2_08112026_C","","Cancel","","","","0","6000","","GOOGLUSD.S","","11-Aug-2026","STP","two-way","13","","","","0","0","","","0","0","",
"CLEARED","CLR-LCH_SA","Doc(s) Req'd","11-Aug-2026 at 06:50:03 AM EDT - MarkitWire -  ' Allocations have been uploaded. Please affirm '|","N","N","Block","42131209_1","M.BANK/ABANK","S42131209_1","CDSIndex_Clearing","Buy","42131209","11-Aug-2026 06:50:38 AM","100","USD","11-Aug-2026 06:52:06 AM","20-Dec-2030","558211230","USD","CDI","CDI","11-Aug-2026","TAUTO42131209_1","test_trader","New","","1","","","","","2I65BYDX0","M","11-Aug-2026","STP","Test_Strategy","","","","","","","","","","","","",
"CONFIRMED","N/A","Executed","","N","N","1683","42131210_1","M.BANK","S42131210_1","","Buy","42131210","11-Aug-2026 06:49:55 AM","","USD","11-Aug-2026 06:50:46 AM","","35000","USD","VOL","VOL","11-Aug-2026","TAUTO42131210_1","","New","","","","","6000","","GOOGLUSD.S","M","11-Aug-2026","STP","","13","","C-MWIRE","","","","","","","","",
"DISPUTED","N/A","Doc(s) Req'd","11-Aug-2026 at 06:50:16 AM EDT - System -  ' Disputed Field(s): Float Leg Calc Period Business Days (Dealer : USNY),Fixed Leg Payment Dates Adj (Dealer : MODFOLLOWING),Fixed Leg Payment Business Days (Dealer : USNY),Float Leg Payment Dates Adj (Dealer : MODFOLLOWING),Float Leg Payment Bus(...) '|","N","N","1683","42131204_2","M.BANK","S42131204_2","","Recv Fixed","42131204","11-Aug-2026 06:49:34 AM","","USD","11-Aug-2026 06:50:16 AM","13-Aug-2027","679064130","USD","OIS","OIS","11-Aug-2026","TAUTO42131204_2","","Exer","","5.2","","","","","USD-SOFR-OIS Compound","M","11-Aug-2026","","","","","","","","","","","","","","",
"CONFIRMED","N/A","Executed","","N","N","1683","42131204_1","M.BANK","S42131204_1","","Recv Fixed","42131204","11-Aug-2026 06:46:16 AM","0","USD","11-Aug-2026 06:47:24 AM","13-Aug-2027","679064130","USD","OIS","OIS","11-Aug-2026","TAUTO42131204_1","","New","","5.2","","","","","USD-SOFR-OIS Compound","M","11-Aug-2026","STP","","","","","C-MWIRE","","","","","","","","",
"CLEARED","CLR-LCH_EUR","Doc(s) Req'd","11-Aug-2026 at 06:47:22 AM EDT - MarkitWire -  ' PreAgreed - BetaCleared;MW Id: 42131201;CCP Id: 42131198_2_0 '|11-Aug-2026 at 06:47:16 AM EDT - MarkitWire -  ' PreAgreed - BetaCleared;MW Id: 42131203;CCP Id: 42131199_2_0 '|11-Aug-2026 at 06:44:24 AM EDT - MarkitWire -  ' Allocations have been uploaded. Please affirm '|","N","N","Block","42131196_1","M.BANK/ABANK","S42131196_1","","Recv Fixed","42131196","11-Aug-2026 06:46:24 AM","0","USD","11-Aug-2026 06:47:16 AM","13-Aug-2027","863347370","USD","IFS","IFS","11-Aug-2026","TAUTO42131196_1","","New","","6","","","","","USA-CPI-U","M","11-Aug-2026","STP","","","","","","","","","","","","","",
"CONFIRMED","N/A","Executed","","N","N","1683","42131197_1","M.BANK","S42131197_1","","Recv Fixed","42131197","11-Aug-2026 06:43:54 AM","","EUR","11-Aug-2026 06:45:42 AM","13-Aug-2027","680153070","EUR","FIXED","FIXED","11-Aug-2026","TAUTO42131197_1","","New","","5.2","8","","1000","","","M","11-Aug-2026","STP","","","","","C-MWIRE","","","","","","","","",
"CONFIRMED","N/A","Executed","","N","N","1683","42131178_2","M.BANK","S42131178_1","","Sell","42131178","11-Aug-2026 06:36:45 AM","6000","USD","11-Aug-2026 06:44:56 AM","23-Dec-2027","999999999","USD","EQO","EQO","11-Aug-2026","TAUTO42131178_1_INC","","New","","","","","1000","",".SPX","M","11-Aug-2026","STP","","12","Qty 0","","C-MWIRE","1","","","","","","","",
"CPTY ALLEGED","N/A","Doc(s) Req'd","","N","N","MWMF_FUND1","42131194_2","M.BANK","","Americas Master VAR SH","Buy","42131194","11-Aug-2026 06:43:09 AM","0","USD","11-Aug-2026 06:43:11 AM","25-Sep-2030","65318798.33","USD","EQVS","EQVS","11-Aug-2026","S42131194_1_08112026_C","","Cancel","","","","0","2000","","AIR.N","","11-Aug-2026","STP","two-way","9","","","","0","0","","","0","0","",
"CPTY ALLEGED","N/A","Doc(s) Req'd","","N","N","Block","42131195_1","M.BANK","","IRS CAD 1Y","Recv Fixed","42131195","11-Aug-2026 06:42:39 AM","1000","CAD","11-Aug-2026 06:43:08 AM","11-Aug-2027","643524460","CAD","IRS","IRS","11-Aug-2026","","","New","","8.2","","0","12870489.2","","CAD-CDOR","","11-Aug-2026","STP","two-way","","","","","","0","0","","","0","0","LCHSGB2L",
"CONFIRMED","N/A","Executed","","N","N","1683","42131194_1","M.BANK","S42131194_1","","Sell","42131194","11-Aug-2026 06:41:37 AM","0","USD","11-Aug-2026 06:42:19 AM","25-Sep-2030","65318798.33","USD","EQVS","EQVS","11-Aug-2026","TAUTO42131194_1","","New","","","","0","2000","","AIR.N","M","11-Aug-2026","STP","","9","","C-MWIRE","","0","0","","","0","0","",
"AWAIT CLR","PND-LCH_EUR","","11-Aug-2026 at 06:37:33 AM EDT - MarkitWire -  ' Allocations have been uploaded. Please affirm '|","N","N","Block","42131186_1","M.BANK/ABANK","S42131186_1","","Recv Fixed","42131186","11-Aug-2026 06:38:38 AM","0","USD","11-Aug-2026 06:39:03 AM","13-Aug-2027","444940520","USD","IFS","IFS","11-Aug-2026","TAUTO42131186_1","","New","","6","","","","","USA-CPI-U","M","11-Aug-2026","STP","","","","","","","","","","","","","",
"DISPUTED","N/A","Doc(s) Req'd","11-Aug-2026 at 06:37:28 AM EDT - System -  ' Disputed Field(s): Notional (Dealer : USD 100),Fee(w/ tolerance btwn 0.0 and 1.0) (Dealer : USD 250), [ Allocations-->|1683:MWMF_FUND1:Fee (Dealer : USD 250),Independent Amount (Dealer : USD 1000) ]. Status updated to Disputed '|11-Aug-2026 at 06:30:26 AM EDT - System -  ' Disputed Field(s): Notional (Dealer : USD 964756400),Fee(w/ tolerance btwn 0.0 and 1.0) (Dealer : USD 5500), [ Allocations-->|1683:MWMF_FUND1:Fee (Dealer : USD 5500),Independent Amount (Dealer : USD 1000) ]. Status updated to Disputed '|11-Aug-2026 at 05:11:35 AM EDT - System -  ' Disputed Field(s): Notional (Dealer : USD 100),Fee(w/ tolerance btwn 0.0 and 1.0) (Dealer : USD 250), [ Allocations-->|1683:MWMF_FUND1:Fee (Dealer : USD 250),Independent Amount (Dealer : USD 1000) ]. Status updated to Disputed '|","N","N","1683","42131027_2","M.BANK","S42130741_1","","Sell","42131027","11-Aug-2026 04:53:58 AM","3100","USD","11-Aug-2026 06:37:29 AM","23-Dec-2027","659902110.5","USD","EQO","EQO","11-Aug-2026","TAUTO42130741_1","","New","","","","","","",".SPX","M","11-Aug-2026","","","12","Qty 0","","","1","","","","","","","",
"CONFIRMED","N/A","Executed","","N","N","1683","42131185_1","M.BANK","S42131185_1","","Pay Fixed","42131185","11-Aug-2026 06:36:17 AM","1000","CAD","11-Aug-2026 06:37:07 AM","13-Aug-2027","768626460","CAD","IRS","IRSW","11-Aug-2026","TAUTO42131185_1","","New","","8.2","","0","0","","CAD-CORRA CanDeal TMX Term","M","11-Aug-2026","STP","","","","","C-MWIRE","","0","0","","","0","0","",
"CONFIRMED","N/A","Executed","11-Aug-2026 at 06:33:00 AM EDT - MarkitWire -  ' 1683 :Novation via MTM - MWMF\Markit Wire Mega Fund EU Trader2 initiated novation request to TEST1 (Incoming) and MWBA (Remaining). Waiting for response... '|","N","N","1683","A42131177_08112026635","M.BANK/ABANK","S42131177_1","","Pay Fixed","TAUTO42131177_1_nv","11-Aug-2026 06:35:17 AM","0","ZAR","11-Aug-2026 06:35:45 AM","11-Aug-2027","480445152","ZAR","OIS","OIS","11-Aug-2026","TAUTO42131177_1_nv","","Asgm","","5","","0","0","","ZAR-ZARONIA-OIS Compound","M","11-Aug-2026","STP","","","","","C-MWIRE","","0","0","","","0","0","",
"ALLEGED","N/A","Doc(s) Req'd","","N","N","1683","","M.BANK","S42131183_1","","Sell","","","5000","USD","11-Aug-2026 06:35:33 AM","23-Dec-2027","801523350.5","USD","EQO","EQO","11-Aug-2026","TAUTO42131183_1","","New","","","","","","",".SPX","M","11-Aug-2026","","","12","Qty 0","","","1","","","","","","","",
"CPTY ALLEGED","N/A","Doc(s) Req'd","","N","N","MWMF_FUND1","42131183_1","M.BANK","","Cliquet Master EQ IN OP","Buy","42131183","11-Aug-2026 06:34:44 AM","5000","USD","11-Aug-2026 06:35:06 AM","23-Dec-2027","801523350","USD","EQO","EQO","11-Aug-2026","","","New","","","","0","0","",".SPX","","11-Aug-2026","STP","two-way","12","Qty 0","","","1","0","0","","","0","0","",
"CONFIRMED","N/A","Executed","","N","N","1683","42131179_1","M.BANK","S42131179_1","","Sell","42131179","11-Aug-2026 06:31:56 AM","11040501560","USD","11-Aug-2026 06:33:17 AM","15-Sep-2026","0","USD","EQO","EQO","11-Aug-2026","TAUTO42131179_1","","New","","","","0","0","",".SPXAV10P","M","11-Aug-2026","STP","","15","Qty 501840980","","C-MWIRE","1","0","0","","","0","0","",
"CONFIRMED","N/A","Executed","11-Aug-2026 at 06:30:26 AM EDT - MarkitWire -  ' 1683 :Deal is currently under review '|","N","N","1683","42131178_1","M.BANK","S42131178_1","","Sell","42131178","11-Aug-2026 06:30:04 AM","5500","USD","11-Aug-2026 06:31:12 AM","23-Dec-2027","964756400.5","USD","EQO","EQO","11-Aug-2026","TAUTO42131178_1","","New","","","","0","1000","",".SPX","M","11-Aug-2026","STP","","12","Qty 0","","C-MWIRE","1","0","0","","","0","0","",
"CONFIRMED","N/A","Executed","","N","N","1683","42131177_1","M.BANK","S42131177_1","","Pay Fixed","42131177","11-Aug-2026 06:27:16 AM","0","ZAR","11-Aug-2026 06:28:00 AM","11-Aug-2027","800741920","ZAR","OIS","OIS","11-Aug-2026","TAUTO42131177_1","","New","","5","","","","","ZAR-ZARONIA-OIS Compound","M","11-Aug-2026","STP","","","","","C-MWIRE","","","","","","","","",
"CPTY ALLEGED","N/A","Doc(s) Req'd","","N","N","MWMF_FUND1","42131176_2","M.BANK","","Americas Master EQ IN OP","Buy","42131176","11-Aug-2026 06:27:48 AM","14401589800","USD","11-Aug-2026 06:27:57 AM","15-Sep-2026","0","USD","EQO","EQO","11-Aug-2026","A42131176_1_2_08112026_M","","Amend","A","","","0","0","",".SPXAV10P","","11-Aug-2026","STP","two-way","12","Qty 720079490","","","1","0","0","","","0","0","",
"CONFIRMED","N/A","Executed","","N","N","1683","42131176_1","M.BANK","S42131176_1","","Sell","42131176","11-Aug-2026 06:26:47 AM","14401589800","USD","11-Aug-2026 06:27:30 AM","15-Sep-2026","0","USD","EQO","EQO","11-Aug-2026","TAUTO42131176_1","","New","","","","0","0","",".SPXAV10P","M","11-Aug-2026","STP","","10","Qty 720079490","","C-MWIRE","1","0","0","","","0","0","",
"CONFIRMED","N/A","Executed","","N","N","1683","42131175_2","M.BANK","S42131175_2","","Sell","42131175","11-Aug-2026 06:26:18 AM","35420","USD","11-Aug-2026 06:27:07 AM","15-Sep-2026","0","USD","EQO","EQO","11-Aug-2026","TAUTO42131175_2","","P.Term","","","","","","",".SPXAV10P","M","11-Aug-2026","STP","","15","Qty 23","","C-MWIRE","1","","","","","","","",
"CONFIRMED","N/A","Executed","","N","N","1683","42130799_2","M.BANK","S42131174_2","","Sell","42130799","11-Aug-2026 03:13:37 AM","1000","USD","11-Aug-2026 06:26:32 AM","15-Sep-2026","0","USD","EQO","EQO","11-Aug-2026","TAUTO42131174_2","","Amend","A","","","","1000","",".SPXAV10P","M","11-Aug-2026","STP","","1","Qty 602","","C-MWIRE","","","","","","","","",
"CONFIRMED","N/A","Executed","","N","N","1683","42131167_2","M.BANK","S42131167_2","","Sell","42131167","11-Aug-2026 06:05:25 AM","0","USD","11-Aug-2026 06:26:25 AM","27-Dec-2027","0","USD","EQO","EQO","11-Aug-2026","TAUTO42131167_2","","Amend","A","","","","","",".SPXAV10P","M","11-Aug-2026","STP","","1","Qty 602","","C-MWIRE","1","","","","","","","",
"CONFIRMED","N/A","Executed","","N","N","1683","42131175_1","M.BANK","S42131175_1","","Sell","42131175","11-Aug-2026 06:24:49 AM","15156928600","USD","11-Aug-2026 06:25:54 AM","15-Sep-2026","0","USD","EQO","EQO","11-Aug-2026","TAUTO42131175_1","","New","","","","0","0","",".SPXAV10P","M","11-Aug-2026","STP","","15","Qty 688951300","","C-MWIRE","1","0","0","","","0","0","",
"CPTY ALLEGED","N/A","Doc(s) Req'd","","N","N","MWMF_FUND1","42131174_2","M.BANK","","Spread Master EQ IN OP","Buy","42131174","11-Aug-2026 06:20:59 AM","1000","USD","11-Aug-2026 06:21:09 AM","15-Sep-2026","0","USD","EQO","EQO","11-Aug-2026","A42131174_1_2_08112026_M","","Amend","A","","","0","1000","",".SPXAV10P","","11-Aug-2026","STP","two-way","1","Qty 602.0009","","","","0","0","","","0","0","",
"CONFIRMED","N/A","Executed","","N","N","1683","42131174_1","M.BANK","S42131174_1","","Sell","42131174","11-Aug-2026 06:19:51 AM","1000","USD","11-Aug-2026 06:20:41 AM","15-Sep-2026","0","USD","EQO","EQO","11-Aug-2026","TAUTO42131174_1","","New","","","","0","1000","",".SPXAV10P","M","11-Aug-2026","STP","","1","Qty 842093410","","C-MWIRE","","0","0","","","0","0","",
"CONFIRMED","N/A","Executed","","N","N","1683","42131173_1","M.BANK","S42131173_1","","Recv Fixed","42131173","11-Aug-2026 06:19:42 AM","75607.02","SAR","11-Aug-2026 06:20:29 AM","14-Aug-2035","252023400","SAR","SWO","SWO","11-Aug-2026","TAUTO42131173_1","","New","","4","","","","","SAR-SAIBOR","M","11-Aug-2026","STP","","","","","C-MWIRE","","","","","","","","",
"CPTY ALLEGED","N/A","Doc(s) Req'd","","N","N","MWMF_FUND1","42131171_2","M.BANK","","Americas Master EQ IN OP","Buy","42131171","11-Aug-2026 06:13:06 AM","12040.02","USD","11-Aug-2026 06:19:42 AM","15-Sep-2026","0","USD","EQO","EQO","11-Aug-2026","A42131171_1_2_08112026_M","","Amend","A","","","0","0","",".SPXAV10P","M","11-Aug-2026","STP","two-way","10","Qty 602.0009","","","1","0","0","","","0","0","",
"CPTY ALLEGED","N/A","Doc(s) Req'd","","N","N","MWMF_FUND1","42131170_2","M.BANK","","Americas Master EQ IN OP","Buy","42131170","11-Aug-2026 06:12:57 AM","28140","USD","11-Aug-2026 06:19:41 AM","15-Sep-2026","0","USD","EQO","EQO","11-Aug-2026","A42131170_1_2_08112026_U","","P.Term","","","","0","0","",".SPXAV10P","M","11-Aug-2026","STP","two-way","10","Qty 21","","","1","0","0","","","0","0","",
"CONFIRMED","N/A","Executed","","N","N","1683","42131160_2","M.BANK","S42131170_2","","Sell","42131160","11-Aug-2026 05:58:43 AM","28140","USD","11-Aug-2026 06:13:45 AM","15-Sep-2026","0","USD","EQO","EQO","11-Aug-2026","TAUTO42131170_2","","P.Term","","","","","","",".SPXAV10P","M","11-Aug-2026","STP","","10","Qty 21","","C-MWIRE","1","","","","","","","",
"CONFIRMED","N/A","Executed","","N","N","1683","42131172_1","M.BANK","S42131172_1","","Pay Fixed","42131172","11-Aug-2026 06:12:04 AM","212504.49","USD","11-Aug-2026 06:12:52 AM","14-Aug-2035","708348300","USD","SWO","SWO","11-Aug-2026","TAUTO42131172_1","","New","","4","","","14166966","2","USD-LIBOR","M","11-Aug-2026","STP","","","","","C-MWIRE","","","","","","","","",
"CONFIRMED","N/A","Executed","","N","N","1683","42131171_1","M.BANK","S42131171_1","","Sell","42131171","11-Aug-2026 06:12:01 AM","13364144800","USD","11-Aug-2026 06:12:48 AM","15-Sep-2026","0","USD","EQO","EQO","11-Aug-2026","TAUTO42131171_1","","New","","","","0","0","",".SPXAV10P","M","11-Aug-2026","STP","","10","Qty 668207240","","C-MWIRE","1","0","0","","","0","0","",
"CONFIRMED","N/A","Executed","","N","N","1683","42131170_1","M.BANK","S42131170_1","","Sell","42131170","11-Aug-2026 06:11:32 AM","15530869600","USD","11-Aug-2026 06:12:34 AM","15-Sep-2026","0","USD","EQO","EQO","11-Aug-2026","TAUTO42131170_1","","New","","","","0","0","",".SPXAV10P","M","11-Aug-2026","STP","","10","Qty 776543480","","C-MWIRE","1","0","0","","","0","0","",
"CONFIRMED","N/A","Executed","","N","N","1683","42131169_1","M.BANK","S42131169_1","","Sell","42131169","11-Aug-2026 06:04:44 AM","1000","USD","11-Aug-2026 06:05:53 AM","15-Sep-2026","0","USD","EQO","EQO","11-Aug-2026","TAUTO42131169_1","","New","","","","0","0","",".SPXAV10P","M","11-Aug-2026","STP","","1","Qty 684280540","","C-MWIRE","","0","0","","","0","0","",
"CONFIRMED","N/A","Executed","","N","N","1683","42131168_1","M.BANK","S42131168_1","","Recv Fixed","42131168","11-Aug-2026 06:04:35 AM","1000","AUD","11-Aug-2026 06:05:20 AM","12-Aug-2031","297105660","AUD","IFS","IFS","11-Aug-2026","TAUTO42131168_1","","New","","6","","","5942113.2","","AUD-CPI","M","11-Aug-2026","STP","","","","","C-MWIRE","","","","","","","","",
"CONFIRMED","N/A","Executed","","N","N","1683","42131167_1","M.BANK","S42131167_1","","Sell","42131167","11-Aug-2026 06:04:24 AM","1022.2","USD","11-Aug-2026 06:05:08 AM","27-Dec-2027","0","USD","EQO","EQO","11-Aug-2026","TAUTO42131167_1","","New","","","","0","0","",".SPXAV10P","M","11-Aug-2026","STP","","1","Qty 204439100","","C-MWIRE","1","0","0","","","0","0","",
"CONFIRMED","N/A","Executed","","N","N","1683","42131166_2","M.BANK","S42131166_2","","Sell","42131166","11-Aug-2026 06:03:31 AM","1000","USD","11-Aug-2026 06:04:09 AM","15-Sep-2026","996954930","USD","EQO","EQO","11-Aug-2026","TAUTO42131166_2","","Amend","A","","","","1000","",".SPXAV10P","M","11-Aug-2026","STP","","2","Qty 144388800","","C-MWIRE","","","","","","","","",
"CONFIRMED","N/A","Executed","","N","N","1683","42131166_1","M.BANK","S42131166_1","","Sell","42131166","11-Aug-2026 06:02:17 AM","1000","USD","11-Aug-2026 06:03:11 AM","15-Sep-2026","996954930.5","USD","EQO","EQO","11-Aug-2026","TAUTO42131166_1","","New","","","","0","1000","",".SPXAV10P","M","11-Aug-2026","STP","","1","Qty 144388800","","C-MWIRE","","0","0","","","0","0","",
"CONFIRMED","N/A","Executed","","N","N","1683","42130999_2","M.BANK","S42131160_2","","Sell","42130999","11-Aug-2026 04:43:08 AM","28140","USD","11-Aug-2026 05:59:36 AM","15-Sep-2026","0","USD","EQO","EQO","11-Aug-2026","TAUTO42131160_2","","P.Term","","","","","","",".SPXAV10P","M","11-Aug-2026","STP","","10","Qty 21","","C-MWIRE","1","","","","","","","",
"CONFIRMED","N/A","Executed","","N","N","1683","42131161_1","M.BANK","S42131161_1","","Sell","42131161","11-Aug-2026 05:57:03 AM","1000","USD","11-Aug-2026 05:58:27 AM","15-Sep-2026","0","USD","EQO","EQO","11-Aug-2026","TAUTO42131161_1","","New","","","","0","0","",".SPXAV10P","M","11-Aug-2026","STP","","1","Qty 779792530","","C-MWIRE","","0","0","","","0","0","",
"CONFIRMED","N/A","Executed","","N","N","1683","42131160_1","M.BANK","S42131160_1","","Sell","42131160","11-Aug-2026 05:57:04 AM","8771077800","USD","11-Aug-2026 05:58:23 AM","15-Sep-2026","0","USD","EQO","EQO","11-Aug-2026","TAUTO42131160_1","","New","","","","0","0","",".SPXAV10P","M","11-Aug-2026","STP","","10","Qty 438553890","","C-MWIRE","1","0","0","","","0","0","",
"ALLEGED","N/A","Doc(s) Req'd","","N","N","1683","","M.BANK","S42131159_1","","Sell","","","5000","USD","11-Aug-2026 05:58:18 AM","23-Dec-2027","473905940.5","USD","EQO","EQO","11-Aug-2026","TAUTO42131159_1","","New","","","","","","",".SPX","M","11-Aug-2026","","","12","Qty 0","","","1","","","","","","","",
"CONFIRMED","N/A","Executed","","N","N","1683","42131158_1","M.BANK","S42131158_1","","Recv Fixed","42131158","11-Aug-2026 05:57:01 AM","1000","USD","11-Aug-2026 05:57:43 AM","13-Aug-2027","146349870","USD","IFS","IFS","11-Aug-2026","TAUTO42131158_1","","New","","6","","","2926997.4","2","USA-CPI-U","M","11-Aug-2026","STP","","","","","C-MWIRE","","","","","","","","",
"CPTY ALLEGED","N/A","Doc(s) Req'd","","N","N","MWMF_FUND1","42131159_1","M.BANK","","Cliquet Master EQ IN OP","Buy","42131159","11-Aug-2026 05:57:03 AM","5000","USD","11-Aug-2026 05:57:22 AM","23-Dec-2027","473905940","USD","EQO","EQO","11-Aug-2026","","","New","","","","0","0","",".SPX","","11-Aug-2026","STP","two-way","12","Qty 0","","","1","0","0","","","0","0","",
"CPTY ALLEGED","N/A","Doc(s) Req'd","","N","N","MWMF_FUND1","42131155_2","M.BANK","","Spread Master EQ IN OP","Buy","42131155","11-Aug-2026 05:55:30 AM","1000","USD","11-Aug-2026 05:55:40 AM","15-Sep-2026","0","USD","EQO","EQO","11-Aug-2026","A42131155_1_2_08112026_M","","Amend","A","","","0","1000","",".SPXAV10P","","11-Aug-2026","STP","two-way","2","Qty 879282740","","","","0","0","","","0","0","",
"CONFIRMED","N/A","Executed","","N","N","1683","42131155_1","M.BANK","S42131155_1","","Sell","42131155","11-Aug-2026 05:54:26 AM","1000","USD","11-Aug-2026 05:55:10 AM","15-Sep-2026","0","USD","EQO","EQO","11-Aug-2026","TAUTO42131155_1","","New","","","","0","1000","",".SPXAV10P","M","11-Aug-2026","STP","","1","Qty 879282740","","C-MWIRE","","0","0","","","0","0","",
"CONFIRMED","N/A","Executed","","N","N","1683","42131152_1","M.BANK","S42131152_1","","Recv Fixed","42131152","11-Aug-2026 05:49:30 AM","1000","AUD","11-Aug-2026 05:50:13 AM","11-Aug-2027","245833850","AUD","FIXED","FIXED","11-Aug-2026","TAUTO42131152_1","","New","","5","8","","4916677","2","","M","11-Aug-2026","STP","","","","","C-MWIRE","","","","","","","","",
"CPTY ALLEGED","N/A","Doc(s) Req'd","","N","N","MWMF_FUND1","42131149_2","M.BANK","","Americas Master VAR IN","Buy","42131149","11-Aug-2026 05:47:37 AM","0","USD","11-Aug-2026 05:47:45 AM","27-Jan-2027","5738374.62","USD","EQVS","EQVS","11-Aug-2026","A42131149_1_2_08112026_M","","Amend","A","","","0","5000","",".SPXNTR","","11-Aug-2026","STP","two-way","97.0225","","","","0","0","","","0","0","",
"CONFIRMED","N/A","Executed","","N","N","1683","42131149_1","M.BANK","S42131149_1","","Sell","42131149","11-Aug-2026 05:46:36 AM","0","USD","11-Aug-2026 05:47:19 AM","27-Jan-2027","9662049.57","USD","EQVS","EQVS","11-Aug-2026","TAUTO42131149_1","","New","","","","0","5000","",".SPXNTR","M","11-Aug-2026","STP","","34.2225","","C-MWIRE","","0","0","","","0","0","",
"CONFIRMED","N/A","Executed","","N","N","1683","42130890_2","M.BANK","S42131148_2","","Buy","42130890","11-Aug-2026 03:59:22 AM","2000","USD","11-Aug-2026 05:46:23 AM","11-Aug-2027","0","USD","EQDEC","EQDEC","11-Aug-2026","TAUTO42131148_2","","Amend","A","","","","","","DXCM.O","M","11-Aug-2026","STP","","","","","C-MWIRE","","","","","","","","",
"CPTY ALLEGED","N/A","Doc(s) Req'd","","N","N","MWMF_FUND1","42131148_2","M.BANK","","EQ DECU","Sell","42131148","11-Aug-2026 05:45:42 AM","2000","USD","11-Aug-2026 05:45:50 AM","11-Aug-2027","0","USD","EQDEC","EQDEC","11-Aug-2026","A42131148_1_2_08112026_M","","Amend","A","","","0","0","","DXCM.O","","11-Aug-2026","STP","two-way","","","","","","0","0","","","0","0","",
"CONFIRMED","N/A","Executed","","N","N","1683","42131148_1","M.BANK","S42131148_1","","Buy","42131148","11-Aug-2026 05:44:17 AM","2000","USD","11-Aug-2026 05:44:59 AM","11-Aug-2027","0","USD","EQDEC","EQDEC","11-Aug-2026","TAUTO42131148_1","","New","","","","","","","DXCM.O","M","11-Aug-2026","STP","","","","","C-MWIRE","","","","","","","","",
"DISPUTED","N/A","Doc(s) Req'd","11-Aug-2026 at 05:43:25 AM EDT - System -  ' Disputed Field(s): Leg2 Term Date Adj (Dealer : MODFOLLOWING),Leg1 Term Date Adj (Dealer : MODFOLLOWING),Leg2 Term Date Business Days (Dealer : HUBU,TRIS),Leg1 Pay Relative To (Dealer : CalculationPeriodEndDate),Leg1 Term Date Business Days (De(...) '|","N","N","1683","42131147_1","M.BANK","S42131147_1","","Recv","42131147","11-Aug-2026 05:42:37 AM","1000","HUF","11-Aug-2026 05:43:25 AM","13-Aug-2027","708678470","HUF","CCIRS","CCIRS","11-Aug-2026","TAUTO42131147_1","","New","","4","","","","","TRY-TRLIBOR","M","11-Aug-2026","","","","","","","","","","","","","","",
"CONFIRMED","N/A","Executed","","N","N","1683","42131136_2","M.BANK","S42131136_2","","Sell","42131136","11-Aug-2026 05:41:46 AM","","USD","11-Aug-2026 05:42:39 AM","27-Jan-2027","44711815.23","USD","EQVS","EQVS","11-Aug-2026","TAUTO42131136_2","","Amend","A","","","","5000","",".SPXNTR","M","11-Aug-2026","STP","","97.0225","","C-MWIRE","","","","","","","","",
"CLEARED","CLR-LCH_EUR","Doc(s) Req'd","11-Aug-2026 at 05:42:35 AM EDT - MarkitWire -  ' PreAgreed - BetaCleared;MW Id: 42131140;CCP Id: 42131137_2_0 '|11-Aug-2026 at 05:42:31 AM EDT - MarkitWire -  ' PreAgreed - BetaCleared;MW Id: 42131142;CCP Id: 42131138_2_0 '|11-Aug-2026 at 05:40:52 AM EDT - MarkitWire -  ' Allocations have been uploaded. Please affirm '|","N","N","Block","42131135_1","M.BANK/ABANK","S42131135_1","","Pay Fixed","42131135","11-Aug-2026 05:41:33 AM","0","AUD","11-Aug-2026 05:42:31 AM","12-Aug-2036","927879670","AUD","IRS","IRSW","11-Aug-2026","TAUTO42131135_1","","New","","5","","0","0","","AUD-BBSW","M","11-Aug-2026","STP","","","","","","","0","0","","","0","0","",
"CONFIRMED","N/A","Executed","","N","N","1683","42131136_1","M.BANK","S42131136_1","","Sell","42131136","11-Aug-2026 05:40:17 AM","0","USD","11-Aug-2026 05:41:16 AM","27-Jan-2027","75283996.58","USD","EQVS","EQVS","11-Aug-2026","TAUTO42131136_1","","New","","","","0","5000","",".SPXNTR","M","11-Aug-2026","STP","","34.2225","","C-MWIRE","","0","0","","","0","0","",
"CONFIRMED","N/A","Executed","","N","N","1683","42131134_1","M.BANK","S42131132_1","","Rec Equity,Pay Interest","42131134","11-Aug-2026 05:34:26 AM","0","USD","11-Aug-2026 05:37:11 AM","15-Aug-2028","187913959200","USD","EQS","EQS","11-Aug-2026","TAUTO42131134_1","","Amend","A","","","0","7860","","QAN.AX","M","11-Aug-2026","STP","","","Qty 720","","C-MWIRE","","0","0","","","0","0","",
"CONFIRMED","N/A","Executed","","N","N","1683","42131132_1","M.BANK","S42131132_1","","Rec Equity,Pay Interest","42131132","11-Aug-2026 05:34:26 AM","0","USD","11-Aug-2026 05:37:10 AM","15-Aug-2028","187913959200","USD","EQS","EQS","11-Aug-2026","TAUTO42131132_1","","New","","","","0","7860","","QAN.AX","M","11-Aug-2026","STP","","","Qty 720","","C-MWIRE","","0","0","","","0","0","",
"CONFIRMED","N/A","Executed","","N","N","1683","42131133_1","M.BANK","S42131133_1","","Sell","42131133","11-Aug-2026 05:35:02 AM","0","USD","11-Aug-2026 05:35:50 AM","13-Aug-2027","883925020","USD","FRA","FRA","11-Aug-2026","TAUTO42131133_1","","New","","5.2","","","","","USD-LIBOR","M","11-Aug-2026","STP","","","","","C-MWIRE","","","","","","","","",
"AWAIT CLR","PND-LCH_SA","","11-Aug-2026 at 05:30:32 AM EDT - MarkitWire -  ' Allocations have been uploaded. Please affirm '|","N","N","Block","42131124_1","M.BANK/ABANK","S42131124_1","CDSIndex_Clearing","Buy","42131124","11-Aug-2026 05:31:10 AM","100","USD","11-Aug-2026 05:31:43 AM","20-Dec-2030","715877120","USD","CDI","CDI","11-Aug-2026","TAUTO42131124_1","test_trader","New","","1","","","","","2I65BYDX0","M","11-Aug-2026","STP","Test_Strategy","","","","","","","","","","","","",
"DISPUTED","N/A","Doc(s) Req'd","11-Aug-2026 at 05:30:58 AM EDT - System -  ' Disputed Field(s): MarkitWire Defaults modified by the dealer on following fields(Break 1st Date Tenor, Break Frequency). Status updated to Disputed '|","N","N","1683","42131123_1","M.BANK","S42131123_1","","Recv","42131123","11-Aug-2026 05:28:11 AM","","AUD","11-Aug-2026 05:30:59 AM","13-Aug-2036","925011250","AUD","CCBSWP","CCBSWP","11-Aug-2026","TAUTO42131123_1","","New","","","","","26463821.1","","USD-SOFR-OIS Compound","M","11-Aug-2026","","","","","","","","","","","","","","",
"ALLOC DELIV","IFC-LCH_EUR","Doc(s) Req'd","11-Aug-2026 at 05:27:09 AM EDT - MarkitWire -  ' Allocations have been uploaded. Please affirm '|","N","N","Block","42131122_1","M.BANK/ABANK","S42131122_1","","Recv Fixed","42131122","11-Aug-2026 05:26:01 AM","0","USD","11-Aug-2026 05:27:32 AM","13-Aug-2027","267795510","USD","IFS","IFS","11-Aug-2026","TAUTO42131122_1","","New","","6","","","","","USA-CPI-U","M","11-Aug-2026","","","","","","","","","","","","","","",
"ALLEGED","N/A","Doc(s) Req'd","","N","N","1683","","M.BANK","S42131111_2","","Sell","","","2604960","USD","11-Aug-2026 05:25:48 AM","10-Aug-2028","0","USD","EQO","EQO","11-Aug-2026","TAUTO42131111_2","","P.Term","","","","","8000","","GOOG.OQ","M","11-Aug-2026","","","11","Qty 1810","","","","","","","","","","",
"CPTY ALLEGED","N/A","Doc(s) Req'd","","N","N","MWMF_FUND1","42131111_2","M.BANK","","Americas Master EQ SH OP","Buy","42131111","11-Aug-2026 05:25:00 AM","2604960","USD","11-Aug-2026 05:25:18 AM","10-Aug-2028","0","USD","EQO","EQO","11-Aug-2026","A42131111_1_2_08112026_U","","P.Term","","","","0","0","","GOOG.OQ","","11-Aug-2026","STP","two-way","11","Qty 1809","","","1","0","0","","","0","0","",
"CLEARED","CLR-LCH_EUR","Doc(s) Req'd","11-Aug-2026 at 05:25:03 AM EDT - MarkitWire -  ' PreAgreed - BetaCleared;MW Id: 42131117;CCP Id: 42131113_2_0 '|11-Aug-2026 at 05:24:59 AM EDT - MarkitWire -  ' PreAgreed - BetaCleared;MW Id: 42131115;CCP Id: 42131112_2_0 '|11-Aug-2026 at 05:23:30 AM EDT - MarkitWire -  ' Allocations have been uploaded. Please affirm '|","N","N","Block","42131110_1","M.BANK/ABANK","S42131110_1","","Sell","42131110","11-Aug-2026 05:24:05 AM","0","EUR","11-Aug-2026 05:24:59 AM","13-Aug-2027","913414710","EUR","FRA","FRA","11-Aug-2026","TAUTO42131110_1","","New","","1.234568","","","","","EUR-EURIBOR","M","11-Aug-2026","STP","","","","","","","","","","","","","",
"CONFIRMED","N/A","Executed","","N","N","1683","42131111_1","M.BANK","S42131111_1","","Sell","42131111","11-Aug-2026 05:23:15 AM","1064688","USD","11-Aug-2026 05:24:37 AM","10-Aug-2028","0","USD","EQO","EQO","11-Aug-2026","TAUTO42131111_1","","New","","","","","8000","","GOOG.OQ","M","11-Aug-2026","STP","","11","Qty 66543","","C-MWIRE","","","","","","","","",
"CONFIRMED","N/A","Executed","","N","N","1683","42131105_1","M.BANK","S42131105_1","","Pay","42131105","11-Aug-2026 05:20:18 AM","0","ZAR","11-Aug-2026 05:21:23 AM","11-Aug-2036","137440280","ZAR","BSWP","BSWP","11-Aug-2026","TAUTO42131105_1","","New","","","","","","","ZAR-ZARONIA","M","11-Aug-2026","STP","","","","","C-MWIRE","","","","","","","","",
"CLEARED","CLR-LCH_EUR","Doc(s) Req'd","11-Aug-2026 at 05:21:18 AM EDT - MarkitWire -  ' PreAgreed - BetaCleared;MW Id: 42131102;CCP Id: 42131099_2_0 '|11-Aug-2026 at 05:21:16 AM EDT - MarkitWire -  ' PreAgreed - BetaCleared;MW Id: 42131104;CCP Id: 42131100_2_0 '|11-Aug-2026 at 05:18:35 AM EDT - MarkitWire -  ' Allocations have been uploaded. Please affirm '|","N","N","Block","42131098_1","M.BANK/ABANK","S42131098_1","","Pay","42131098","11-Aug-2026 05:19:43 AM","0","EUR","11-Aug-2026 05:21:16 AM","13-Aug-2027","353340120","EUR","BSWP","BSWP","11-Aug-2026","TAUTO42131098_1","","New","","","","","","","EUR-EURIBOR","M","11-Aug-2026","STP","","","","","","","","","","","","","",
"CONFIRMED","N/A","Executed","11-Aug-2026 at 05:17:31 AM EDT - MarkitWire -  ' 1683 :Novation via MTM - MWMF\Markit Wire Mega Fund EU Trader2 initiated novation request to TEST1 (Incoming) and MWBA (Remaining). Waiting for response... '|","N","N","1683","A42131083_08112026519","M.BANK/ABANK","S42131083_1","","Pay Fixed","TAUTO42131083_1_nv","11-Aug-2026 05:19:22 AM","1000","USD","11-Aug-2026 05:19:40 AM","13-Aug-2027","586038252","USD","OIS","OIS","11-Aug-2026","TAUTO42131083_1_nv","","Asgm","","5.2","","0","19534608.4","3","USD-SOFR-OIS Compound","M","11-Aug-2026","STP","","","","","C-MWIRE","","0","0","","","0","0","",
"CLEARED","CLR-LCH_EUR","Doc(s) Req'd","11-Aug-2026 at 05:16:44 AM EDT - MarkitWire -  ' PreAgreed - BetaCleared;MW Id: 42131088;CCP Id: 42131085_2_0 '|11-Aug-2026 at 05:16:41 AM EDT - MarkitWire -  ' PreAgreed - BetaCleared;MW Id: 42131090;CCP Id: 42131086_2_0 '|11-Aug-2026 at 05:14:59 AM EDT - MarkitWire -  ' Allocations have been uploaded. Please affirm '|","N","N","Block","42131084_1","M.BANK/ABANK","S42131084_1","","Recv Fixed","42131084","11-Aug-2026 05:15:47 AM","0","USD","11-Aug-2026 05:16:41 AM","13-Feb-2027","331277230","USD","OIS","OIS","11-Aug-2026","TAUTO42131084_1","","New","","5","","","","","USD-SOFR-OIS Compound","M","11-Aug-2026","STP","","","","","","","","","","","","","",
"CONFIRMED","N/A","Executed","","N","N","1683","42131083_1","M.BANK","S42131083_1","","Recv Fixed","42131083","11-Aug-2026 05:13:13 AM","1000","USD","11-Aug-2026 05:13:57 AM","13-Aug-2027","976730420","USD","OIS","OIS","11-Aug-2026","TAUTO42131083_1","","New","","5.2","","","19534608.4","2","USD-SOFR-OIS Compound","M","11-Aug-2026","STP","","","","","C-MWIRE","","","","","","","","",
"CLEARED","CLR-LCH_EUR","Doc(s) Req'd","11-Aug-2026 at 05:13:01 AM EDT - MarkitWire -  ' PreAgreed - BetaCleared;MW Id: 42131078;CCP Id: 42131074_2_0 '|11-Aug-2026 at 05:12:57 AM EDT - MarkitWire -  ' PreAgreed - BetaCleared;MW Id: 42131076;CCP Id: 42131073_2_0 '|11-Aug-2026 at 05:09:58 AM EDT - MarkitWire -  ' Allocations have been uploaded. Please affirm '|","N","N","Block","42131069_1","M.BANK/ABANK","S42131069_1","","Pay Fixed","42131069","11-Aug-2026 05:10:38 AM","0","AUD","11-Aug-2026 05:12:57 AM","12-Aug-2041","532021170","AUD","IRS","IRSW","11-Aug-2026","TAUTO42131069_1","","New","","5.2","","0","0","","AUD-BBSW","M","11-Aug-2026","STP","","","","","","","0","0","","","0","0","",
"CONFIRMED","N/A","Executed","11-Aug-2026 at 05:09:16 AM EDT - MarkitWire -  ' 1683 :Novation via MTM - MWMF\Markit Wire Mega Fund EU Trader2 initiated novation request to TEST1 (Incoming) and MWBA (Remaining). Waiting for response... '|","N","N","1683","A42131064_08112026512","M.BANK/ABANK","S42131064_1","","Pay Fixed","TAUTO42131064_1_nv","11-Aug-2026 05:11:38 AM","1000","CAD","11-Aug-2026 05:12:45 AM","11-Aug-2027","359237874","CAD","IRS","IRSW","11-Aug-2026","TAUTO42131064_1_nv","","Asgm","","8.2","","0","11974595.8","3","CAD-CDOR","M","11-Aug-2026","STP","","","","","C-MWIRE","","0","0","","","0","0","",
"CONFIRMED","N/A","Executed","","N","N","1683","42131064_1","M.BANK","S42131064_1","","Pay Fixed","42131064","11-Aug-2026 05:03:56 AM","1000","CAD","11-Aug-2026 05:04:59 AM","11-Aug-2027","598729790","CAD","IRS","IRSW","11-Aug-2026","TAUTO42131064_1","","New","","8.2","","0","11974595.8","","CAD-CDOR","M","11-Aug-2026","STP","","","","","C-MWIRE","","0","0","","","0","0","",
"CONFIRMED","N/A","Executed","11-Aug-2026 at 04:10:14 AM EDT - MarkitWire -  ' 1683 :Deal is currently under review '|","N","N","1683","42130881_2","M.BANK","S42131027_2","","Sell","42130881","11-Aug-2026 03:55:06 AM","250","USD","11-Aug-2026 05:04:10 AM","23-Dec-2027","100.9","USD","EQO","EQO","11-Aug-2026","TAUTO42131027_2","","New","","","","","1000","",".SPX","M","11-Aug-2026","STP","","12.01","","C-MWIRE","1","","","","","","","",
"CONFIRMED","N/A","Executed","11-Aug-2026 at 05:02:48 AM EDT - MarkitWire -  ' 1683 :Deal is currently under review '|","N","N","1683","42131061_1","M.BANK","S42131061_1","","Sell","42131061","11-Aug-2026 05:02:02 AM","5500","USD","11-Aug-2026 05:03:54 AM","23-Dec-2027","453782720.5","USD","EQO","EQO","11-Aug-2026","TAUTO42131061_1","","New","","","","0","1000","",".SPX","M","11-Aug-2026","STP","","12","Qty 0","","C-MWIRE","1","0","0","","","0","0","",
"DISPUTED","N/A","Doc(s) Req'd","11-Aug-2026 at 04:55:41 AM EDT - System -  ' Disputed Field(s): Number of Options (w/ tolerance btwn 0.0 and 0.001) (Dealer : 58.1), [ Allocations-->|1683:MWMF_FUND1:Number of Shares/Options (Dealer : 58.1) ]. Status updated to Disputed '|","N","N","1683","42131007_1","M.BANK","S42131007_1","","Sell","42131007","11-Aug-2026 04:42:43 AM","1000","USD","11-Aug-2026 04:55:41 AM","27-Dec-2027","0","USD","EQO","EQO","11-Aug-2026","TAUTO42131007_1","","New","","","","","","",".SPXAV10P","M","11-Aug-2026","","","1","Qty 58.32","","","1","","","","","","","",
"CONFIRMED","N/A","Executed","11-Aug-2026 at 04:52:41 AM EDT - MarkitWire -  ' 1683 :Deal is currently under review '|","N","N","1683","42131027_1","M.BANK","S42131027_1","","Sell","42131027","11-Aug-2026 04:51:56 AM","5500","USD","11-Aug-2026 04:53:41 AM","23-Dec-2027","683527060.5","USD","EQO","EQO","11-Aug-2026","TAUTO42131027_1","","New","","","","0","1000","",".SPX","M","11-Aug-2026","STP","","12","Qty 0","","C-MWIRE","1","0","0","","","0","0","",
"ALLEGED","N/A","Doc(s) Req'd","","N","N","1683","","M.BANK","S42131006_1","","Sell","","","587486","USD","11-Aug-2026 04:43:16 AM","10-Aug-2028","0","USD","EQO","EQO","11-Aug-2026","TAUTO42131006_1","","New","","","","","8000","","GOOG.OQ","M","11-Aug-2026","","","9.5","Qty 34558","","","","","","","","","","",
"CPTY ALLEGED","N/A","Doc(s) Req'd","","N","N","MWMF_FUND1","42131006_1","M.BANK","","Americas Master EQ SH OP","Buy","42131006","11-Aug-2026 04:42:10 AM","587486","USD","11-Aug-2026 04:42:59 AM","10-Aug-2028","0","USD","EQO","EQO","11-Aug-2026","","","New","","","","0","8000","","GOOG.OQ","","11-Aug-2026","STP","two-way","11","Qty 34558","","","1","0","0","","","0","0","",
"CONFIRMED","N/A","Executed","","N","N","1683","42131004_1","M.BANK","S42131004_1","","Recv Fixed","42131004","11-Aug-2026 04:41:40 AM","98739.24","ZAR","11-Aug-2026 04:42:56 AM","11-Feb-2028","329130810","ZAR","SWO","SWO","11-Aug-2026","TAUTO42131004_1","","New","","4","","","","","ZAR-JIBAR","M","11-Aug-2026","STP","","","","","C-MWIRE","","","","","","","","",
"CONFIRMED","N/A","Executed","11-Aug-2026 at 04:41:46 AM EDT - vikram.singh@ihsmarkit.com -  ' Trade manually affirmed '|11-Aug-2026 at 04:41:33 AM EDT - System -  ' Disputed Field(s): Strike Price/Initial Strike (w/ tolerance btwn 0.1 and 0.01) (Dealer : 1). Status updated to Disputed '|11-Aug-2026 at 04:41:33 AM EDT - MarkitWire -  ' 1683 :Deal is currently under review '|","N","N","1683","42131000_1","M.BANK","S42131000_1","","Sell","42131000","11-Aug-2026 04:40:51 AM","881.78","USD","11-Aug-2026 04:41:52 AM","27-Dec-2027","0","USD","EQO","EQO","11-Aug-2026","TAUTO42131000_1","","New","","","","0","0","",".SPXAV10P","M","11-Aug-2026","STP","","5","Qty 293925230","","C-MWIRE","1","0","0","","","0","0","",
"CONFIRMED","N/A","Executed","","N","N","1683","42130999_1","M.BANK","S42130999_1","","Sell","42130999","11-Aug-2026 04:40:15 AM","10982062800","USD","11-Aug-2026 04:41:03 AM","15-Sep-2026","0","USD","EQO","EQO","11-Aug-2026","TAUTO42130999_1","","New","","","","0","0","",".SPXAV10P","M","11-Aug-2026","STP","","10","Qty 549103140","","C-MWIRE","1","0","0","","","0","0","",
"CONFIRMED","N/A","Executed","","N","N","1683","42130990_1","M.BANK","S42130990_1","","Sell","42130990","11-Aug-2026 04:38:29 AM","12802475800","USD","11-Aug-2026 04:39:45 AM","15-Sep-2026","0","USD","EQO","EQO","11-Aug-2026","TAUTO42130990_1","","New","","","","0","0","",".SPXAV10P","M","11-Aug-2026","STP","","10","Qty 640123790","","C-MWIRE","1","0","0","","","0","0","",
"ALLEGED","N/A","Doc(s) Req'd","","N","N","1683","","M.BANK","S42130979_1","","Sell","","","1162","USD","11-Aug-2026 04:36:16 AM","15-Sep-2026","0","USD","EQO","EQO","11-Aug-2026","TAUTO42130979_1","","New","","","","","","",".SPXAV10P","M","11-Aug-2026","","","10","Qty 58.33","","","1","","","","","","","",
"CPTY ALLEGED","N/A","Doc(s) Req'd","","N","N","MWMF_FUND1","42130979_1","M.BANK","","Americas Master EQ IN OP","Buy","42130979","11-Aug-2026 04:35:37 AM","1162","USD","11-Aug-2026 04:35:44 AM","15-Sep-2026","0","USD","EQO","EQO","11-Aug-2026","","","New","","","","0","0","",".SPXAV10P","","11-Aug-2026","STP","two-way","10","Qty 58.1","","","1","0","0","","","0","0","",
"CONFIRMED","N/A","Executed","","N","N","1683","42130972_1","M.BANK","S42130972_1","","Recv Fixed","42130972","11-Aug-2026 04:33:34 AM","46779.97","USD","11-Aug-2026 04:34:31 AM","13-Aug-2028","155933240","USD","SWO","SWO","11-Aug-2026","TAUTO42130972_1","","New","","4","","","","","USD-SOFR-OIS Compound","M","11-Aug-2026","STP","","","","","C-MWIRE","","","","","","","","",
"CPTY ALLEGED","N/A","Doc(s) Req'd","","N","N","MWMF_FUND1","42130971_2","M.BANK","","Americas Master VAR IN","Buy","42130971","11-Aug-2026 04:33:49 AM","25","USD","11-Aug-2026 04:34:10 AM","27-Jan-2027","105.47","USD","EQVS","EQVS","11-Aug-2026","A42130971_1_2_08112026_U","","P.Term","","","","0","0","",".SPXNTR","","11-Aug-2026","STP","two-way","34.2225","","","","0","0","","","0","0","",
"CONFIRMED","N/A","Executed","","N","N","1683","42130971_1","M.BANK","S42130971_1","","Sell","42130971","11-Aug-2026 04:32:38 AM","0","USD","11-Aug-2026 04:33:39 AM","27-Jan-2027","21317018.8","USD","EQVS","EQVS","11-Aug-2026","TAUTO42130971_1","","New","","","","0","5000","",".SPXNTR","M","11-Aug-2026","STP","","34.2225","","C-MWIRE","","0","0","","","0","0","",
"CONFIRMED","N/A","Executed","","N","N","1683","42130962_1","M.BANK","S42130962_1","","Buy","42130962","11-Aug-2026 04:29:21 AM","","USD","11-Aug-2026 04:30:11 AM","","696990810","USD","VOL","VOL","11-Aug-2026","TAUTO42130962_1","","New","","","","","5000","",".SPX","M","11-Aug-2026","STP","","3.85","","C-MWIRE","","","","","","","","",
"ALLEGED","N/A","Doc(s) Req'd","","N","N","1683","","M.BANK","S42130956_1","","Sell","","","5000","USD","11-Aug-2026 04:29:28 AM","23-Dec-2027","771475390.5","USD","EQO","EQO","11-Aug-2026","TAUTO42130956_1","","New","","","","","","",".SPX","M","11-Aug-2026","","","12","Qty 0","","","1","","","","","","","",
"CPTY ALLEGED","N/A","Doc(s) Req'd","","N","N","MWMF_FUND1","42130956_1","M.BANK","","Cliquet Master EQ IN OP","Buy","42130956","11-Aug-2026 04:28:45 AM","5000","USD","11-Aug-2026 04:28:55 AM","23-Dec-2027","771475390","USD","EQO","EQO","11-Aug-2026","","","New","","","","0","0","",".SPX","","11-Aug-2026","STP","two-way","12","Qty 0","","","1","0","0","","","0","0","",
"CONFIRMED","N/A","Executed","","N","N","1683","42130942_1","M.BANK","S42130942_1","","Recv Fixed","42130942","11-Aug-2026 04:24:34 AM","144777.83","USD","11-Aug-2026 04:25:59 AM","13-Aug-2028","482592760","USD","SWO","SWO","11-Aug-2026","TAUTO42130942_1","","New","","4","","","","","USD-SOFR-OIS Compound","M","11-Aug-2026","STP","","","","","C-MWIRE","","","","","","","","",
"CONFIRMED","N/A","Executed","","N","N","1683","42130937_1","M.BANK","S42130937_1","","Sell","42130937","11-Aug-2026 04:21:33 AM","1000","USD","11-Aug-2026 04:23:28 AM","15-Sep-2026","0","USD","EQO","EQO","11-Aug-2026","TAUTO42130937_1","","New","","","","0","0","",".SPXAV10P","M","11-Aug-2026","STP","","1","Qty 798955180","","C-MWIRE","","0","0","","","0","0","",
"CONFIRMED","N/A","Executed","","N","N","1683","42130933_1","M.BANK","S42130933_1","","Buy","42130933","11-Aug-2026 04:20:21 AM","951173180","USD","11-Aug-2026 04:23:10 AM","11-Aug-2027","0","USD","EQACC","EQACC","11-Aug-2026","TAUTO42130933_1","","New","","","","","","","GOOG.O","M","11-Aug-2026","STP","","","","","C-MWIRE","","","","","","","","",
"CONFIRMED","N/A","Executed","11-Aug-2026 at 04:19:37 AM EDT - MarkitWire -  ' Allocations have been uploaded. Please affirm '|","N","N","Block","42130928_1","M.BANK","S42130928_1","","Recv Fixed","42130928","11-Aug-2026 04:20:24 AM","1000","USD","11-Aug-2026 04:22:41 AM","13-Aug-2027","944682390","USD","IFS","IFS","11-Aug-2026","TAUTO42130928_1","","New","","6","","","18893647.8","2","USA-CPI-U","M","11-Aug-2026","STP","","","","","C-MWIRE","","","","","","","","",
"CPTY ALLEGED","N/A","Doc(s) Req'd","","N","N","MWMF_FUND1","42130926_2","M.BANK","","Americas Master EQ IN OP","Buy","42130926","11-Aug-2026 04:18:36 AM","25000","USD","11-Aug-2026 04:18:51 AM","15-Sep-2026","0","USD","EQO","EQO","11-Aug-2026","A42130926_1_2_08112026_N","","New","","","","0","0","",".SPXAV10P","","11-Aug-2026","STP","two-way","10","Qty 100","","","1","0","0","","","0","0","",
"CONFIRMED","N/A","Executed","","N","N","1683","42130926_1","M.BANK","S42130926_1","","Sell","42130926","11-Aug-2026 04:17:42 AM","17792696400","USD","11-Aug-2026 04:18:27 AM","15-Sep-2026","0","USD","EQO","EQO","11-Aug-2026","TAUTO42130926_1","","New","","","","0","0","",".SPXAV10P","M","11-Aug-2026","STP","","10","Qty 889634820","","C-MWIRE","1","0","0","","","0","0","",
"CONFIRMED","N/A","Executed","","N","N","1683","42130919_2","M.BANK","S42130919_1","","Recv Fixed","42130914","11-Aug-2026 04:17:01 AM","600","USD","11-Aug-2026 04:17:47 AM","13-Aug-2027","302792664","USD","OIS","OIS","11-Aug-2026","TAUTO42130919_1_Amd","","Amend","A","6.2","","","6055853.28","2","USD-SOFR-OIS Compound","M","11-Aug-2026","STP","","","","","C-MWIRE","","","","","","","","",
"CONFIRMED","N/A","Executed","","N","N","1683","42130921_1","M.BANK","S42130921_1","","Recv Fixed","42130921","11-Aug-2026 04:16:34 AM","159062.01","ZAR","11-Aug-2026 04:17:28 AM","11-Feb-2028","530206690","ZAR","SWO","SWO","11-Aug-2026","TAUTO42130921_1","","New","","4","","","","","ZAR-JIBAR","M","11-Aug-2026","STP","","","","","C-MWIRE","","","","","","","","",
"CONFIRMED","N/A","Executed","11-Aug-2026 at 04:15:38 AM EDT - MarkitWire -  ' Allocations have been uploaded. Please affirm '|","N","N","Block","42130914_1","M.BANK","S42130914_1","","Recv Fixed","42130914","11-Aug-2026 04:16:16 AM","1000","USD","11-Aug-2026 04:16:49 AM","13-Aug-2027","504654440","USD","OIS","OIS","11-Aug-2026","TAUTO42130914_1","","New","","5.2","","","10093088.8","2","USD-SOFR-OIS Compound","M","11-Aug-2026","STP","","","","","C-MWIRE","","","","","","","","",
"CONFIRMED","N/A","Executed","","N","N","1683","42130915_1","M.BANK","S42130915_1","","Recv Fixed","42130915","11-Aug-2026 04:14:51 AM","184648.97","USD","11-Aug-2026 04:15:35 AM","14-Aug-2035","615496560","USD","SWO","SWO","11-Aug-2026","TAUTO42130915_1","","New","","4","","","","","USD-SOFR-OIS Compound","M","11-Aug-2026","STP","","","","","C-MWIRE","","","","","","","","",
"CONFIRMED","N/A","Executed","","N","N","1683","42130913_1","M.BANK","S42130913_1","","Sell","42130913","11-Aug-2026 04:14:19 AM","4683221800","USD","11-Aug-2026 04:15:03 AM","15-Sep-2026","0","USD","EQO","EQO","11-Aug-2026","TAUTO42130913_1","","New","","","","0","0","",".SPXAV10P","M","11-Aug-2026","STP","","10","Qty 234161090","","C-MWIRE","1","0","0","","","0","0","",
"CONFIRMED","N/A","Executed","","N","N","1683","42130903_2","M.BANK","S42130903_2","","Pay Fixed","42130903","11-Aug-2026 04:13:57 AM","","GBP","11-Aug-2026 04:14:30 AM","11-Aug-2027","923644070","GBP","IRS","IRSW","11-Aug-2026","TAUTO42130903_2","","Exer","","5.2","","","","","GBP-LIBOR","M","11-Aug-2026","STP","","","","","C-MWIRE","","","","","","","","",
"CONFIRMED","N/A","Executed","","N","N","1683","42130903_1","M.BANK","S42130903_1","","Pay Fixed","42130903","11-Aug-2026 04:07:47 AM","0","GBP","11-Aug-2026 04:13:48 AM","11-Aug-2027","923644070","GBP","IRS","IRSW","11-Aug-2026","TAUTO42130903_1","","New","","5.2","","0","0","","GBP-LIBOR","M","11-Aug-2026","STP","","","","","C-MWIRE","","0","0","","","0","0","",
"CPTY ALLEGED","N/A","Doc(s) Req'd","","N","N","MWMF_FUND1","42130912_1","M.BANK","","Global Master EQ SH SW","Rec Equity,Pay Interest","42130912","11-Aug-2026 04:12:22 AM","0","AUD","11-Aug-2026 04:13:27 AM","15-Aug-2028","75000","AUD","EQS","EQS","11-Aug-2026","A42130911_1_2_08112026_U","","F.Term","","","","0","0","","QAN.AX","","11-Aug-2026","STP","two-way","","Qty 300","","","","0","0","","","0","0","",
"CONFIRMED","N/A","Executed","","N","N","1683","42130911_1","M.BANK","S42130911_1","","Pay Equity,Rec Interest","42130911","11-Aug-2026 04:12:22 AM","0","AUD","11-Aug-2026 04:13:07 AM","15-Aug-2028","75000","AUD","EQS","EQS","11-Aug-2026","TAUTO42130911_1","","New","","","","0","0","","QAN.AX","M","11-Aug-2026","STP","","","Qty 300","","C-MWIRE","","0","0","","","0","0","",
"CONFIRMED","N/A","Executed","","N","N","1683","42130910_2","M.BANK","S42130910_2","","Recv Fixed","42130902","11-Aug-2026 04:11:43 AM","600","USD","11-Aug-2026 04:12:51 AM","13-Aug-2036","477779964","USD","IFS","IFS","11-Aug-2026","TAUTO42130910_2","","Amend","A","6.2","","","9555599.28","2","USA-CPI-U","M","11-Aug-2026","STP","","","","","C-MWIRE","","","","","","","","",
"CONFIRMED","N/A","Executed","","N","N","1683","42130892_2","M.BANK","S42130892_2","","Buy","42130892","11-Aug-2026 04:02:56 AM","1260","USD","11-Aug-2026 04:12:07 AM","","35000","USD","VOL","VOL","11-Aug-2026","TAUTO42130892_2","","F.Term","","","","","","","GOOGLUSD.S","M","11-Aug-2026","STP","","13","","C-MWIRE","","","","","","","","",
"CONFIRMED","N/A","Executed","","N","N","1683","42130899_1","M.BANK","S42130899_1","","Sell","42130899","11-Aug-2026 04:02:11 AM","14661106600","USD","11-Aug-2026 04:12:05 AM","15-Sep-2026","0","USD","EQO","EQO","11-Aug-2026","TAUTO42130899_1","","New","","","","0","0","",".SPXAV10P","M","11-Aug-2026","STP","","10","Qty 733055330","","C-MWIRE","1","0","0","","","0","0","",
"CONFIRMED","N/A","Executed","","N","N","1683","42130906_2","M.BANK","S42130906_2","","Sell","42130906","11-Aug-2026 04:10:54 AM","1260","USD","11-Aug-2026 04:12:00 AM","25-Sep-2030","24646461.67","USD","EQVS","EQVS","11-Aug-2026","TAUTO42130906_2","","F.Term","","","","","","","AIR.N","M","11-Aug-2026","STP","","9","","C-MWIRE","","","","","","","","",
"DISPUTED","N/A","Doc(s) Req'd","11-Aug-2026 at 04:05:48 AM EDT - System -  ' Disputed Field(s): MarkitWire Defaults modified by the dealer on following fields(Break 1st Date Tenor, Break Frequency). Status updated to Disputed '|","N","N","Block","42130895_1","M.BANK","S42130895_1","","Recv","42130895","11-Aug-2026 03:59:49 AM","","AUD","11-Aug-2026 04:11:40 AM","13-Aug-2036","534447700","AUD","CCBSWP","CCBSWP","11-Aug-2026","TAUTO42130895_1","","New","","","","","26902081.8","","USD-SOFR-OIS Compound","M","11-Aug-2026","","","","","","","","","","","","","","",
"CONFIRMED","N/A","Executed","11-Aug-2026 at 04:10:11 AM EDT - MarkitWire -  ' Allocations have been uploaded. Please affirm '|","N","N","Block","42130902_1","M.BANK","S42130902_1","","Recv Fixed","42130902","11-Aug-2026 04:11:02 AM","1000","USD","11-Aug-2026 04:11:31 AM","13-Aug-2036","796299940","USD","IFS","IFS","11-Aug-2026","TAUTO42130902_1","","New","","6","","","15925998.8","2","USA-CPI-U","M","11-Aug-2026","STP","","","","","C-MWIRE","","","","","","","","",
"CPTY ALLEGED","N/A","Doc(s) Req'd","","N","N","MWMF_FUND1","42130908_1","M.BANK","","Global Master EQ SH SW","Pay Equity,Rec Interest","42130908","11-Aug-2026 04:09:23 AM","0","USD","11-Aug-2026 04:11:00 AM","15-Aug-2028","29726400","USD","EQS","EQS","11-Aug-2026","A42130905_1_2_08112026_N","","New","","","","0","7860","","QAN.AX","","11-Aug-2026","STP","two-way","","Qty 740","","","","0","0","","","0","0","",
"CONFIRMED","N/A","Executed","","N","N","1683","42130906_1","M.BANK","S42130906_1","","Sell","42130906","11-Aug-2026 04:09:44 AM","0","USD","11-Aug-2026 04:10:41 AM","25-Sep-2030","24646461.67","USD","EQVS","EQVS","11-Aug-2026","TAUTO42130906_1","","New","","","","0","2000","","AIR.N","M","11-Aug-2026","STP","","9","","C-MWIRE","","0","0","","","0","0","",
"CONFIRMED","N/A","Executed","","N","N","1683","42130905_1","M.BANK","S42130905_1","","Rec Equity,Pay Interest","42130905","11-Aug-2026 04:09:23 AM","0","USD","11-Aug-2026 04:10:38 AM","15-Aug-2028","29726400","USD","EQS","EQS","11-Aug-2026","TAUTO42130905_1","","New","","","","0","7860","","QAN.AX","M","11-Aug-2026","STP","","","Qty 4400","","C-MWIRE","","0","0","","","0","0","",
"DISPUTED","N/A","Doc(s) Req'd","11-Aug-2026 at 04:10:29 AM EDT - System -  ' Disputed Field(s): Notional (Dealer : USD 0). Status updated to Disputed '|11-Aug-2026 at 04:08:13 AM EDT - vikram.singh@ihsmarkit.com -  ' Trade manually affirmed '|11-Aug-2026 at 04:07:45 AM EDT - System -  ' Disputed Field(s): Notional (Dealer : USD 0). Status updated to Disputed '|","N","N","1683","42130901_1","M.BANK","S42130901_1","","Sell","42130901","11-Aug-2026 04:06:09 AM","587486","USD","11-Aug-2026 04:10:31 AM","10-Aug-2028","10000000","USD","EQO","EQO","11-Aug-2026","TAUTO42130901_1","","New","","","","","8000","","GOOG.OQ","M","11-Aug-2026","","","11","Qty 34558","","","","","","","","","","",
"CPTY ALLEGED","N/A","Doc(s) Req'd","","N","N","MWMF_FUND1","42130894_2","M.BANK","","OIS USD 1y","Pay Fixed","42130894","11-Aug-2026 04:00:51 AM","0","USD","11-Aug-2026 04:01:05 AM","13-Aug-2027","147523680","USD","OIS","IRS","11-Aug-2026","A42130894_1_2_08112026_E","","F.Exer","","5.2","","0","0","","USD-SOFR-OIS Compound","","11-Aug-2026","STP","two-way","","","","","","0","0","","","0","0","",
"CONFIRMED","N/A","Executed","","N","N","1683","42130894_1","M.BANK","S42130894_1","","Recv Fixed","42130894","11-Aug-2026 03:59:44 AM","0","USD","11-Aug-2026 04:00:30 AM","13-Aug-2027","147523680","USD","OIS","OIS","11-Aug-2026","TAUTO42130894_1","","New","","5.2","","","","","USD-SOFR-OIS Compound","M","11-Aug-2026","STP","","","","","C-MWIRE","","","","","","","","",
"CONFIRMED","N/A","Executed","","N","N","1683","42130892_1","M.BANK","S42130892_1","","Buy","42130892","11-Aug-2026 03:59:08 AM","","USD","11-Aug-2026 03:59:52 AM","","35000","USD","VOL","VOL","11-Aug-2026","TAUTO42130892_1","","New","","","","","6000","","GOOGLUSD.S","M","11-Aug-2026","STP","","13","","C-MWIRE","","","","","","","","",
"CONFIRMED","N/A","Executed","","N","N","1683","42130890_1","M.BANK","S42130890_1","","Buy","42130890","11-Aug-2026 03:58:02 AM","2000","USD","11-Aug-2026 03:59:00 AM","11-Aug-2027","0","USD","EQDEC","EQDEC","11-Aug-2026","TAUTO42130890_1","","New","","","","","","","DXCM.O","M","11-Aug-2026","STP","","","","","C-MWIRE","","","","","","","","",
"CONFIRMED","N/A","Executed","","N","N","1683","42130888_2","M.BANK","S42130888_2","","Buy","42130888","11-Aug-2026 03:56:42 AM","579041760","USD","11-Aug-2026 03:57:32 AM","11-Aug-2027","0","USD","EQACC","EQACC","11-Aug-2026","TAUTO42130888_2","","Amend","A","","","","","","GOOG.O","M","11-Aug-2026","STP","","","","","C-MWIRE","","","","","","","","",
"CONFIRMED","N/A","Executed","","N","N","1683","42130888_1","M.BANK","S42130888_1","","Buy","42130888","11-Aug-2026 03:55:24 AM","579041760","USD","11-Aug-2026 03:56:10 AM","11-Aug-2027","0","USD","EQACC","EQACC","11-Aug-2026","TAUTO42130888_1","","New","","","","","","","GOOG.O","M","11-Aug-2026","STP","","","","","C-MWIRE","","","","","","","","",
"CONFIRMED","N/A","Executed","","N","N","1683","42130883_1","M.BANK","S42130883_1","","Buy","42130883","11-Aug-2026 03:55:06 AM","2000","USD","11-Aug-2026 03:55:54 AM","11-Aug-2027","0","USD","EQDEC","EQDEC","11-Aug-2026","TAUTO42130883_1","","New","","","","","","","DXCM.O","M","11-Aug-2026","STP","","","","","C-MWIRE","","","","","","","","",
"CONFIRMED","N/A","Executed","","N","N","1683","42130881_1","M.BANK","S42130881_1","","Sell","42130881","11-Aug-2026 03:53:40 AM","5000","USD","11-Aug-2026 03:54:52 AM","23-Dec-2027","711339200.5","USD","EQO","EQO","11-Aug-2026","TAUTO42130881_1","","New","","","","0","1000","",".SPX","M","11-Aug-2026","STP","","12","Qty 0","","C-MWIRE","1","0","0","","","0","0","",
"CPTY ALLEGED","N/A","Doc(s) Req'd","","N","N","MWMF_FUND1","42130875_3","M.BANK","","OIS EUR 6m","Recv Fixed","42130875","11-Aug-2026 03:48:50 AM","0","EUR","11-Aug-2026 03:49:02 AM","13-Feb-2027","841216680","EUR","OIS","IRS","11-Aug-2026","A42130875_1_2_08112026_M","","Amend","A","5","","0","16824333.6","2","EUR-EuroSTR-OIS Compound","","11-Aug-2026","STP","two-way","","","","","","0","0","","","0","0","LCHSGB2L",
"CONFIRMED","N/A","Executed","11-Aug-2026 at 03:48:50 AM EDT - MarkitWire -  ' SettlementAgencyAccepted '|11-Aug-2026 at 03:48:47 AM EDT - MarkitWire -  ' SettlementAgencySent '|","N","N","1683","42130875_1","M.BANK","S42130875_1","","Pay Fixed","42130875","11-Aug-2026 03:47:41 AM","0","EUR","11-Aug-2026 03:48:50 AM","13-Feb-2027","841216680","EUR","OIS","OIS","11-Aug-2026","TAUTO42130875_1","","New","","5","","","16824333.6","2","EUR-EuroSTR-OIS Compound","M","11-Aug-2026","STP","","","","","C-MWIRE","","","","","","","","LCHSGB2L",
"CPTY ALLEGED","N/A","Doc(s) Req'd","","N","N","MWMF_FUND1","42130873_2","M.BANK","","Americas Master VAR IN","Buy","42130873","11-Aug-2026 03:48:35 AM","0","USD","11-Aug-2026 03:48:45 AM","27-Jan-2027","15544001.02","USD","EQVS","EQVS","11-Aug-2026","A42130873_1_2_08112026_M","","Amend","A","","","0","5000","",".SPXNTR","","11-Aug-2026","STP","two-way","97.0225","","","","0","0","","","0","0","",
"CPTY ALLEGED","N/A","Doc(s) Req'd","","N","N","MWMF_FUND1","42130874_2","M.BANK","","Spread Master EQ IN OP","Buy","42130874","11-Aug-2026 03:48:10 AM","1340","USD","11-Aug-2026 03:48:26 AM","15-Sep-2026","0","USD","EQO","EQO","11-Aug-2026","A42130874_1_2_08112026_U","","P.Term","","","","0","0","",".SPXAV10P","","11-Aug-2026","STP","two-way","1","Qty 1609.1234","","","","0","0","","","0","0","",
"CONFIRMED","N/A","Executed","","N","N","1683","42130874_1","M.BANK","S42130874_1","","Sell","42130874","11-Aug-2026 03:47:18 AM","1000","USD","11-Aug-2026 03:48:01 AM","15-Sep-2026","0","USD","EQO","EQO","11-Aug-2026","TAUTO42130874_1","","New","","","","0","0","",".SPXAV10P","M","11-Aug-2026","STP","","1","Qty 950823540","","C-MWIRE","","0","0","","","0","0","",
"CONFIRMED","N/A","Executed","","N","N","1683","42130873_1","M.BANK","S42130873_1","","Sell","42130873","11-Aug-2026 03:46:45 AM","0","USD","11-Aug-2026 03:47:29 AM","27-Jan-2027","26172377.78","USD","EQVS","EQVS","11-Aug-2026","TAUTO42130873_1","","New","","","","0","5000","",".SPXNTR","M","11-Aug-2026","STP","","34.2225","","C-MWIRE","","0","0","","","0","0","",
"CPTY ALLEGED","N/A","Doc(s) Req'd","","N","N","MWMF_FUND1","42130870_2","M.BANK","","Digital Master EQ IN OP","Buy","42130870","11-Aug-2026 03:46:35 AM","0","USD","11-Aug-2026 03:46:44 AM","27-Dec-2027","0","USD","EQO","EQO","11-Aug-2026","A42130870_1_2_08112026_N","","New","","","","0","0","",".SPXAV10P","","11-Aug-2026","STP","two-way","1","Qty 79","","","1","0","0","","","0","0","",
"CONFIRMED","N/A","Executed","","N","N","1683","42130869_2","M.BANK","S42130869_2","","Pay Fixed,Rec Dividend","42130869","11-Aug-2026 03:45:53 AM","","EUR","11-Aug-2026 03:46:30 AM","17-Dec-2027","0","EUR","DIV","DIV","11-Aug-2026","TAUTO42130869_2","","Amend","A","","","","3000","",".SX7E","M","11-Aug-2026","STP","","23","Qty 470525388","","C-MWIRE","","","","","","","","",
"CONFIRMED","N/A","Executed","","N","N","1683","42130870_1","M.BANK","S42130870_1","","Sell","42130870","11-Aug-2026 03:44:20 AM","1119.75","USD","11-Aug-2026 03:46:22 AM","27-Dec-2027","0","USD","EQO","EQO","11-Aug-2026","TAUTO42130870_1","","New","","","","0","0","",".SPXAV10P","M","11-Aug-2026","STP","","1","Qty 559873050","","C-MWIRE","1","0","0","","","0","0","",
"CONFIRMED","N/A","Executed","","N","N","1683","42130867_1","M.BANK","S42130867_1","","Sell","42130867","11-Aug-2026 03:43:02 AM","11376035600","USD","11-Aug-2026 03:46:02 AM","15-Sep-2026","0","USD","EQO","EQO","11-Aug-2026","TAUTO42130867_1","","New","","","","0","0","",".SPXAV10P","M","11-Aug-2026","STP","","10","Qty 568801780","","C-MWIRE","1","0","0","","","0","0","",
"CONFIRMED","N/A","Executed","11-Aug-2026 at 03:42:37 AM EDT - MarkitWire -  ' Allocations have been uploaded. Please affirm '|","N","N","Block","42130861_1","M.BANK","S42130861_1","","Pay Fixed,Rec Dividend","42130861","11-Aug-2026 03:43:33 AM","0","EUR","11-Aug-2026 03:45:44 AM","17-Dec-2027","0","EUR","DIV","DIV","11-Aug-2026","TAUTO42130861_1","","New","","","","0","5000","",".SX7E","M","11-Aug-2026","STP","","23","Qty 784208980","","C-MWIRE","","0","0","","","0","0","",
"CONFIRMED","N/A","Executed","","N","N","1683","42130859_1","M.BANK","S42130856_1","","Rec Equity,Pay Interest","42130859","11-Aug-2026 03:39:13 AM","0","USD","11-Aug-2026 03:41:31 AM","15-Aug-2028","117152452800","USD","EQS","EQS","11-Aug-2026","TAUTO42130859_1","","Amend","A","","","0","7860","","QAN.AX","M","11-Aug-2026","STP","","","Qty 720","","C-MWIRE","","0","0","","","0","0","",
"CONFIRMED","N/A","Executed","","N","N","1683","42130856_1","M.BANK","S42130856_1","","Rec Equity,Pay Interest","42130856","11-Aug-2026 03:39:13 AM","0","USD","11-Aug-2026 03:41:31 AM","15-Aug-2028","117152452800","USD","EQS","EQS","11-Aug-2026","TAUTO42130856_1","","New","","","","0","7860","","QAN.AX","M","11-Aug-2026","STP","","","Qty 720","","C-MWIRE","","0","0","","","0","0","",
"CPTY ALLEGED","N/A","Doc(s) Req'd","","N","N","MWMF_FUND1","42130857_2","M.BANK","","Cap EUR RFR 10y","B","42130857","11-Aug-2026 03:40:54 AM","232966.18","EUR","11-Aug-2026 03:41:26 AM","13-Aug-2036","970692430","EUR","CPFL","CPFL","11-Aug-2026","A42130857_1_2_08112026_M","","Amend","A","","","0","19413848.6","2","EUR-EuroSTR-OIS Compound","","11-Aug-2026","STP","two-way","3.5","","","","","0","0","","","0","0","",
"CONFIRMED","N/A","Executed","","N","N","1683","42130858_1","M.BANK","S42130858_1","","Sell","42130858","11-Aug-2026 03:40:03 AM","1000","USD","11-Aug-2026 03:41:03 AM","27-Dec-2027","0","USD","EQO","EQO","11-Aug-2026","TAUTO42130858_1","","New","","","","0","0","",".SPXAV10P","M","11-Aug-2026","STP","","1","Qty 699","","C-MWIRE","1","0","0","","","0","0","",
"CONFIRMED","N/A","Executed","","N","N","1683","42130857_1","M.BANK","S42130857_1","","Sell","42130857","11-Aug-2026 03:39:48 AM","232966.18","EUR","11-Aug-2026 03:40:39 AM","13-Aug-2036","970692430","EUR","CPFL","CPFL","11-Aug-2026","TAUTO42130857_1","","New","","","","0","19413848.6","2","EUR-EuroSTR-OIS Compound","M","11-Aug-2026","STP","","3.5","","","C-MWIRE","","0","0","","","0","0","",
"CONFIRMED","N/A","Executed","","N","N","1683","42130855_1","M.BANK","S42130855_1","","Sell","42130855","11-Aug-2026 03:38:17 AM","17980","USD","11-Aug-2026 03:39:24 AM","15-Sep-2026","0","USD","EQO","EQO","11-Aug-2026","TAUTO42130855_1","","New","","","","0","0","",".SPXAV10P","M","11-Aug-2026","STP","","10","Qty 899","","C-MWIRE","1","0","0","","","0","0","",
"CPTY ALLEGED","N/A","Doc(s) Req'd","","N","N","MWMF_FUND1","42130848_2","M.BANK","","Americas Master EQ SH OP","Buy","42130848","11-Aug-2026 03:36:55 AM","7750.13","USD","11-Aug-2026 03:37:37 AM","10-Aug-2028","0","USD","EQO","EQO","11-Aug-2026","A42130848_1_2_08112026_N","","New","","","","0","8000","","GOOG.OQ","","11-Aug-2026","STP","two-way","11","Qty 31.0005","","","1","0","0","","","0","0","",
"DISPUTED","N/A","Doc(s) Req'd","11-Aug-2026 at 03:37:36 AM EDT - System -  ' Disputed Field(s): MarkitWire Defaults modified by the dealer on following fields(Break 1st Date Tenor, Break Frequency). Status updated to Disputed '|","N","N","1683","42130845_1","M.BANK","S42130845_1","","Recv","42130845","11-Aug-2026 03:32:36 AM","","AUD","11-Aug-2026 03:37:37 AM","13-Aug-2036","550604650","AUD","CCBSWP","CCBSWP","11-Aug-2026","TAUTO42130845_1","","New","","","","","25680926.7","","USD-SOFR-OIS Compound","M","11-Aug-2026","","","","","","","","","","","","","","",
"CONFIRMED","N/A","Executed","","N","N","1683","42130848_1","M.BANK","S42130848_1","","Sell","42130848","11-Aug-2026 03:35:38 AM","587486","USD","11-Aug-2026 03:36:34 AM","10-Aug-2028","0","USD","EQO","EQO","11-Aug-2026","TAUTO42130848_1","","New","","","","","8000","","GOOG.OQ","M","11-Aug-2026","STP","","11","Qty 34558","","C-MWIRE","","","","","","","","",
"CPTY ALLEGED","N/A","Doc(s) Req'd","","N","N","MWMF_FUND1","42130841_2","M.BANK","","Spread Master EQ IN OP","Buy","42130841","11-Aug-2026 03:32:05 AM","1000","USD","11-Aug-2026 03:32:40 AM","15-Sep-2026","0","USD","EQO","EQO","11-Aug-2026","A42130841_1_2_08112026_M","","Amend","A","","","0","1000","",".SPXAV10P","","11-Aug-2026","STP","two-way","2","Qty 638355470","","","","0","0","","","0","0","",
"CONFIRMED","N/A","Executed","","N","N","1683","42130841_1","M.BANK","S42130841_1","","Sell","42130841","11-Aug-2026 03:31:07 AM","1000","USD","11-Aug-2026 03:31:50 AM","15-Sep-2026","0","USD","EQO","EQO","11-Aug-2026","TAUTO42130841_1","","New","","","","0","1000","",".SPXAV10P","M","11-Aug-2026","STP","","1","Qty 638355470","","C-MWIRE","","0","0","","","0","0","",
"CPTY ALLEGED","N/A","Doc(s) Req'd","","N","N","MWMF_FUND1","42130833_2","M.BANK","","Americas Master EQ SH OP","Buy","42130833","11-Aug-2026 03:31:09 AM","1204660","USD","11-Aug-2026 03:31:18 AM","10-Aug-2028","0","USD","EQO","EQO","11-Aug-2026","A42130833_1_2_08112026_U","","F.Term","","","","0","0","","GOOG.OQ","","11-Aug-2026","STP","two-way","11","Qty 899","","","1","0","0","","","0","0","",
"ALLEGED","N/A","Doc(s) Req'd","","N","N","1683","","M.BANK","S42130838_1","","Sell","","","5000","USD","11-Aug-2026 03:29:31 AM","23-Dec-2027","288949560.5","USD","EQO","EQO","11-Aug-2026","TAUTO42130838_1","","New","","","","","","",".SPX","M","11-Aug-2026","","","12","Qty 0","","","1","","","","","","","",
"CPTY ALLEGED","N/A","Doc(s) Req'd","","N","N","MWMF_FUND1","42130838_1","M.BANK","","Cliquet Master EQ IN OP","Buy","42130838","11-Aug-2026 03:28:30 AM","5000","USD","11-Aug-2026 03:28:58 AM","23-Dec-2027","288949560","USD","EQO","EQO","11-Aug-2026","","","New","","","","0","0","",".SPX","","11-Aug-2026","STP","two-way","12","Qty 0","","","1","0","0","","","0","0","",
"CONFIRMED","N/A","Executed","","N","N","1683","42130831_2","M.BANK","S42130831_2","","Pay Fixed,Rec Dividend","42130831","11-Aug-2026 03:27:21 AM","","USD","11-Aug-2026 03:27:56 AM","17-Dec-2027","0","USD","DIV","DIV","11-Aug-2026","TAUTO42130831_2","","Cancel","","","","","5000","","GOOG.OQ","M","11-Aug-2026","STP","","100.1235","Qty 1000","","C-MWIRE","","","","","","","","",
"CONFIRMED","N/A","Executed","","N","N","1683","42130833_1","M.BANK","S42130833_1","","Sell","42130833","11-Aug-2026 03:26:53 AM","14384","USD","11-Aug-2026 03:27:44 AM","10-Aug-2028","0","USD","EQO","EQO","11-Aug-2026","TAUTO42130833_1","","New","","","","","8000","","GOOG.OQ","M","11-Aug-2026","STP","","11","Qty 899","","C-MWIRE","","","","","","","","",
"CONFIRMED","N/A","Executed","","N","N","1683","42130832_1","M.BANK","S42130832_1","","Sell","42130832","11-Aug-2026 03:26:52 AM","1000","USD","11-Aug-2026 03:27:39 AM","15-Sep-2026","249605970.5","USD","EQO","EQO","11-Aug-2026","TAUTO42130832_1","","New","","","","0","1000","",".SPXAV10P","M","11-Aug-2026","STP","","1","Qty 686003290","","C-MWIRE","","0","0","","","0","0","",
"CONFIRMED","N/A","Executed","","N","N","1683","42130831_1","M.BANK","S42130831_1","","Pay Fixed,Rec Dividend","42130831","11-Aug-2026 03:26:24 AM","0","USD","11-Aug-2026 03:27:12 AM","17-Dec-2027","0","USD","DIV","DIV","11-Aug-2026","TAUTO42130831_1","","New","","","","0","5000","","GOOG.OQ","M","11-Aug-2026","STP","","100.12346","Qty 1000","","C-MWIRE","","0","0","","","0","0","",
"CONFIRMED","N/A","Executed","11-Aug-2026 at 03:26:35 AM EDT - vikram.singh@ihsmarkit.com -  ' Trade manually affirmed '|11-Aug-2026 at 03:26:25 AM EDT - System -  ' Disputed Field(s): Number of Options (w/ tolerance btwn 0.0 and 0.001) (Dealer : 1809), [ Allocations-->|1683:MWMF_FUND1:Number of Shares/Options (Dealer : 1809) ]. Status updated to Disputed '|11-Aug-2026 at 03:26:25 AM EDT - MarkitWire -  ' 1683 :Deal is currently under review '|","N","N","1683","42130815_2","M.BANK","S42130815_2","","Sell","42130815","11-Aug-2026 03:20:22 AM","2604960","USD","11-Aug-2026 03:26:41 AM","15-Sep-2026","0","USD","EQO","EQO","11-Aug-2026","TAUTO42130815_2","","P.Term","","","","","","",".SPXAV10P","M","11-Aug-2026","STP","","10","Qty 1810","","C-MWIRE","1","","","","","","","",
"CPTY ALLEGED","N/A","Doc(s) Req'd","","N","N","MWMF_FUND1","42130829_2","M.BANK","","Basis Swap USD 10Y","Recv","42130829","11-Aug-2026 03:25:25 AM","1000","USD","11-Aug-2026 03:26:08 AM","13-Aug-2036","682105470","USD","BSWP","BSWP","11-Aug-2026","A42130829_1_2_08112026_M","","Amend","A","","","0","13642109.4","2","USD-LIBOR","","11-Aug-2026","STP","two-way","","","","","","0","0","","","0","0","",
"CONFIRMED","N/A","Executed","","N","N","1683","42130829_1","M.BANK","S42130829_1","","Pay","42130829","11-Aug-2026 03:23:52 AM","1000","USD","11-Aug-2026 03:25:04 AM","13-Aug-2036","682105470","USD","BSWP","BSWP","11-Aug-2026","TAUTO42130829_1","","New","","","","","13642109.4","2","USD-LIBOR","M","11-Aug-2026","STP","","","","","C-MWIRE","","","","","","","","",
"CONFIRMED","N/A","Executed","","N","N","1683","42130828_1","M.BANK","S42130828_1","","Sell","42130828","11-Aug-2026 03:23:35 AM","0","USD","11-Aug-2026 03:24:44 AM","25-Sep-2030","72611903.33","USD","EQVS","EQVS","11-Aug-2026","TAUTO42130828_1","","New","","","","0","2000","","AIR.N","M","11-Aug-2026","STP","","9","","C-MWIRE","","0","0","","","0","0","",
"CONFIRMED","N/A","Executed","","N","N","1683","42130827_1","M.BANK","S42130827_1","","Sell","42130827","11-Aug-2026 03:22:41 AM","875.15","USD","11-Aug-2026 03:23:27 AM","27-Dec-2027","0","USD","EQO","EQO","11-Aug-2026","TAUTO42130827_1","","New","","","","0","0","",".SPXAV10P","M","11-Aug-2026","STP","","1","Qty 291716100","","C-MWIRE","1","0","0","","","0","0","",
"CONFIRMED","N/A","Executed","","N","N","1683","42130822_2","M.BANK","S42130822_2","","Buy","42130822","11-Aug-2026 03:22:32 AM","498551860","USD","11-Aug-2026 03:23:02 AM","11-Aug-2027","0","USD","EQACC","EQACC","11-Aug-2026","TAUTO42130822_2","","Cancel","","","","","","","GOOG.O","M","11-Aug-2026","STP","","","","","C-MWIRE","","","","","","","","",
"CPTY ALLEGED","N/A","Doc(s) Req'd","","N","N","MWMF_FUND1","42130823_2","M.BANK","","Americas Master EQ IN OP","Buy","42130823","11-Aug-2026 03:22:40 AM","5261314500","USD","11-Aug-2026 03:22:43 AM","15-Sep-2027","0","USD","EQO","EQO","11-Aug-2026","A42130823_1_2_08112026_E","","F.Exer","","","","0","0","",".SPXAV10P","","11-Aug-2026","STP","two-way","15","Qty 210452580","","","1","0","0","","","0","0","",
"CONFIRMED","N/A","Executed","","N","N","1683","42130823_1","M.BANK","S42130823_1","","Sell","42130823","11-Aug-2026 03:21:33 AM","5261314500","USD","11-Aug-2026 03:22:29 AM","15-Sep-2027","0","USD","EQO","EQO","11-Aug-2026","TAUTO42130823_1","","New","","","","0","0","",".SPXAV10P","M","11-Aug-2026","STP","","15","Qty 210452580","","C-MWIRE","1","0","0","","","0","0","",
"CONFIRMED","N/A","Executed","","N","N","1683","42130822_1","M.BANK","S42130822_1","","Buy","42130822","11-Aug-2026 03:21:34 AM","498551860","USD","11-Aug-2026 03:22:20 AM","11-Aug-2027","0","USD","EQACC","EQACC","11-Aug-2026","TAUTO42130822_1","","New","","","","","","","GOOG.O","M","11-Aug-2026","STP","","","","","C-MWIRE","","","","","","","","",
"CONFIRMED","N/A","Executed","","N","N","1683","42130820_1","M.BANK","S42130820_1","","Sell","42130820","11-Aug-2026 03:20:34 AM","17886332000","USD","11-Aug-2026 03:21:40 AM","15-Sep-2026","0","USD","EQO","EQO","11-Aug-2026","TAUTO42130820_1","","New","","","","0","0","",".SPXAV10P","M","11-Aug-2026","STP","","10","Qty 894316600","","C-MWIRE","1","0","0","","","0","0","",
"CONFIRMED","N/A","Executed","","N","N","1683","42130815_1","M.BANK","S42130815_1","","Sell","42130815","11-Aug-2026 03:18:22 AM","17624462000","USD","11-Aug-2026 03:19:38 AM","15-Sep-2026","0","USD","EQO","EQO","11-Aug-2026","TAUTO42130815_1","","New","","","","0","0","",".SPXAV10P","M","11-Aug-2026","STP","","10","Qty 881223100","","C-MWIRE","1","0","0","","","0","0","",
"DISPUTED","N/A","Doc(s) Req'd","11-Aug-2026 at 03:18:03 AM EDT - System -  ' Disputed Field(s): Notional (Dealer : USD 659902110). Status updated to Disputed '|","N","N","1683","42130741_1","M.BANK","S42130742_1","","Sell","42130741","11-Aug-2026 02:49:08 AM","5000","USD","11-Aug-2026 03:18:08 AM","23-Dec-2027","695859020.5","USD","EQO","EQO","11-Aug-2026","TAUTO42130742_1","","New","","","","","","",".SPX","M","11-Aug-2026","","","12","Qty 0","","","1","","","","","","","",
"CONFIRMED","N/A","Executed","","N","N","1683","42130809_1","M.BANK","S42130809_1","","Buy","42130809","11-Aug-2026 03:16:16 AM","","USD","11-Aug-2026 03:17:11 AM","","35000","USD","VOL","VOL","11-Aug-2026","TAUTO42130809_1","","New","","","","","6000","","GOOGLUSD.S","M","11-Aug-2026","STP","","13","","C-MWIRE","","","","","","","","",
"CPTY ALLEGED","N/A","Doc(s) Req'd","","N","N","MWMF_FUND1","42130806_2","M.BANK","","IRS CAD 1Y","Recv Fixed","42130806","11-Aug-2026 03:16:46 AM","1000","CAD","11-Aug-2026 03:17:08 AM","11-Aug-2027","782898600","CAD","IRS","IRS","11-Aug-2026","A42130806_1_2_08112026_M","","Amend","A","8.2","","0","15657972","","CAD-CDOR","","11-Aug-2026","STP","two-way","","","","","","0","0","","","0","0","",
"CONFIRMED","N/A","Executed","","N","N","1683","42130806_1","M.BANK","S42130806_1","","Pay Fixed","42130806","11-Aug-2026 03:15:46 AM","1000","CAD","11-Aug-2026 03:16:34 AM","11-Aug-2027","782898600","CAD","IRS","IRSW","11-Aug-2026","TAUTO42130806_1","","New","","8.2","","0","15657972","","CAD-CDOR","M","11-Aug-2026","STP","","","","","C-MWIRE","","0","0","","","0","0","",
"CONFIRMED","N/A","Executed","","N","N","1683","42130804_1","M.BANK","S42130804_1","","Sell","42130804","11-Aug-2026 03:15:07 AM","1000","USD","11-Aug-2026 03:15:59 AM","15-Sep-2026","0","USD","EQO","EQO","11-Aug-2026","TAUTO42130804_1","","New","","","","0","0","",".SPXAV10P","M","11-Aug-2026","STP","","1","Qty 743397760","","C-MWIRE","","0","0","","","0","0","",
"CPTY ALLEGED","N/A","Doc(s) Req'd","","N","N","MWMF_FUND1","42130803_2","M.BANK","","Americas Master EQ SH OP","Buy","42130803","11-Aug-2026 03:14:44 AM","54210","USD","11-Aug-2026 03:14:48 AM","10-Aug-2028","0","USD","EQO","EQO","11-Aug-2026","A42130803_1_2_08112026_E","","F.Exer","","","","0","5000","","GOOG.OQ","","11-Aug-2026","STP","two-way","11","Qty 4170","","","1","0","0","","","0","0","",
"CONFIRMED","N/A","Executed","","N","N","1683","42130803_1","M.BANK","S42130803_1","","Sell","42130803","11-Aug-2026 03:13:45 AM","54210","USD","11-Aug-2026 03:14:32 AM","10-Aug-2028","0","USD","EQO","EQO","11-Aug-2026","TAUTO42130803_1","","New","","","","","5000","","GOOG.OQ","M","11-Aug-2026","STP","","11","Qty 4170","","C-MWIRE","","","","","","","","",
"ALLEGED","N/A","Doc(s) Req'd","","N","N","1683","","M.BANK","S42130800_1","","Sell","","","5000","USD","11-Aug-2026 03:13:48 AM","23-Dec-2027","736488930.5","USD","EQO","EQO","11-Aug-2026","TAUTO42130800_1","","New","","","","","","",".SPX","M","11-Aug-2026","","","12","Qty 0","","","1","","","","","","","",
"CPTY ALLEGED","N/A","Doc(s) Req'd","","N","N","MWMF_FUND1","42130800_1","M.BANK","","Cliquet Master EQ IN OP","Buy","42130800","11-Aug-2026 03:12:21 AM","5000","USD","11-Aug-2026 03:13:24 AM","23-Dec-2027","736488930","USD","EQO","EQO","11-Aug-2026","","","New","","","","0","0","",".SPX","","11-Aug-2026","STP","two-way","12","Qty 0","","","1","0","0","","","0","0","",
"CONFIRMED","N/A","Executed","","N","N","1683","42130799_1","M.BANK","S42130799_1","","Sell","42130799","11-Aug-2026 03:11:52 AM","1000","USD","11-Aug-2026 03:13:04 AM","15-Sep-2026","0","USD","EQO","EQO","11-Aug-2026","TAUTO42130799_1","","New","","","","0","1000","",".SPXAV10P","M","11-Aug-2026","STP","","1","Qty 866481200","","C-MWIRE","","0","0","","","0","0","",
"CONFIRMED","N/A","Executed","","N","N","1683","42130798_1","M.BANK","S42130798_1","","Sell","42130798","11-Aug-2026 03:09:54 AM","9851878200","USD","11-Aug-2026 03:11:34 AM","15-Sep-2026","0","USD","EQO","EQO","11-Aug-2026","TAUTO42130798_1","","New","","","","0","0","",".SPXAV10P","M","11-Aug-2026","STP","","10","Qty 492593910","","C-MWIRE","1","0","0","","","0","0","",
"CONFIRMED","N/A","Executed","","N","N","1683","42130772_1","M.BANK","S42130772_1","","Sell","42130772","11-Aug-2026 03:01:45 AM","1000","USD","11-Aug-2026 03:11:00 AM","15-Sep-2026","0","USD","EQO","EQO","11-Aug-2026","TAUTO42130772_1","","New","","","","0","0","",".SPXAV10P","M","11-Aug-2026","STP","","1","Qty 421.0009","","C-MWIRE","","0","0","","","0","0","",
"CPTY ALLEGED","N/A","Doc(s) Req'd","","N","N","MWMF_FUND1","42130793_1","M.BANK","","Global Master EQ SH SW","Pay Equity,Rec Interest","42130793","11-Aug-2026 03:07:44 AM","0","USD","11-Aug-2026 03:09:49 AM","15-Aug-2028","972306832680","USD","EQS","EQS","11-Aug-2026","A42130787_1_2_08112026_C","","Cancel","","","","0","7860","","QAN.AX","","11-Aug-2026","STP","two-way","","Qty 143917530","","","","0","0","","","0","0","",
"CPTY ALLEGED","N/A","Doc(s) Req'd","","N","N","MWMF_FUND1","42130783_2","M.BANK","","OIS USD 1y","Pay Fixed","42130783","11-Aug-2026 03:08:53 AM","1000","USD","11-Aug-2026 03:09:28 AM","13-Aug-2027","916563140","USD","OIS","IRS","11-Aug-2026","A42130783_1_2_08112026_M","","Amend","A","5.2","","0","18331262.8","2","USD-SOFR-OIS Compound","","11-Aug-2026","STP","two-way","","","","","","0","0","","","0","0","",
"CONFIRMED","N/A","Executed","","N","N","1683","42130787_1","M.BANK","S42130787_1","","Rec Equity,Pay Interest","42130787","11-Aug-2026 03:07:44 AM","0","USD","11-Aug-2026 03:09:09 AM","15-Aug-2028","972306832680","USD","EQS","EQS","11-Aug-2026","TAUTO42130787_1","","New","","","","0","7860","","QAN.AX","M","11-Aug-2026","STP","","","Qty 143917530","","C-MWIRE","","0","0","","","0","0","",
"CONFIRMED","N/A","Executed","","N","N","1683","42130784_1","M.BANK","S42130784_1","","Sell","42130784","11-Aug-2026 03:07:38 AM","1000","USD","11-Aug-2026 03:09:05 AM","27-Dec-2027","0","USD","EQO","EQO","11-Aug-2026","TAUTO42130784_1","","New","","","","0","0","",".SPXAV10P","M","11-Aug-2026","STP","","1","Qty 699","","C-MWIRE","1","0","0","","","0","0","",
"CONFIRMED","N/A","Executed","","N","N","1683","42130785_1","M.BANK","S42130785_1","","Sell","42130785","11-Aug-2026 03:07:39 AM","7484787800","USD","11-Aug-2026 03:09:03 AM","15-Sep-2026","0","USD","EQO","EQO","11-Aug-2026","TAUTO42130785_1","","New","","","","0","0","",".SPXAV10P","M","11-Aug-2026","STP","","10","Qty 374239390","","C-MWIRE","1","0","0","","","0","0","",
"CONFIRMED","N/A","Executed","","N","N","1683","42130782_1","M.BANK","S42130782_1","","Sell","42130782","11-Aug-2026 03:07:05 AM","587486","USD","11-Aug-2026 03:08:42 AM","10-Aug-2028","0","USD","EQO","EQO","11-Aug-2026","TAUTO42130782_1","","New","","","","","8000","","GOOG.OQ","M","11-Aug-2026","STP","","11","Qty 34558","","C-MWIRE","","","","","","","","",
"CONFIRMED","N/A","Executed","","N","N","1683","42130783_1","M.BANK","S42130783_1","","Recv Fixed","42130783","11-Aug-2026 03:07:26 AM","1000","USD","11-Aug-2026 03:08:31 AM","13-Aug-2027","916563140","USD","OIS","OIS","11-Aug-2026","TAUTO42130783_1","","New","","5.2","","","18331262.8","2","USD-SOFR-OIS Compound","M","11-Aug-2026","STP","","","","","C-MWIRE","","","","","","","","",
"CONFIRMED","N/A","Executed","","N","N","1683","42130781_1","M.BANK","S42130781_1","","Sell","42130781","11-Aug-2026 03:06:33 AM","587486","USD","11-Aug-2026 03:08:03 AM","10-Aug-2028","0","USD","EQO","EQO","11-Aug-2026","TAUTO42130781_1","","New","","","","","8000","","GOOG.OQ","M","11-Aug-2026","STP","","11","Qty 34558","","C-MWIRE","","","","","","","","",
"ALLEGED","N/A","Doc(s) Req'd","","N","N","1684","","M.BANK","SWO_SC02_EUR_NALCT_NOV","","","","","1650000","EUR","11-Aug-2026 03:06:12 AM","12-Aug-2029","11000000","EUR","SWO","SWO","11-Aug-2026","SWO_SC02_EUR_NALCT_NOV","","Asgm","","8","","","","","EUR-EuroSTR-OIS Compound","M","11-Aug-2026","STP","","","","","R","","","","","","","","",
"CONFIRMED","N/A","Executed","11-Aug-2026 at 03:02:09 AM EDT - MarkitWire -  ' 1683 :Novation via MTM - MWMF\Markit Wire Mega Fund EU Trader2 initiated novation request to TEST1 (Incoming) and MWBA (Remaining). Waiting for response... '|","N","N","1683","A42130751_0811202635","M.BANK/ABANK","S42130751_2","","Pay Fixed","TAUTO42130751_2_nv","11-Aug-2026 03:05:31 AM","1000","CAD","11-Aug-2026 03:05:44 AM","11-Aug-2027","112381932","CAD","IRS","IRSW","11-Aug-2026","TAUTO42130751_2_nv","","Asgm","","8.2","","0","0","","CAD-CDOR","M","11-Aug-2026","STP","","","","","C-MWIRE","","0","0","","","0","0","",
"CONFIRMED","N/A","Executed","11-Aug-2026 at 03:03:11 AM EDT - vikram.singh@ihsmarkit.com -  ' Trade manually affirmed '|11-Aug-2026 at 03:02:49 AM EDT - System -  ' Disputed Field(s): Strike Price/Initial Strike (w/ tolerance btwn 0.1 and 0.01) (Dealer : 11). Status updated to Disputed '|11-Aug-2026 at 03:02:49 AM EDT - MarkitWire -  ' 1683 :Deal is currently under review '|","N","N","1683","42130771_1","M.BANK","S42130771_1","","Sell","42130771","11-Aug-2026 03:01:34 AM","587486","USD","11-Aug-2026 03:03:31 AM","10-Aug-2028","0","USD","EQO","EQO","11-Aug-2026","TAUTO42130771_1","","New","","","","","8000","","GOOG.OQ","M","11-Aug-2026","STP","","9.5","Qty 34558","","C-MWIRE","","","","","","","","",
"CONFIRMED","N/A","Executed","","N","N","1683","42130750_1","M.BANK","S42130750_1","","Sell","42130750","11-Aug-2026 02:53:36 AM","7157","USD","11-Aug-2026 03:03:11 AM","10-Aug-2028","0","USD","EQO","EQO","11-Aug-2026","TAUTO42130750_1","","New","","","","","8000","","GOOG.OQ","M","11-Aug-2026","STP","","11","Qty 421.0008","","C-MWIRE","","","","","","","","",
"CONFIRMED","N/A","Executed","","N","N","1683","42130770_1","M.BANK","S42130770_1","","Sell","42130770","11-Aug-2026 03:01:19 AM","1000","USD","11-Aug-2026 03:02:45 AM","15-Sep-2026","0","USD","EQO","EQO","11-Aug-2026","TAUTO42130770_1","","New","","","","0","0","",".SPXAV10P","M","11-Aug-2026","STP","","1","Qty 756789770","","C-MWIRE","","0","0","","","0","0","",
"CONFIRMED","N/A","Executed","11-Aug-2026 at 03:00:46 AM EDT - vikram.singh@ihsmarkit.com -  ' Trade manually affirmed '|11-Aug-2026 at 03:00:29 AM EDT - MarkitWire -  ' 1683 :Deal is currently under review '|11-Aug-2026 at 03:00:28 AM EDT - System -  ' Disputed Field(s): Strike Price/Initial Strike (w/ tolerance btwn 0.1 and 0.01) (Dealer : 10). Status updated to Disputed '|","N","N","1683","42130765_1","M.BANK","S42130765_1","","Sell","42130765","11-Aug-2026 02:59:21 AM","4357413600","USD","11-Aug-2026 03:01:02 AM","15-Sep-2026","0","USD","EQO","EQO","11-Aug-2026","TAUTO42130765_1","","New","","","","0","0","",".SPXAV10P","M","11-Aug-2026","STP","","6","Qty 217870680","","C-MWIRE","1","0","0","","","0","0","",
"CONFIRMED","N/A","Executed","11-Aug-2026 at 03:00:29 AM EDT - vikram.singh@ihsmarkit.com -  ' Trade manually affirmed '|11-Aug-2026 at 03:00:16 AM EDT - MarkitWire -  ' 1683 :Deal is currently under review '|11-Aug-2026 at 03:00:10 AM EDT - System -  ' Disputed Field(s): Strike Price/Initial Strike (w/ tolerance btwn 0.1 and 0.01) (Dealer : 11). Status updated to Disputed '|","N","N","1683","42130764_1","M.BANK","S42130764_1","","Sell","42130764","11-Aug-2026 02:58:52 AM","1064688","USD","11-Aug-2026 03:00:35 AM","10-Aug-2028","0","USD","EQO","EQO","11-Aug-2026","TAUTO42130764_1","","New","","","","","8000","","GOOG.OQ","M","11-Aug-2026","STP","","22","Qty 66543","","C-MWIRE","","","","","","","","",
"ALLEGED","N/A","Doc(s) Req'd","","N","N","1683","","M.BANK","S42130763_1","","Sell","","","5000","USD","11-Aug-2026 02:59:56 AM","23-Dec-2027","579971810.5","USD","EQO","EQO","11-Aug-2026","TAUTO42130763_1","","New","","","","","","",".SPX","M","11-Aug-2026","","","23","Qty 0","","","1","","","","","","","",
"CPTY ALLEGED","N/A","Doc(s) Req'd","","N","N","MWMF_FUND1","42130763_1","M.BANK","","Cliquet Master EQ IN OP","Buy","42130763","11-Aug-2026 02:58:48 AM","5000","USD","11-Aug-2026 02:59:08 AM","23-Dec-2027","579971810","USD","EQO","EQO","11-Aug-2026","","","New","","","","0","0","",".SPX","","11-Aug-2026","STP","two-way","12","Qty 0","","","1","0","0","","","0","0","",
"CPTY ALLEGED","N/A","Doc(s) Req'd","","N","N","MWMF_FUND1","42130760_1","M.BANK","","Spread Master EQ IN OP","Buy","42130760","11-Aug-2026 02:56:56 AM","1000","USD","11-Aug-2026 02:57:28 AM","15-Sep-2026","0","USD","EQO","EQO","11-Aug-2026","","","New","","","","0","0","",".SPXAV10P","","11-Aug-2026","STP","two-way","1","Qty 999375430","","","","0","0","","","0","0","",
"CONFIRMED","N/A","Executed","","N","N","1683","42130751_1","M.BANK","S42130751_1","","Pay Fixed","42130751","11-Aug-2026 02:54:57 AM","1000","CAD","11-Aug-2026 02:57:12 AM","11-Aug-2027","187303220","CAD","IRS","IRSW","11-Aug-2026","TAUTO42130751_1","","New","","8.2","","0","0","","CAD-CDOR","M","11-Aug-2026","STP","","","","","C-MWIRE","","0","0","","","0","0","",
"CONFIRMED","N/A","Executed","","N","N","1683","42130751_2","M.BANK","S42130751_1","","Pay Fixed","42130751","11-Aug-2026 02:56:24 AM","1000","CAD","11-Aug-2026 02:57:12 AM","11-Aug-2027","187303220","CAD","IRS","IRSW","11-Aug-2026","TAUTO42130751_1_Amd","","Amend","A","8.2","","","","","CAD-CDOR","M","11-Aug-2026","STP","","","","","C-MWIRE","","","","","","","","",
"CONFIRMED","N/A","Executed","11-Aug-2026 at 02:56:46 AM EDT - vikram.singh@ihsmarkit.com -  ' Trade manually affirmed '|11-Aug-2026 at 02:56:23 AM EDT - System -  ' Disputed Field(s): Strike Price/Initial Strike (w/ tolerance btwn 0.1 and 0.01) (Dealer : 1). Status updated to Disputed '|11-Aug-2026 at 02:56:23 AM EDT - MarkitWire -  ' 1683 :Deal is currently under review '|","N","N","1683","42130753_1","M.BANK","S42130753_1","","Sell","42130753","11-Aug-2026 02:55:10 AM","1000","USD","11-Aug-2026 02:56:54 AM","15-Sep-2026","0","USD","EQO","EQO","11-Aug-2026","TAUTO42130753_1","","New","","","","0","0","",".SPXAV10P","M","11-Aug-2026","STP","","14","Qty 581105950","","C-MWIRE","","0","0","","","0","0","",
"CONFIRMED","N/A","Executed","","N","N","1683","42130730_1","M.BANK","S42130730_1","","Sell","42130730","11-Aug-2026 02:45:13 AM","8420","USD","11-Aug-2026 02:55:28 AM","15-Sep-2026","0","USD","EQO","EQO","11-Aug-2026","TAUTO42130730_1","","New","","","","0","0","",".SPXAV10P","M","11-Aug-2026","STP","","10","Qty 421.0006","","C-MWIRE","1","0","0","","","0","0","",
"CONFIRMED","N/A","Executed","11-Aug-2026 at 02:53:56 AM EDT - vikram.singh@ihsmarkit.com -  ' Trade manually affirmed '|11-Aug-2026 at 02:53:38 AM EDT - MarkitWire -  ' 1683 :Deal is currently under review '|11-Aug-2026 at 02:53:37 AM EDT - System -  ' Disputed Field(s): Fee(w/ tolerance btwn 0.0 and 1.0) (Dealer : USD 1064688), [ Allocations-->|1683:MWMF_FUND1:Fee (Dealer : USD 1064688) ]. Status updated to Disputed '|","N","N","1683","42130749_1","M.BANK","S42130749_1","","Sell","42130749","11-Aug-2026 02:52:01 AM","3100","USD","11-Aug-2026 02:54:21 AM","10-Aug-2028","0","USD","EQO","EQO","11-Aug-2026","TAUTO42130749_1","","New","","","","","8000","","GOOG.OQ","M","11-Aug-2026","STP","","11","Qty 66543","","C-MWIRE","","","","","","","","",
"CONFIRMED","N/A","Executed","11-Aug-2026 at 02:53:08 AM EDT - SWMatcher -  ' Matched Fields are Trade Date,Termination Date,Transaction Type,Fixed Rate,Swap Direction,Float Rate Index,Cpty Trade Id & Account Id. Status updated to Confirmed '|","N","N","1683","42130735_1","M.BANK","42130735","","Pay Fixed","42130735","11-Aug-2026 02:46:30 AM","1000","CAD","11-Aug-2026 02:53:13 AM","11-Aug-2027","642165600","CAD","IRS","IRSW","11-Aug-2026","TAUTO42130735_1","","New","","8.2","","0","12843312","","CAD-CDOR","M","11-Aug-2026","STP","","","","","C-MWIRE","","0","0","","","0","0","",
"CONFIRMED","N/A","Executed","","N","N","1683","42130739_2","M.BANK","S42130739_2","","Sell","42130739","11-Aug-2026 02:50:13 AM","1260","USD","11-Aug-2026 02:51:02 AM","25-Sep-2030","83069613.33","USD","EQVS","EQVS","11-Aug-2026","TAUTO42130739_2","","F.Term","","","","","","","AIR.N","M","11-Aug-2026","STP","","9","","C-MWIRE","","","","","","","","",
"CONFIRMED","N/A","Executed","","N","N","1683","42130739_1","M.BANK","S42130739_1","","Sell","42130739","11-Aug-2026 02:48:39 AM","0","USD","11-Aug-2026 02:49:46 AM","25-Sep-2030","83069613.33","USD","EQVS","EQVS","11-Aug-2026","TAUTO42130739_1","","New","","","","0","2000","","AIR.N","M","11-Aug-2026","STP","","9","","C-MWIRE","","0","0","","","0","0","",
"CPTY ALLEGED","N/A","Doc(s) Req'd","","N","N","MWMF_FUND1","42130742_1","M.BANK","","Cliquet Master EQ IN OP","Buy","42130742","11-Aug-2026 02:49:17 AM","5000","USD","11-Aug-2026 02:49:35 AM","23-Dec-2027","695859020","USD","EQO","EQO","11-Aug-2026","","","New","","","","0","0","",".SPX","","11-Aug-2026","STP","two-way","12","Qty 0","","","1","0","0","","","0","0","",
"CONFIRMED","N/A","Executed","","N","N","1683","42130729_2","M.BANK","S42130734_1","","Pay Equity,Rec Interest","42130729","11-Aug-2026 02:44:57 AM","0","AUD","11-Aug-2026 02:48:21 AM","15-Aug-2028","189100","AUD","EQS","EQS","11-Aug-2026","TAUTO42130734_1","","F.Term","","","","0","0","","QAN.AX","M","11-Aug-2026","STP","","","Qty 310","","C-MWIRE","","0","0","","","0","0","",
"CONFIRMED","N/A","Executed","","N","N","1683","42130732_2","M.BANK","S42130732_2","","Recv Fixed,Pay Dividend","42130732","11-Aug-2026 02:47:19 AM","","USD","11-Aug-2026 02:48:01 AM","17-Dec-2027","0","USD","DIV","DIV","11-Aug-2026","TAUTO42130732_2","","F.Term","","","","","","","GOOG.OQ","M","11-Aug-2026","STP","","100.12346","Qty 1000","","C-MWIRE","","","","","","","","",
"DISPUTED","N/A","Doc(s) Req'd","11-Aug-2026 at 02:47:49 AM EDT - System -  ' Disputed Field(s): Number of Options (w/ tolerance btwn 0.0 and 0.001) (Dealer : 58.1), [ Allocations-->|1683:MWMF_FUND1:Number of Shares/Options (Dealer : 58.1) ]. Status updated to Disputed '|","N","N","1683","42130717_1","M.BANK","S42130717_1","","Sell","42130717","11-Aug-2026 02:37:45 AM","987.7","USD","11-Aug-2026 02:47:50 AM","10-Aug-2028","0","USD","EQO","EQO","11-Aug-2026","TAUTO42130717_1","","New","","","","","8000","","GOOG.OQ","M","11-Aug-2026","","","11","Qty 58.31","","","","","","","","","","",
"CONFIRMED","N/A","Executed","","N","N","1683","42130732_1","M.BANK","S42130732_1","","Pay Fixed,Rec Dividend","42130732","11-Aug-2026 02:45:43 AM","0","USD","11-Aug-2026 02:46:57 AM","17-Dec-2027","0","USD","DIV","DIV","11-Aug-2026","TAUTO42130732_1","","New","","","","0","5000","","GOOG.OQ","M","11-Aug-2026","STP","","100.12346","Qty 1000","","C-MWIRE","","0","0","","","0","0","",
"CONFIRMED","N/A","Executed","","N","N","1683","42130731_1","M.BANK","S42130731_1","","Buy","42130731","11-Aug-2026 02:45:29 AM","","USD","11-Aug-2026 02:46:43 AM","","35000","USD","VOL","VOL","11-Aug-2026","TAUTO42130731_1","","New","","","","","6000","","GOOGLUSD.S","M","11-Aug-2026","STP","","13","","C-MWIRE","","","","","","","","",
"CONFIRMED","N/A","Executed","","N","N","1683","42130729_1","M.BANK","S42130729_1","","Pay Equity,Rec Interest","42130729","11-Aug-2026 02:44:57 AM","0","AUD","11-Aug-2026 02:46:19 AM","15-Aug-2028","189100","AUD","EQS","EQS","11-Aug-2026","TAUTO42130729_1","","New","","","","0","0","","QAN.AX","M","11-Aug-2026","STP","","","Qty 310","","C-MWIRE","","0","0","","","0","0","",
"CONFIRMED","N/A","Executed","","N","N","1683","42130723_2","M.BANK","S42130723_2","","Buy","42130723","11-Aug-2026 02:43:55 AM","1260","USD","11-Aug-2026 02:44:40 AM","11-Aug-2027","0","USD","EQDEC","EQDEC","11-Aug-2026","TAUTO42130723_2","","F.Term","","","","","","","DXCM.O","M","11-Aug-2026","STP","","","","","C-MWIRE","","","","","","","","",
"CPTY ALLEGED","N/A","Doc(s) Req'd","","N","N","MWMF_FUND1","42130726_1","M.BANK","","Autocallable Master EQ SH SW","Rec Equity,Pay Interest","42130726","","0","USD","11-Aug-2026 02:43:54 AM","12-Aug-2027","45063200","USD","EQS","EQS","11-Aug-2026","","","New","","","","0","0","","GOOG.O","","11-Aug-2026","STP","two-way","","Qty 520","","","","0","0","","","0","0","",
"CONFIRMED","N/A","Executed","","N","N","1683","42130723_1","M.BANK","S42130723_1","","Buy","42130723","11-Aug-2026 02:42:00 AM","2000","USD","11-Aug-2026 02:43:24 AM","11-Aug-2027","0","USD","EQDEC","EQDEC","11-Aug-2026","TAUTO42130723_1","","New","","","","","","","DXCM.O","M","11-Aug-2026","STP","","","","","C-MWIRE","","","","","","","","",
"CONFIRMED","N/A","Executed","","N","N","1683","42130722_1","M.BANK","S42130722_1","","Buy","42130722","11-Aug-2026 02:41:15 AM","650928060","USD","11-Aug-2026 02:42:47 AM","11-Aug-2027","0","USD","EQACC","EQACC","11-Aug-2026","TAUTO42130722_1","","New","","","","","","","GOOG.O","M","11-Aug-2026","STP","","","","","C-MWIRE","","","","","","","","",
"CONFIRMED","N/A","Executed","11-Aug-2026 at 02:39:41 AM EDT - MarkitWire -  ' 1683 :Novation via MTM - MWMF\Markit Wire Mega Fund EU Trader2 initiated novation request to TEST1 (Incoming) and MWBA (Remaining). Waiting for response... '|","N","N","1683","A42130711_08112026242","M.BANK/ABANK","S42130711_2","","Pay Fixed","TAUTO42130711_2_nv","11-Aug-2026 02:42:05 AM","1000","CAD","11-Aug-2026 02:42:20 AM","11-Aug-2027","337304388","CAD","IRS","IRSW","11-Aug-2026","TAUTO42130711_2_nv","","Asgm","","8.2","","0","0","","CAD-CDOR","M","11-Aug-2026","STP","","","","","C-MWIRE","","0","0","","","0","0","",
"CONFIRMED","N/A","Executed","","N","N","1683","42130714_2","M.BANK","S42130714_2","","Sell","42130714","11-Aug-2026 02:36:05 AM","1340","USD","11-Aug-2026 02:41:05 AM","15-Sep-2026","0","USD","EQO","EQO","11-Aug-2026","TAUTO42130714_2","","P.Term","","","","","","",".SPXAV10P","M","11-Aug-2026","STP","","1","Qty 1609.1244","","C-MWIRE","","","","","","","","",
"DISPUTED","N/A","Doc(s) Req'd","11-Aug-2026 at 02:40:50 AM EDT - System -  ' Disputed Field(s): Number of Options (w/ tolerance btwn 0.0 and 0.001) (Dealer : 58.1), [ Allocations-->|1683:MWMF_FUND1:Number of Shares/Options (Dealer : 58.1) ]. Status updated to Disputed '|","N","N","1683","42130708_1","M.BANK","S42130708_1","","Sell","42130708","11-Aug-2026 02:29:44 AM","1162","USD","11-Aug-2026 02:40:52 AM","15-Sep-2026","0","USD","EQO","EQO","11-Aug-2026","TAUTO42130708_1","","New","","","","","","",".SPXAV10P","M","11-Aug-2026","","","10","Qty 58.33","","","1","","","","","","","",
"DISPUTED","N/A","Doc(s) Req'd","11-Aug-2026 at 02:36:04 AM EDT - System -  ' Disputed Field(s): Dividend Percentage (Dealer : 1),Step Notional (Dealer : 40572000),Knock-In Barrier % (Dealer : 0.54),Knock-Out Barrier % (Dealer : 0.75),Coupon Barrier % (Dealer : 0.89),Coupon Rate % (Dealer : 0.36). Status updated to Disputed '|","N","N","1683","42130715_1","M.BANK","S42130715_1","","Pay Equity,Rec Interest","42130715","","0","USD","11-Aug-2026 02:36:05 AM","12-Aug-2027","40572000","USD","EQS","EQS","11-Aug-2026","TAUTO42130715_1","","New","","","","","","",".SPX","M","11-Aug-2026","","","","Qty 600","","","","","","","","","","",
"CONFIRMED","N/A","Executed","","N","N","1683","42130714_1","M.BANK","S42130714_1","","Sell","42130714","11-Aug-2026 02:34:31 AM","1000","USD","11-Aug-2026 02:35:44 AM","15-Sep-2026","0","USD","EQO","EQO","11-Aug-2026","TAUTO42130714_1","","New","","","","0","0","",".SPXAV10P","M","11-Aug-2026","STP","","1","Qty 871006800","","C-MWIRE","","0","0","","","0","0","",
"CONFIRMED","N/A","Executed","","N","N","1683","42130713_1","M.BANK","S42130713_1","","Pay Fixed,Rec Dividend","42130713","11-Aug-2026 02:33:37 AM","0","EUR","11-Aug-2026 02:34:44 AM","17-Dec-2027","0","EUR","DIV","DIV","11-Aug-2026","TAUTO42130713_1","","New","","","","0","5000","",".SX7E","M","11-Aug-2026","STP","","23","Qty 287221900","","C-MWIRE","","0","0","","","0","0","",
"CONFIRMED","N/A","Executed","","N","N","1683","42130711_1","M.BANK","S42130711_1","","Pay Fixed","42130711","11-Aug-2026 02:32:44 AM","1000","CAD","11-Aug-2026 02:34:20 AM","11-Aug-2027","562173980","CAD","IRS","IRSW","11-Aug-2026","TAUTO42130711_1","","New","","8.2","","0","0","","CAD-CDOR","M","11-Aug-2026","STP","","","","","C-MWIRE","","0","0","","","0","0","",
"CONFIRMED","N/A","Executed","","N","N","1683","42130711_2","M.BANK","S42130711_1","","Pay Fixed","42130711","11-Aug-2026 02:33:43 AM","1000","CAD","11-Aug-2026 02:34:20 AM","11-Aug-2027","562173980","CAD","IRS","IRSW","11-Aug-2026","TAUTO42130711_1_Amd","","Amend","A","8.2","","","","","CAD-CDOR","M","11-Aug-2026","STP","","","","","C-MWIRE","","","","","","","","",
"CONFIRMED","N/A","Executed","","N","N","1683","42130703_2","M.BANK","S42130703_2","","Sell","42130703","11-Aug-2026 02:27:44 AM","2156225.36","USD","11-Aug-2026 02:33:58 AM","15-Sep-2026","0","USD","EQO","EQO","11-Aug-2026","TAUTO42130703_2","","P.Term","","","","","","",".SPXAV10P","M","11-Aug-2026","STP","","10","Qty 1609.1224","","C-MWIRE","1","","","","","","","",
"CONFIRMED","N/A","Executed","","N","N","1683","42130710_2","M.BANK","S42130710_2","","Sell","42130710","11-Aug-2026 02:31:43 AM","25","USD","11-Aug-2026 02:32:38 AM","27-Jan-2027","105.47","USD","EQVS","EQVS","11-Aug-2026","TAUTO42130710_2","","P.Term","","","","","100","",".SPXNTR","M","11-Aug-2026","STP","","34.2225","","C-MWIRE","","","","","","","","",
"CONFIRMED","N/A","Executed","11-Aug-2026 at 02:32:32 AM EDT - SWMatcher -  ' Matched Fields are Trade Date,Termination Date,Transaction Type,Fixed Rate,Swap Direction,Float Rate Index,Cpty Trade Id & Account Id. Status updated to Confirmed '|","N","N","1683","42130707_1","M.BANK","42130707","","Pay Fixed","42130707","11-Aug-2026 02:29:43 AM","1000","CAD","11-Aug-2026 02:32:33 AM","11-Aug-2027","139433250","CAD","IRS","IRSW","11-Aug-2026","TAUTO42130707_1","","New","","8.2","","0","2788665","","CAD-CDOR","M","11-Aug-2026","STP","","","","","C-MWIRE","","0","0","","","0","0","",
"CONFIRMED","N/A","Executed","","N","N","1683","42130710_1","M.BANK","S42130710_1","","Sell","42130710","11-Aug-2026 02:30:11 AM","0","USD","11-Aug-2026 02:31:22 AM","27-Jan-2027","18106894.87","USD","EQVS","EQVS","11-Aug-2026","TAUTO42130710_1","","New","","","","0","5000","",".SPXNTR","M","11-Aug-2026","STP","","34.2225","","C-MWIRE","","0","0","","","0","0","",
"CONFIRMED","N/A","Executed","","N","N","1683","42130705_2","M.BANK","S42130705_2","","Buy","42130705","11-Aug-2026 02:28:34 AM","25","USD","11-Aug-2026 02:29:26 AM","","1234","USD","VOL","VOL","11-Aug-2026","TAUTO42130705_2","","P.Term","","","","","100","",".SPX","M","11-Aug-2026","STP","","3.85","","C-MWIRE","","","","","","","","",
"CONFIRMED","N/A","Executed","11-Aug-2026 at 02:29:04 AM EDT - SWMatcher -  ' Matched Fields are Trade Date,Termination Date,Transaction Type,Fixed Rate,Swap Direction,Float Rate Index,Cpty Trade Id & Account Id. Status updated to Confirmed '|","N","N","1683","42130701_1","M.BANK","42130701","","Pay Fixed","42130701","11-Aug-2026 02:24:46 AM","1000","CAD","11-Aug-2026 02:29:05 AM","11-Aug-2027","579940180","CAD","IRS","IRSW","11-Aug-2026","TAUTO42130701_1","","New","","8.2","","0","11598803.6","","CAD-CDOR","M","11-Aug-2026","STP","","","","","C-MWIRE","","0","0","","","0","0","",
"CONFIRMED","N/A","Executed","","N","N","1683","42130706_1","M.BANK","S42130706_1","","Sell","42130706","11-Aug-2026 02:27:17 AM","1000","USD","11-Aug-2026 02:28:34 AM","15-Sep-2026","0.99","USD","EQO","EQO","11-Aug-2026","TAUTO42130706_1","","New","","","","0","0","",".SPXAV10P","M","11-Aug-2026","STP","","1","Qty 592641400","","C-MWIRE","","0","0","","","0","0","",
"CONFIRMED","N/A","Executed","","N","N","1683","42130705_1","M.BANK","S42130705_1","","Buy","42130705","11-Aug-2026 02:27:08 AM","","USD","11-Aug-2026 02:28:10 AM","","283175550","USD","VOL","VOL","11-Aug-2026","TAUTO42130705_1","","New","","","","","5000","",".SPX","M","11-Aug-2026","STP","","3.85","","C-MWIRE","","","","","","","","",
"CONFIRMED","N/A","Executed","","N","N","1683","42130703_1","M.BANK","S42130703_1","","Sell","42130703","11-Aug-2026 02:26:10 AM","16051508600","USD","11-Aug-2026 02:27:21 AM","15-Sep-2026","0","USD","EQO","EQO","11-Aug-2026","TAUTO42130703_1","","New","","","","0","0","",".SPXAV10P","M","11-Aug-2026","STP","","10","Qty 802575430","","C-MWIRE","1","0","0","","","0","0","",
"DISPUTED","N/A","Doc(s) Req'd","11-Aug-2026 at 02:26:46 AM EDT - System -  ' Disputed Field(s): Number of Options (w/ tolerance btwn 0.0 and 0.001) (Dealer : 899), [ Allocations-->|1683:MWMF_FUND1:Number of Shares/Options (Dealer : 899) ]. Status updated to Disputed '|","N","N","1683","42130692_2","M.BANK","S42130692_2","","Sell","42130692","11-Aug-2026 02:18:30 AM","1204660","USD","11-Aug-2026 02:26:46 AM","15-Sep-2026","0","USD","EQO","EQO","11-Aug-2026","TAUTO42130692_2","","F.Term","","","","","","",".SPXAV10P","M","11-Aug-2026","","","10","Qty 900","","","1","","","","","","","",
"CONFIRMED","N/A","Executed","","N","N","1683","42130702_1","M.BANK","S42130702_1","","Sell","42130702","11-Aug-2026 02:25:14 AM","6002","USD","11-Aug-2026 02:26:27 AM","15-Sep-2026","0","USD","EQO","EQO","11-Aug-2026","TAUTO42130702_1","","New","","","","0","0","",".SPXAV10P","M","11-Aug-2026","STP","","10","Qty 300","","C-MWIRE","1","0","0","","","0","0","",
"CONFIRMED","N/A","Executed","","N","N","1683","42130700_1","M.BANK","S42130700_1","","Sell","42130700","11-Aug-2026 02:23:17 AM","11725097200","USD","11-Aug-2026 02:24:39 AM","15-Sep-2026","0","USD","EQO","EQO","11-Aug-2026","TAUTO42130700_1","","New","","","","0","0","",".SPXAV10P","M","11-Aug-2026","STP","","10","Qty 586254860","","C-MWIRE","1","0","0","","","0","0","",
"CPTY ALLEGED","N/A","Doc(s) Req'd","","N","N","MWMF_FUND1","42130698_1","M.BANK","","Spread Master EQ IN OP","Buy","42130698","11-Aug-2026 02:22:44 AM","1000","USD","11-Aug-2026 02:23:06 AM","15-Sep-2026","0","USD","EQO","EQO","11-Aug-2026","","","New","","","","0","0","",".SPXAV10P","","11-Aug-2026","STP","two-way","1","Qty 300","","","","0","0","","","0","0","",
"CONFIRMED","N/A","Executed","","N","N","1683","42130695_2","M.BANK","S42130695_2","","Sell","42130695","11-Aug-2026 02:21:43 AM","28140","USD","11-Aug-2026 02:22:38 AM","15-Sep-2026","0","USD","EQO","EQO","11-Aug-2026","TAUTO42130695_2","","P.Term","","","","","","",".SPXAV10P","M","11-Aug-2026","STP","","10","Qty 21","","C-MWIRE","1","","","","","","","",
"CONFIRMED","N/A","Executed","","N","N","1683","42130695_1","M.BANK","S42130695_1","","Sell","42130695","11-Aug-2026 02:20:09 AM","2768780400","USD","11-Aug-2026 02:21:18 AM","15-Sep-2026","0","USD","EQO","EQO","11-Aug-2026","TAUTO42130695_1","","New","","","","0","0","",".SPXAV10P","M","11-Aug-2026","STP","","10","Qty 138439020","","C-MWIRE","1","0","0","","","0","0","",
"CONFIRMED","N/A","Executed","11-Aug-2026 at 02:05:53 AM EDT - MarkitWire -  ' 1683 :Deal is currently under review '|","N","N","1683","42130667_2","M.BANK","S42130689_2","","Sell","42130667","11-Aug-2026 02:05:04 AM","25000","USD","11-Aug-2026 02:19:04 AM","15-Sep-2026","0","USD","EQO","EQO","11-Aug-2026","TAUTO42130689_2","","New","","","","","","",".SPXAV10P","M","11-Aug-2026","STP","","10","Qty 100","","C-MWIRE","1","","","","","","","",
"CONFIRMED","N/A","Executed","","N","N","1683","42130693_1","M.BANK","S42130693_1","","Sell","42130693","11-Aug-2026 02:16:56 AM","9847255600","USD","11-Aug-2026 02:18:13 AM","15-Sep-2026","0","USD","EQO","EQO","11-Aug-2026","TAUTO42130693_1","","New","","","","0","0","",".SPXAV10P","M","11-Aug-2026","STP","","10","Qty 492362780","","C-MWIRE","1","0","0","","","0","0","",
"CONFIRMED","N/A","Executed","","N","N","1683","42130692_1","M.BANK","S42130692_1","","Sell","42130692","11-Aug-2026 02:16:51 AM","17980","USD","11-Aug-2026 02:18:07 AM","15-Sep-2026","0","USD","EQO","EQO","11-Aug-2026","TAUTO42130692_1","","New","","","","0","0","",".SPXAV10P","M","11-Aug-2026","STP","","10","Qty 899","","C-MWIRE","1","0","0","","","0","0","",
"CONFIRMED","N/A","Executed","","N","N","1683","42130689_1","M.BANK","S42130689_1","","Sell","42130689","11-Aug-2026 02:16:35 AM","3892061000","USD","11-Aug-2026 02:17:52 AM","15-Sep-2026","0","USD","EQO","EQO","11-Aug-2026","TAUTO42130689_1","","New","","","","0","0","",".SPXAV10P","M","11-Aug-2026","STP","","10","Qty 194603050","","C-MWIRE","1","0","0","","","0","0","",
"CONFIRMED","N/A","Executed","","N","N","1683","42130687_1","M.BANK","S42130687_1","","Sell","42130687","11-Aug-2026 02:14:58 AM","5000","USD","11-Aug-2026 02:16:13 AM","23-Dec-2027","817855980.5","USD","EQO","EQO","11-Aug-2026","TAUTO42130687_1","","New","","","","0","0","",".SPX","M","11-Aug-2026","STP","","12","Qty 0","","C-MWIRE","1","0","0","","","0","0","",
"CONFIRMED","N/A","Executed","","N","N","1683","42130681_2","M.BANK","S42130681_2","","Buy","42130681","11-Aug-2026 02:15:13 AM","2000","USD","11-Aug-2026 02:16:04 AM","11-Aug-2027","0","USD","EQDEC","EQDEC","11-Aug-2026","TAUTO42130681_2","","Amend","A","","","","","","DXCM.O","M","11-Aug-2026","STP","","","","","C-MWIRE","","","","","","","","",
"CONFIRMED","N/A","Executed","","N","N","1683","42130680_2","M.BANK","S42130680_1","","Rec Equity,Pay Interest","42130680","11-Aug-2026 02:12:24 AM","0","USD","11-Aug-2026 02:15:52 AM","15-Aug-2028","30942480","USD","EQS","EQS","11-Aug-2026","TAUTO42130686_1","","New","","","","0","7860","","QAN.AX","M","11-Aug-2026","STP","","","Qty 370","","C-MWIRE","","0","0","","","0","0","",
"CONFIRMED","N/A","Executed","","N","N","1683","42130682_1","M.BANK","S42130682_1","","Sell","42130682","11-Aug-2026 02:13:02 AM","14384","USD","11-Aug-2026 02:14:17 AM","10-Aug-2028","0","USD","EQO","EQO","11-Aug-2026","TAUTO42130682_1","","New","","","","","8000","","GOOG.OQ","M","11-Aug-2026","STP","","11","Qty 899","","C-MWIRE","","","","","","","","",
"CONFIRMED","N/A","Executed","","N","N","1683","42130681_1","M.BANK","S42130681_1","","Buy","42130681","11-Aug-2026 02:12:55 AM","2000","USD","11-Aug-2026 02:14:05 AM","11-Aug-2027","0","USD","EQDEC","EQDEC","11-Aug-2026","TAUTO42130681_1","","New","","","","","","","DXCM.O","M","11-Aug-2026","STP","","","","","C-MWIRE","","","","","","","","",
"CONFIRMED","N/A","Executed","","N","N","1683","42130680_1","M.BANK","S42130680_1","","Rec Equity,Pay Interest","42130680","11-Aug-2026 02:12:24 AM","0","USD","11-Aug-2026 02:13:45 AM","15-Aug-2028","30942480","USD","EQS","EQS","11-Aug-2026","TAUTO42130680_1","","New","","","","0","7860","","QAN.AX","M","11-Aug-2026","STP","","","Qty 4580","","C-MWIRE","","0","0","","","0","0","",
"CONFIRMED","N/A","Executed","11-Aug-2026 at 02:12:28 AM EDT - vikram.singh@ihsmarkit.com -  ' Trade manually affirmed '|11-Aug-2026 at 02:12:11 AM EDT - System -  ' Disputed Field(s): Number of Options (w/ tolerance btwn 0.0 and 0.001) (Dealer : 1809), [ Allocations-->|1683:MWMF_FUND1:Number of Shares/Options (Dealer : 1809) ]. Status updated to Disputed '|11-Aug-2026 at 02:12:11 AM EDT - MarkitWire -  ' 1683 :Deal is currently under review '|","N","N","1683","42130669_2","M.BANK","S42130669_2","","Sell","42130669","11-Aug-2026 02:05:52 AM","2604960","USD","11-Aug-2026 02:12:31 AM","15-Sep-2026","0","USD","EQO","EQO","11-Aug-2026","TAUTO42130669_2","","P.Term","","","","","","",".SPXAV10P","M","11-Aug-2026","STP","","10","Qty 1810","","C-MWIRE","1","","","","","","","",
"CONFIRMED","N/A","Executed","","N","N","1683","42130675_1","M.BANK","S42130675_1","","Buy","42130675","11-Aug-2026 02:09:29 AM","952939970","USD","11-Aug-2026 02:10:41 AM","11-Aug-2027","0","USD","EQACC","EQACC","11-Aug-2026","TAUTO42130675_1","","New","","","","","","","GOOG.O","M","11-Aug-2026","STP","","","","","C-MWIRE","","","","","","","","",
"CONFIRMED","N/A","Executed","","N","N","1683","42130671_2","M.BANK","S42130671_2","","Buy","42130671","11-Aug-2026 02:07:53 AM","","USD","11-Aug-2026 02:08:37 AM","","90000","USD","VOL","VOL","11-Aug-2026","TAUTO42130671_2","","Amend","A","","","","5000","",".SPX","M","11-Aug-2026","STP","","3.85","","C-MWIRE","","","","","","","","",
"CONFIRMED","N/A","Executed","","N","N","1683","42130672_1","M.BANK","S42130672_1","","Sell","42130672","11-Aug-2026 02:07:16 AM","1000","USD","11-Aug-2026 02:08:32 AM","15-Sep-2026","0","USD","EQO","EQO","11-Aug-2026","TAUTO42130672_1","","New","","","","0","0","",".SPXAV10P","M","11-Aug-2026","STP","","1","Qty 108296150","","C-MWIRE","","0","0","","","0","0","",
"CONFIRMED","N/A","Executed","","N","N","1683","42130671_1","M.BANK","S42130671_1","","Buy","42130671","11-Aug-2026 02:06:15 AM","","USD","11-Aug-2026 02:07:20 AM","","472707350","USD","VOL","VOL","11-Aug-2026","TAUTO42130671_1","","New","","","","","5000","",".SPX","M","11-Aug-2026","STP","","3.85","","C-MWIRE","","","","","","","","",
"CONFIRMED","N/A","Executed","","N","N","1683","42130669_1","M.BANK","S42130669_1","","Sell","42130669","11-Aug-2026 02:04:18 AM","9229830000","USD","11-Aug-2026 02:05:30 AM","15-Sep-2026","0","USD","EQO","EQO","11-Aug-2026","TAUTO42130669_1","","New","","","","0","0","",".SPXAV10P","M","11-Aug-2026","STP","","10","Qty 461491500","","C-MWIRE","1","0","0","","","0","0","",
"CONFIRMED","N/A","Executed","","N","N","1683","42130666_2","M.BANK","S42130666_2","","Sell","42130666","11-Aug-2026 02:04:28 AM","","USD","11-Aug-2026 02:05:14 AM","27-Jan-2027","16420120.81","USD","EQVS","EQVS","11-Aug-2026","TAUTO42130666_2","","Amend","A","","","","5000","",".SPXNTR","M","11-Aug-2026","STP","","97.0225","","C-MWIRE","","","","","","","","",
"DISPUTED","N/A","Doc(s) Req'd","11-Aug-2026 at 02:04:58 AM EDT - System -  ' Disputed Field(s): Number of Options (w/ tolerance btwn 0.0 and 0.001) (Dealer : 1809), [ Allocations-->|1683:MWMF_FUND1:Number of Shares/Options (Dealer : 1809) ]. Status updated to Disputed '|","N","N","1683","42130654_2","M.BANK","S42130654_2","","Sell","42130654","11-Aug-2026 01:57:06 AM","2604960","USD","11-Aug-2026 02:04:59 AM","10-Aug-2028","0","USD","EQO","EQO","11-Aug-2026","TAUTO42130654_2","","P.Term","","","","","8000","","GOOG.OQ","M","11-Aug-2026","","","11","Qty 1810","","","","","","","","","","",
"CONFIRMED","N/A","Executed","","N","N","1683","42130649_2","M.BANK","S42130649_2","","Sell","42130649","11-Aug-2026 01:56:11 AM","250","USD","11-Aug-2026 02:04:53 AM","23-Dec-2027","100.9","USD","EQO","EQO","11-Aug-2026","TAUTO42130649_2","","New","","","","","1000","",".SPX","M","11-Aug-2026","STP","","12.01","","C-MWIRE","1","","","","","","","",
"CONFIRMED","N/A","Executed","","N","N","1683","42130667_1","M.BANK","S42130667_1","","Sell","42130667","11-Aug-2026 02:03:20 AM","8191641200","USD","11-Aug-2026 02:04:28 AM","15-Sep-2026","0","USD","EQO","EQO","11-Aug-2026","TAUTO42130667_1","","New","","","","0","0","",".SPXAV10P","M","11-Aug-2026","STP","","10","Qty 409582060","","C-MWIRE","1","0","0","","","0","0","",
"CONFIRMED","N/A","Executed","","N","N","1683","42130666_1","M.BANK","S42130666_1","","Sell","42130666","11-Aug-2026 02:02:51 AM","0","USD","11-Aug-2026 02:03:56 AM","27-Jan-2027","27647553.85","USD","EQVS","EQVS","11-Aug-2026","TAUTO42130666_1","","New","","","","0","5000","",".SPXNTR","M","11-Aug-2026","STP","","34.2225","","C-MWIRE","","0","0","","","0","0","",
"CONFIRMED","N/A","Executed","","N","N","1683","42130662_2","M.BANK","S42130662_2","","Pay Fixed,Rec Dividend","42130662","11-Aug-2026 02:01:33 AM","","EUR","11-Aug-2026 02:02:20 AM","17-Dec-2027","0","EUR","DIV","DIV","11-Aug-2026","TAUTO42130662_2","","Amend","A","","","","3000","",".SX7E","M","11-Aug-2026","STP","","23","Qty 546188880","","C-MWIRE","","","","","","","","",
"CONFIRMED","N/A","Executed","","N","N","1683","42130660_1","M.BANK","S42130660_1","","Sell","42130660","11-Aug-2026 01:59:27 AM","19526960800","USD","11-Aug-2026 02:01:39 AM","15-Sep-2026","0","USD","EQO","EQO","11-Aug-2026","TAUTO42130660_1","","New","","","","0","0","",".SPXAV10P","M","11-Aug-2026","STP","","10","Qty 976348040","","C-MWIRE","1","0","0","","","0","0","",
"CONFIRMED","N/A","Executed","11-Aug-2026 at 01:59:05 AM EDT - MarkitWire -  ' Allocations have been uploaded. Please affirm '|","N","N","Block","42130657_1","M.BANK","S42130657_1","","Pay Fixed,Rec Dividend","42130657","11-Aug-2026 02:00:34 AM","0","EUR","11-Aug-2026 02:01:14 AM","17-Dec-2027","0","EUR","DIV","DIV","11-Aug-2026","TAUTO42130657_1","","New","","","","0","5000","",".SX7E","M","11-Aug-2026","STP","","23","Qty 910314800","","C-MWIRE","","0","0","","","0","0","",
"CONFIRMED","N/A","Executed","","N","N","1683","42130656_1","M.BANK","S42130656_1","","Sell","42130656","11-Aug-2026 01:57:44 AM","5000","USD","11-Aug-2026 01:58:47 AM","23-Dec-2027","596598450.5","USD","EQO","EQO","11-Aug-2026","TAUTO42130656_1","","New","","","","0","0","",".SPX","M","11-Aug-2026","STP","","12","Qty 0","","C-MWIRE","1","0","0","","","0","0","",
"CONFIRMED","N/A","Executed","","N","N","1683","42130654_1","M.BANK","S42130654_1","","Sell","42130654","11-Aug-2026 01:55:26 AM","1064688","USD","11-Aug-2026 01:56:47 AM","10-Aug-2028","0","USD","EQO","EQO","11-Aug-2026","TAUTO42130654_1","","New","","","","","8000","","GOOG.OQ","M","11-Aug-2026","STP","","11","Qty 66543","","C-MWIRE","","","","","","","","",
"CONFIRMED","N/A","Executed","","N","N","1683","42130653_1","M.BANK","S42130653_1","","Sell","42130653","11-Aug-2026 01:55:11 AM","1000","USD","11-Aug-2026 01:56:27 AM","15-Sep-2026","0","USD","EQO","EQO","11-Aug-2026","TAUTO42130653_1","","New","","","","0","0","",".SPXAV10P","M","11-Aug-2026","STP","","1","Qty 860823050","","C-MWIRE","","0","0","","","0","0","",
"CONFIRMED","N/A","Executed","","N","N","1683","42130650_1","M.BANK","S42130650_1","","Rec Equity,Pay Interest","42130650","11-Aug-2026 01:54:46 AM","0","USD","11-Aug-2026 01:56:09 AM","15-Aug-2028","77004482400","USD","EQS","EQS","11-Aug-2026","TAUTO42130650_1","","New","","","","0","7860","","QAN.AX","M","11-Aug-2026","STP","","","Qty 720","","C-MWIRE","","0","0","","","0","0","",
"CONFIRMED","N/A","Executed","","N","N","1683","42130649_1","M.BANK","S42130649_1","","Sell","42130649","11-Aug-2026 01:54:30 AM","5000","USD","11-Aug-2026 01:55:41 AM","23-Dec-2027","129246540.5","USD","EQO","EQO","11-Aug-2026","TAUTO42130649_1","","New","","","","0","1000","",".SPX","M","11-Aug-2026","STP","","12","Qty 0","","C-MWIRE","1","0","0","","","0","0","",
"CONFIRMED","N/A","Executed","","N","N","1683","42130646_2","M.BANK","S42130646_2","","Sell","42130646","11-Aug-2026 01:54:08 AM","1000","USD","11-Aug-2026 01:54:58 AM","15-Sep-2026","0","USD","EQO","EQO","11-Aug-2026","TAUTO42130646_2","","P.Term","","","","","","",".SPXAV10P","M","11-Aug-2026","STP","","1.005","Qty 1000","","C-MWIRE","","","","","","","","",
"CONFIRMED","N/A","Executed","","N","N","1683","42130647_1","M.BANK","S42130647_1","","Sell","42130647","11-Aug-2026 01:53:25 AM","19959172000","USD","11-Aug-2026 01:54:35 AM","15-Sep-2026","0","USD","EQO","EQO","11-Aug-2026","TAUTO42130647_1","","New","","","","0","0","",".SPXAV10P","M","11-Aug-2026","STP","","10","Qty 997958600","","C-MWIRE","1","0","0","","","0","0","",
"CONFIRMED","N/A","Executed","","N","N","1683","42130640_2","M.BANK","S42130640_2","","Sell","42130640","11-Aug-2026 01:53:09 AM","1000","USD","11-Aug-2026 01:54:01 AM","15-Sep-2026","0","USD","EQO","EQO","11-Aug-2026","TAUTO42130640_2","","Amend","A","","","","1000","",".SPXAV10P","M","11-Aug-2026","STP","","2","Qty 659565070","","C-MWIRE","","","","","","","","",
"CONFIRMED","N/A","Executed","","N","N","1683","42130646_1","M.BANK","S42130646_1","","Sell","42130646","11-Aug-2026 01:52:35 AM","1000","USD","11-Aug-2026 01:53:50 AM","15-Sep-2026","0","USD","EQO","EQO","11-Aug-2026","TAUTO42130646_1","","New","","","","0","0","",".SPXAV10P","M","11-Aug-2026","STP","","1","Qty 573621820","","C-MWIRE","","0","0","","","0","0","",
"CONFIRMED","N/A","Executed","11-Aug-2026 at 01:52:25 AM EDT - vikram.singh@ihsmarkit.com -  ' Trade manually affirmed '|11-Aug-2026 at 01:52:09 AM EDT - System -  ' Disputed Field(s): Notional (Dealer : USD 0). Status updated to Disputed '|11-Aug-2026 at 01:52:09 AM EDT - MarkitWire -  ' 1683 :Deal is currently under review '|","N","N","1683","42130641_1","M.BANK","S42130641_1","","Sell","42130641","11-Aug-2026 01:50:55 AM","9409846600","USD","11-Aug-2026 01:52:37 AM","15-Sep-2026","10000000","USD","EQO","EQO","11-Aug-2026","TAUTO42130641_1","","New","","","","0","0","",".SPXAV10P","M","11-Aug-2026","STP","","10","Qty 470492330","","C-MWIRE","1","0","0","","","0","0","",
"CONFIRMED","N/A","Executed","","N","N","1683","42130645_1","M.BANK","S42130645_1","","Sell","42130645","11-Aug-2026 01:51:10 AM","3951027800","USD","11-Aug-2026 01:52:30 AM","15-Sep-2026","0","USD","EQO","EQO","11-Aug-2026","TAUTO42130645_1","","New","","","","0","0","",".SPXAV10P","M","11-Aug-2026","STP","","10","Qty 197551390","","C-MWIRE","1","0","0","","","0","0","",
"CONFIRMED","N/A","Executed","","N","N","1683","42130637_2","M.BANK","S42130639_1","","Rec Equity,Pay Interest","42130637","11-Aug-2026 01:48:06 AM","0","USD","11-Aug-2026 01:51:58 AM","15-Aug-2028","12971520","USD","EQS","EQS","11-Aug-2026","TAUTO42130639_1","","P.Term","","","","0","0","","QAN.AX","M","11-Aug-2026","STP","","","Qty 230","","C-MWIRE","","0","0","","","0","0","",
"CONFIRMED","N/A","Executed","","N","N","1683","42130640_1","M.BANK","S42130640_1","","Sell","42130640","11-Aug-2026 01:50:27 AM","1000","USD","11-Aug-2026 01:51:46 AM","15-Sep-2026","0","USD","EQO","EQO","11-Aug-2026","TAUTO42130640_1","","New","","","","0","1000","",".SPXAV10P","M","11-Aug-2026","STP","","1","Qty 659565070","","C-MWIRE","","0","0","","","0","0","",
"CONFIRMED","N/A","Executed","11-Aug-2026 at 01:50:31 AM EDT - vikram.singh@ihsmarkit.com -  ' Trade manually affirmed '|11-Aug-2026 at 01:50:15 AM EDT - MarkitWire -  ' 1683 :Deal is currently under review '|11-Aug-2026 at 01:50:14 AM EDT - System -  ' Disputed Field(s): Strike Price/Initial Strike (w/ tolerance btwn 0.1 and 0.01) (Dealer : 10). Status updated to Disputed '|","N","N","1683","42130636_2","M.BANK","S42130636_2","","Sell","42130636","11-Aug-2026 01:49:26 AM","25000","USD","11-Aug-2026 01:50:34 AM","15-Sep-2026","0","USD","EQO","EQO","11-Aug-2026","TAUTO42130636_2","","New","","","","","","",".SPXAV10P","M","11-Aug-2026","STP","","13","Qty 100","","C-MWIRE","1","","","","","","","",
"CONFIRMED","N/A","Executed","","N","N","1683","42130635_2","M.BANK","S42130635_2","","Sell","42130635","11-Aug-2026 01:49:10 AM","1000","USD","11-Aug-2026 01:49:57 AM","15-Sep-2026","668874740","USD","EQO","EQO","11-Aug-2026","TAUTO42130635_2","","Amend","A","","","","1000","",".SPXAV10P","M","11-Aug-2026","STP","","2","Qty 958116260","","C-MWIRE","","","","","","","","",
"CONFIRMED","N/A","Executed","","N","N","1683","42130626_2","M.BANK","S42130626_2","","Sell","42130626","11-Aug-2026 01:40:14 AM","7750.13","USD","11-Aug-2026 01:49:48 AM","10-Aug-2028","0","USD","EQO","EQO","11-Aug-2026","TAUTO42130626_2","","New","","","","","8000","","GOOG.OQ","M","11-Aug-2026","STP","","11","Qty 31","","C-MWIRE","","","","","","","","",
"CONFIRMED","N/A","Executed","","N","N","1683","42130637_1","M.BANK","S42130637_1","","Rec Equity,Pay Interest","42130637","11-Aug-2026 01:48:06 AM","0","USD","11-Aug-2026 01:49:30 AM","15-Aug-2028","12971520","USD","EQS","EQS","11-Aug-2026","TAUTO42130637_1","","New","","","","0","7860","","QAN.AX","M","11-Aug-2026","STP","","","Qty 1920","","C-MWIRE","","0","0","","","0","0","",
"CONFIRMED","N/A","Executed","","N","N","1683","42130636_1","M.BANK","S42130636_1","","Sell","42130636","11-Aug-2026 01:47:55 AM","5178998400","USD","11-Aug-2026 01:49:03 AM","15-Sep-2026","0","USD","EQO","EQO","11-Aug-2026","TAUTO42130636_1","","New","","","","0","0","",".SPXAV10P","M","11-Aug-2026","STP","","10","Qty 258949920","","C-MWIRE","1","0","0","","","0","0","",
"CONFIRMED","N/A","Executed","","N","N","1683","42130635_1","M.BANK","S42130635_1","","Sell","42130635","11-Aug-2026 01:47:33 AM","1000","USD","11-Aug-2026 01:48:43 AM","15-Sep-2026","668874740.5","USD","EQO","EQO","11-Aug-2026","TAUTO42130635_1","","New","","","","0","1000","",".SPXAV10P","M","11-Aug-2026","STP","","1","Qty 958116260","","C-MWIRE","","0","0","","","0","0","",
"CONFIRMED","N/A","Executed","11-Aug-2026 at 01:47:59 AM EDT - vikram.singh@ihsmarkit.com -  ' Trade manually affirmed '|11-Aug-2026 at 01:47:39 AM EDT - MarkitWire -  ' 1683 :Deal is currently under review '|11-Aug-2026 at 01:47:38 AM EDT - System -  ' Disputed Field(s): Notional (Dealer : USD 0). Status updated to Disputed '|","N","N","1683","42130634_1","M.BANK","S42130634_1","","Sell","42130634","11-Aug-2026 01:46:29 AM","587486","USD","11-Aug-2026 01:48:02 AM","10-Aug-2028","10000000","USD","EQO","EQO","11-Aug-2026","TAUTO42130634_1","","New","","","","","8000","","GOOG.OQ","M","11-Aug-2026","STP","","11","Qty 34558","","C-MWIRE","","","","","","","","",
"CONFIRMED","N/A","Executed","11-Aug-2026 at 01:47:35 AM EDT - SWMatcher -  ' Matched Fields are Trade Signature, Cpty Trade Id & Account Id. Status updated to Confirmed '|","N","N","1683","42130633_1","M.BANK","42130633","","Pay Fixed,Rec Dividend","42130633","11-Aug-2026 01:44:58 AM","0","USD","11-Aug-2026 01:47:36 AM","17-Dec-2027","0","USD","DIV","DIV","11-Aug-2026","TAUTO42130633_1","","New","","","","0","5000","","GOOG.OQ","M","11-Aug-2026","STP","","100.12346","Qty 1000","","C-MWIRE","","0","0","","","0","0","",
"CONFIRMED","N/A","Executed","","N","N","1683","42130627_2","M.BANK","S42130627_2","","Sell","42130627","11-Aug-2026 01:40:39 AM","12040.02","USD","11-Aug-2026 01:46:29 AM","15-Sep-2026","0","USD","EQO","EQO","11-Aug-2026","TAUTO42130627_2","","Amend","A","","","","","",".SPXAV10P","M","11-Aug-2026","STP","","10","Qty 602","","C-MWIRE","1","","","","","","","",
"CONFIRMED","N/A","Executed","","N","N","1683","42113808_2","M.BANK","S42130631_2","","Sell","42113808","16-Jul-2026 08:38:19 AM","5000","USD","11-Aug-2026 01:46:04 AM","23-Dec-2027","7826673.7","USD","EQO","EQO","11-Aug-2026","TAUTO42130631_2","","Cancel","","","","","","",".SPX","M","11-Aug-2026","STP","","12","","C-MWIRE","1","","","","","","","",
"CPTY ALLEGED","N/A","Doc(s) Req'd","","N","N","MWMF_FUND1","42130631_2","M.BANK","","Cliquet Master EQ IN OP","Buy","42130631","11-Aug-2026 01:44:14 AM","5000","USD","11-Aug-2026 01:44:18 AM","23-Dec-2027","782667370","USD","EQO","EQO","11-Aug-2026","A42130631_1_2_08112026_C","","Cancel","","","","0","0","",".SPX","","11-Aug-2026","STP","two-way","12","Qty 0","","","1","0","0","","","0","0","",
"CONFIRMED","N/A","Executed","11-Aug-2026 at 01:44:10 AM EDT - SWMatcher -  ' Matched Fields are Trade Signature, Cpty Trade Id & Account Id. Status updated to Confirmed '|","N","N","1683","42130630_1","M.BANK","42130630","","Buy","42130630","11-Aug-2026 01:41:16 AM","115633520","USD","11-Aug-2026 01:44:10 AM","11-Aug-2027","0","USD","EQACC","EQACC","11-Aug-2026","TAUTO42130630_1","","New","","","","","","","GOOG.O","M","11-Aug-2026","STP","","","","","C-MWIRE","","","","","","","","",
"CONFIRMED","N/A","Executed","","N","N","1683","42130631_1","M.BANK","S42130631_1","","Sell","42130631","11-Aug-2026 01:42:41 AM","5000","USD","11-Aug-2026 01:43:52 AM","23-Dec-2027","782667370.5","USD","EQO","EQO","11-Aug-2026","TAUTO42130631_1","","New","","","","0","0","",".SPX","M","11-Aug-2026","STP","","12","Qty 0","","C-MWIRE","1","0","0","","","0","0","",
"CONFIRMED","N/A","Executed","","N","N","1683","42130629_2","M.BANK","S42130629_2","","Pay Fixed,Rec Dividend","42130629","11-Aug-2026 01:41:23 AM","","USD","11-Aug-2026 01:42:00 AM","17-Dec-2027","0","USD","DIV","DIV","11-Aug-2026","TAUTO42130629_2","","Cancel","","","","","5000","","GOOG.OQ","M","11-Aug-2026","STP","","100.1235","Qty 1000","","C-MWIRE","","","","","","","","",
"CONFIRMED","N/A","Executed","","N","N","1683","42130629_1","M.BANK","S42130629_1","","Pay Fixed,Rec Dividend","42130629","11-Aug-2026 01:39:53 AM","0","USD","11-Aug-2026 01:41:01 AM","17-Dec-2027","0","USD","DIV","DIV","11-Aug-2026","TAUTO42130629_1","","New","","","","0","5000","","GOOG.OQ","M","11-Aug-2026","STP","","100.12346","Qty 1000","","C-MWIRE","","0","0","","","0","0","",
"CONFIRMED","N/A","Executed","11-Aug-2026 at 01:40:46 AM EDT - SWMatcher -  ' Matched Fields are Trade Signature, Cpty Trade Id & Account Id. Status updated to Confirmed '|","N","N","1683","42130623_2","M.BANK","42130625","","Pay Equity,Rec Interest","42130623","11-Aug-2026 01:34:17 AM","","USD","11-Aug-2026 01:40:46 AM","12-Aug-2027","14694400","USD","EQS","EQS","11-Aug-2026","TAUTO42130625_1","","P.Term","","","","","","",".SPX","M","11-Aug-2026","STP","","","Qty 11","","C-MWIRE","","","","","","","","",
"CONFIRMED","N/A","Executed","","N","N","1683","42130627_1","M.BANK","S42130627_1","","Sell","42130627","11-Aug-2026 01:38:57 AM","9566342600","USD","11-Aug-2026 01:40:11 AM","15-Sep-2026","0","USD","EQO","EQO","11-Aug-2026","TAUTO42130627_1","","New","","","","0","0","",".SPXAV10P","M","11-Aug-2026","STP","","10","Qty 478317130","","C-MWIRE","1","0","0","","","0","0","",
"CONFIRMED","N/A","Executed","","N","N","1683","42130626_1","M.BANK","S42130626_1","","Sell","42130626","11-Aug-2026 01:38:32 AM","587486","USD","11-Aug-2026 01:39:50 AM","10-Aug-2028","0","USD","EQO","EQO","11-Aug-2026","TAUTO42130626_1","","New","","","","","8000","","GOOG.OQ","M","11-Aug-2026","STP","","11","Qty 34558","","C-MWIRE","","","","","","","","",
"CONFIRMED","N/A","Executed","","N","N","1683","42130618_2","M.BANK","S42130618_2","","Sell","42130618","11-Aug-2026 01:31:49 AM","1000","USD","11-Aug-2026 01:39:21 AM","15-Sep-2026","0","USD","EQO","EQO","11-Aug-2026","TAUTO42130618_2","","Amend","A","","","","1000","",".SPXAV10P","M","11-Aug-2026","STP","","1","Qty 602","","C-MWIRE","","","","","","","","",
"CONFIRMED","N/A","Executed","","N","N","1683","42130624_1","M.BANK","S42130624_1","","Sell","42130624","11-Aug-2026 01:36:40 AM","0","USD","11-Aug-2026 01:37:41 AM","25-Sep-2030","125145058.33","USD","EQVS","EQVS","11-Aug-2026","TAUTO42130624_1","","New","","","","0","2000","","AIR.N","M","11-Aug-2026","STP","","9","","C-MWIRE","","0","0","","","0","0","",
"CONFIRMED","N/A","Executed","11-Aug-2026 at 01:37:15 AM EDT - SWMatcher -  ' Matched Fields are Trade Signature, Cpty Trade Id & Account Id. Status updated to Confirmed '|","N","N","1683","42130623_1","M.BANK","42130623","","Pay Equity,Rec Interest","42130623","11-Aug-2026 01:34:17 AM","0","USD","11-Aug-2026 01:37:16 AM","12-Aug-2027","14694400","USD","EQS","EQS","11-Aug-2026","TAUTO42130623_1","","New","","","","0","0","",".SPX","M","11-Aug-2026","STP","","","Qty 410","","C-MWIRE","","0","0","","","0","0","",
"CONFIRMED","N/A","Executed","","N","N","1683","42130622_2","M.BANK","S42130622_2","","Buy","42130622","11-Aug-2026 01:35:20 AM","693811850","USD","11-Aug-2026 01:35:57 AM","11-Aug-2027","0","USD","EQACC","EQACC","11-Aug-2026","TAUTO42130622_2","","Cancel","","","","","","","GOOG.O","M","11-Aug-2026","STP","","","","","C-MWIRE","","","","","","","","",
"CONFIRMED","N/A","Executed","","N","N","1683","42130622_1","M.BANK","S42130622_1","","Buy","42130622","11-Aug-2026 01:33:46 AM","693811850","USD","11-Aug-2026 01:34:57 AM","11-Aug-2027","0","USD","EQACC","EQACC","11-Aug-2026","TAUTO42130622_1","","New","","","","","","","GOOG.O","M","11-Aug-2026","STP","","","","","C-MWIRE","","","","","","","","",
"CONFIRMED","N/A","Executed","11-Aug-2026 at 01:33:53 AM EDT - SWMatcher -  ' Matched Fields are Trade Signature, Cpty Trade Id & Account Id. Status updated to Confirmed '|","N","N","1683","42130614_2","M.BANK","42130619","","Pay Equity,Rec Interest","42130614","11-Aug-2026 01:26:48 AM","","AUD","11-Aug-2026 01:33:53 AM","15-Aug-2028","1416032400120","AUD","EQS","EQS","11-Aug-2026","TAUTO42130619_1","","Cancel","","","","","7860","","QAN.AX","M","11-Aug-2026","STP","","","Qty 209596270","","C-MWIRE","","","","","","","","",
"CONFIRMED","N/A","Executed","","N","N","1683","42130620_2","M.BANK","S42130620_2","","Buy","42130620","11-Aug-2026 01:32:15 AM","","USD","11-Aug-2026 01:32:53 AM","","35000","USD","VOL","VOL","11-Aug-2026","TAUTO42130620_2","","Cancel","","","","","6000","","GOOGLUSD.S","M","11-Aug-2026","STP","","13","","C-MWIRE","","","","","","","","",
"CONFIRMED","N/A","Executed","","N","N","1683","42130620_1","M.BANK","S42130620_1","","Buy","42130620","11-Aug-2026 01:30:31 AM","","USD","11-Aug-2026 01:31:50 AM","","35000","USD","VOL","VOL","11-Aug-2026","TAUTO42130620_1","","New","","","","","6000","","GOOGLUSD.S","M","11-Aug-2026","STP","","13","","C-MWIRE","","","","","","","","",
"CPTY ALLEGED","N/A","Doc(s) Req'd","","N","N","MWMF_FUND1","42130616_2","M.BANK","","Americas Master EQ IN OP","Buy","42130616","11-Aug-2026 01:31:26 AM","12019482750","USD","11-Aug-2026 01:31:33 AM","15-Sep-2027","0","USD","EQO","EQO","11-Aug-2026","A42130616_1_2_08112026_E","","F.Exer","","","","0","0","",".SPXAV10P","","11-Aug-2026","STP","two-way","15","Qty 480779310","","","1","0","0","","","0","0","",
"CONFIRMED","N/A","Executed","","N","N","1683","42130618_1","M.BANK","S42130618_1","","Sell","42130618","11-Aug-2026 01:29:59 AM","1000","USD","11-Aug-2026 01:31:11 AM","15-Sep-2026","0","USD","EQO","EQO","11-Aug-2026","TAUTO42130618_1","","New","","","","0","1000","",".SPXAV10P","M","11-Aug-2026","STP","","1","Qty 378328340","","C-MWIRE","","0","0","","","0","0","",
"CONFIRMED","N/A","Executed","","N","N","1683","42130616_1","M.BANK","S42130616_1","","Sell","42130616","11-Aug-2026 01:29:51 AM","12019482750","USD","11-Aug-2026 01:31:04 AM","15-Sep-2027","0","USD","EQO","EQO","11-Aug-2026","TAUTO42130616_1","","New","","","","0","0","",".SPXAV10P","M","11-Aug-2026","STP","","15","Qty 480779310","","C-MWIRE","1","0","0","","","0","0","",
"CONFIRMED","N/A","Executed","11-Aug-2026 at 01:30:28 AM EDT - SWMatcher -  ' Matched Fields are Trade Signature, Cpty Trade Id & Account Id. Status updated to Confirmed '|","N","N","1683","42130614_1","M.BANK","42130614","","Rec Equity,Pay Interest","42130614","11-Aug-2026 01:26:48 AM","0","USD","11-Aug-2026 01:30:29 AM","15-Aug-2028","1416032400120","USD","EQS","EQS","11-Aug-2026","TAUTO42130614_1","","New","","","","0","7860","","QAN.AX","M","11-Aug-2026","STP","","","Qty 209596270","","C-MWIRE","","0","0","","","0","0","",
"CONFIRMED","N/A","Executed","","N","N","1683","42130613_2","M.BANK","S42130613_2","","Sell","42130613","11-Aug-2026 01:28:44 AM","5412717000","USD","11-Aug-2026 01:29:27 AM","15-Sep-2026","0","USD","EQO","EQO","11-Aug-2026","TAUTO42130613_2","","Amend","A","","","","","",".SPXAV10P","M","11-Aug-2026","STP","","12.005","Qty 270635850","","C-MWIRE","1","","","","","","","",
"CONFIRMED","N/A","Executed","","N","N","1683","42130611_2","M.BANK","S42130611_2","","Sell","42130611","11-Aug-2026 01:28:34 AM","54210","USD","11-Aug-2026 01:29:17 AM","10-Aug-2028","0","USD","EQO","EQO","11-Aug-2026","TAUTO42130611_2","","Exer","","","","0","5000","","","M","11-Aug-2026","STP","","11","Qty 4170","","C-MWIRE","","0","0","","","0","0","",
"CONFIRMED","N/A","Executed","","N","N","1683","42130615_1","M.BANK","S42130615_1","","Rec Equity,Pay Interest","42130615","11-Aug-2026 01:26:51 AM","0","USD","11-Aug-2026 01:28:20 AM","15-Aug-2028","2327612724120","USD","EQS","EQS","11-Aug-2026","TAUTO42130615_1","","New","","","","0","7860","","QAN.AX","M","11-Aug-2026","STP","","","Qty 344525270","","C-MWIRE","","0","0","","","0","0","",
"CONFIRMED","N/A","Executed","","N","N","1683","42130613_1","M.BANK","S42130613_1","","Sell","42130613","11-Aug-2026 01:26:49 AM","5412717000","USD","11-Aug-2026 01:28:10 AM","15-Sep-2026","0","USD","EQO","EQO","11-Aug-2026","TAUTO42130613_1","","New","","","","0","0","",".SPXAV10P","M","11-Aug-2026","STP","","10","Qty 270635850","","C-MWIRE","1","0","0","","","0","0","",
"CONFIRMED","N/A","Executed","","N","N","1683","42130611_1","M.BANK","S42130611_1","","Sell","42130611","11-Aug-2026 01:26:41 AM","54210","USD","11-Aug-2026 01:28:05 AM","10-Aug-2028","0","USD","EQO","EQO","11-Aug-2026","TAUTO42130611_1","","New","","","","","5000","","GOOG.OQ","M","11-Aug-2026","STP","","11","Qty 4170","","C-MWIRE","","","","","","","","",
"CPTY ALLEGED","N/A","Doc(s) Req'd","","N","N","MWMF_FUND1","42130610_1","M.BANK","","Global Master EQ SH SW","Pay Equity,Rec Interest","42130610","11-Aug-2026 01:23:52 AM","0","USD","11-Aug-2026 01:25:53 AM","15-Aug-2028","20132880","USD","EQS","EQS","11-Aug-2026","A42130609_1_2_08112026_U","","P.Term","","","","0","0","","QAN.AX","","11-Aug-2026","STP","two-way","","Qty 990","","","","0","0","","","0","0","",
"CONFIRMED","N/A","Executed","","N","N","1683","42112765_2","M.BANK","S42130603_2","","Sell","42112765","15-Jul-2026 01:10:42 PM","5000","USD","11-Aug-2026 01:25:21 AM","23-Dec-2027","3409080.2","USD","EQO","EQO","11-Aug-2026","TAUTO42130603_2","","Cancel","","","","","","",".SPX","M","11-Aug-2026","STP","","12","","C-MWIRE","1","","","","","","","",
"CONFIRMED","N/A","Executed","","N","N","1683","42130609_1","M.BANK","S42130609_1","","Rec Equity,Pay Interest","42130609","11-Aug-2026 01:23:52 AM","0","USD","11-Aug-2026 01:25:18 AM","15-Aug-2028","20132880","USD","EQS","EQS","11-Aug-2026","TAUTO42130609_1","","New","","","","0","7860","","QAN.AX","M","11-Aug-2026","STP","","","Qty 2980","","C-MWIRE","","0","0","","","0","0","",
"CONFIRMED","N/A","Executed","","N","N","1683","42130607_2","M.BANK","S42130607_2","","Sell","42130607","11-Aug-2026 01:24:16 AM","1000","USD","11-Aug-2026 01:25:00 AM","15-Sep-2026","0","USD","EQO","EQO","11-Aug-2026","TAUTO42130607_2","","Amend","A","","","","1000","",".SPXAV10P","M","11-Aug-2026","STP","","2","Qty 660352180","","C-MWIRE","","","","","","","","",
"CONFIRMED","N/A","Executed","","N","N","1683","42130607_1","M.BANK","S42130607_1","","Sell","42130607","11-Aug-2026 01:22:37 AM","1000","USD","11-Aug-2026 01:23:50 AM","15-Sep-2026","0","USD","EQO","EQO","11-Aug-2026","TAUTO42130607_1","","New","","","","0","1000","",".SPXAV10P","M","11-Aug-2026","STP","","1","Qty 660352180","","C-MWIRE","","0","0","","","0","0","",
"CONFIRMED","N/A","Executed","","N","N","1683","42130606_1","M.BANK","S42130606_1","","Sell","42130606","11-Aug-2026 01:22:29 AM","6147546600","USD","11-Aug-2026 01:23:41 AM","15-Sep-2026","0","USD","EQO","EQO","11-Aug-2026","TAUTO42130606_1","","New","","","","0","0","",".SPXAV10P","M","11-Aug-2026","STP","","10","Qty 307377330","","C-MWIRE","1","0","0","","","0","0","",
"CONFIRMED","N/A","Executed","11-Aug-2026 at 01:23:31 AM EDT - SWMatcher -  ' Matched Fields are Trade Signature, Cpty Trade Id & Account Id. Status updated to Confirmed '|","N","N","1683","42130605_1","M.BANK","42130605","","Pay Fixed,Rec Dividend","42130605","11-Aug-2026 01:20:46 AM","0","USD","11-Aug-2026 01:23:31 AM","17-Dec-2027","0","USD","DIV","DIV","11-Aug-2026","TAUTO42130605_1","","New","","","","0","5000","","GOOG.OQ","M","11-Aug-2026","STP","","100.12346","Qty 1000","","C-MWIRE","","0","0","","","0","0","",
"CONFIRMED","N/A","Executed","","N","N","1683","42130604_2","M.BANK","S42130604_2","","Sell","42130604","11-Aug-2026 01:21:21 AM","1000","USD","11-Aug-2026 01:22:06 AM","15-Sep-2026","627488220","USD","EQO","EQO","11-Aug-2026","TAUTO42130604_2","","Amend","A","","","","1000","",".SPXAV10P","M","11-Aug-2026","STP","","2","Qty 807094230","","C-MWIRE","","","","","","","","",
"CONFIRMED","N/A","Executed","","N","N","1683","42130598_2","M.BANK","S42130598_2","","Sell","42130598","11-Aug-2026 01:14:58 AM","7750.13","USD","11-Aug-2026 01:21:49 AM","10-Aug-2028","0","USD","EQO","EQO","11-Aug-2026","TAUTO42130598_2","","New","","","","","8000","","GOOG.OQ","M","11-Aug-2026","STP","","11","Qty 31","","C-MWIRE","","","","","","","","",
"CONFIRMED","N/A","Executed","","N","N","1683","42130604_1","M.BANK","S42130604_1","","Sell","42130604","11-Aug-2026 01:19:41 AM","1000","USD","11-Aug-2026 01:20:49 AM","15-Sep-2026","627488220.5","USD","EQO","EQO","11-Aug-2026","TAUTO42130604_1","","New","","","","0","1000","",".SPXAV10P","M","11-Aug-2026","STP","","1","Qty 807094230","","C-MWIRE","","0","0","","","0","0","",
"CONFIRMED","N/A","Executed","11-Aug-2026 at 01:20:06 AM EDT - SWMatcher -  ' Matched Fields are Trade Signature, Cpty Trade Id & Account Id. Status updated to Confirmed '|","N","N","1683","42130602_1","M.BANK","42130602","","Buy","42130602","11-Aug-2026 01:17:11 AM","136347420","USD","11-Aug-2026 01:20:06 AM","11-Aug-2027","0","USD","EQACC","EQACC","11-Aug-2026","TAUTO42130602_1","","New","","","","","","","GOOG.O","M","11-Aug-2026","STP","","","","","C-MWIRE","","","","","","","","",
"CPTY ALLEGED","N/A","Doc(s) Req'd","","N","N","MWMF_FUND1","42130603_2","M.BANK","","Cliquet Master EQ IN OP","Buy","42130603","11-Aug-2026 01:18:51 AM","5000","USD","11-Aug-2026 01:18:55 AM","23-Dec-2027","340908020","USD","EQO","EQO","11-Aug-2026","A42130603_1_2_08112026_C","","Cancel","","","","0","0","",".SPX","","11-Aug-2026","STP","two-way","12","Qty 0","","","1","0","0","","","0","0","",
"CONFIRMED","N/A","Executed","","N","N","1683","42130596_2","M.BANK","S42130596_2","","Sell","42130596","11-Aug-2026 01:13:37 AM","12040.02","USD","11-Aug-2026 01:18:42 AM","15-Sep-2026","0","USD","EQO","EQO","11-Aug-2026","TAUTO42130596_2","","Amend","A","","","","","",".SPXAV10P","M","11-Aug-2026","STP","","10","Qty 602","","C-MWIRE","1","","","","","","","",
"CONFIRMED","N/A","Executed","","N","N","1683","42130603_1","M.BANK","S42130603_1","","Sell","42130603","11-Aug-2026 01:17:25 AM","5000","USD","11-Aug-2026 01:18:29 AM","23-Dec-2027","340908020.5","USD","EQO","EQO","11-Aug-2026","TAUTO42130603_1","","New","","","","0","0","",".SPX","M","11-Aug-2026","STP","","12","Qty 0","","C-MWIRE","1","0","0","","","0","0","",
"CONFIRMED","N/A","Executed","11-Aug-2026 at 01:16:41 AM EDT - SWMatcher -  ' Matched Fields are Trade Signature, Cpty Trade Id & Account Id. Status updated to Confirmed '|","N","N","1683","42130594_2","M.BANK","42130599","","Pay Equity,Rec Interest","42130594","11-Aug-2026 01:10:05 AM","","USD","11-Aug-2026 01:16:41 AM","12-Aug-2027","33559200","USD","EQS","EQS","11-Aug-2026","TAUTO42130599_1","","P.Term","","","","","","",".SPX","M","11-Aug-2026","STP","","","Qty 11","","C-MWIRE","","","","","","","","",
"CONFIRMED","N/A","Executed","","N","N","1683","42130600_2","M.BANK","S42130600_2","","Pay Fixed,Rec Dividend","42130600","11-Aug-2026 01:15:45 AM","","USD","11-Aug-2026 01:16:29 AM","17-Dec-2027","0","USD","DIV","DIV","11-Aug-2026","TAUTO42130600_2","","Cancel","","","","","5000","","GOOG.OQ","M","11-Aug-2026","STP","","100.1235","Qty 1000","","C-MWIRE","","","","","","","","",
"CONFIRMED","N/A","Executed","","N","N","1683","42130600_1","M.BANK","S42130600_1","","Pay Fixed,Rec Dividend","42130600","11-Aug-2026 01:13:53 AM","0","USD","11-Aug-2026 01:14:57 AM","17-Dec-2027","0","USD","DIV","DIV","11-Aug-2026","TAUTO42130600_1","","New","","","","0","5000","","GOOG.OQ","M","11-Aug-2026","STP","","100.12346","Qty 1000","","C-MWIRE","","0","0","","","0","0","",
"CONFIRMED","N/A","Executed","","N","N","1683","42130598_1","M.BANK","S42130598_1","","Sell","42130598","11-Aug-2026 01:13:19 AM","587486","USD","11-Aug-2026 01:14:31 AM","10-Aug-2028","0","USD","EQO","EQO","11-Aug-2026","TAUTO42130598_1","","New","","","","","8000","","GOOG.OQ","M","11-Aug-2026","STP","","11","Qty 34558","","C-MWIRE","","","","","","","","",
"CONFIRMED","N/A","Executed","11-Aug-2026 at 01:13:14 AM EDT - SWMatcher -  ' Matched Fields are Trade Signature, Cpty Trade Id & Account Id. Status updated to Confirmed '|","N","N","1683","42130594_1","M.BANK","42130594","","Pay Equity,Rec Interest","42130594","11-Aug-2026 01:10:05 AM","0","USD","11-Aug-2026 01:13:14 AM","12-Aug-2027","33559200","USD","EQS","EQS","11-Aug-2026","TAUTO42130594_1","","New","","","","0","0","",".SPX","M","11-Aug-2026","STP","","","Qty 360","","C-MWIRE","","0","0","","","0","0","",
"CONFIRMED","N/A","Executed","","N","N","1683","42130596_1","M.BANK","S42130596_1","","Sell","42130596","11-Aug-2026 01:12:06 AM","6118147200","USD","11-Aug-2026 01:13:11 AM","15-Sep-2026","0","USD","EQO","EQO","11-Aug-2026","TAUTO42130596_1","","New","","","","0","0","",".SPXAV10P","M","11-Aug-2026","STP","","10","Qty 305907360","","C-MWIRE","1","0","0","","","0","0","",
"CONFIRMED","N/A","Executed","","N","N","1683","42130595_1","M.BANK","S42130595_1","","Sell","42130595","11-Aug-2026 01:10:54 AM","0","USD","11-Aug-2026 01:11:57 AM","25-Sep-2030","140628013.33","USD","EQVS","EQVS","11-Aug-2026","TAUTO42130595_1","","New","","","","0","2000","","AIR.N","M","11-Aug-2026","STP","","9","","C-MWIRE","","0","0","","","0","0","",
"CONFIRMED","N/A","Executed","","N","N","1683","42130590_2","M.BANK","S42130590_2","","Sell","42130590","11-Aug-2026 01:08:10 AM","1000","USD","11-Aug-2026 01:11:34 AM","15-Sep-2026","0","USD","EQO","EQO","11-Aug-2026","TAUTO42130590_2","","Amend","A","","","","1000","",".SPXAV10P","M","11-Aug-2026","STP","","1","Qty 602","","C-MWIRE","","","","","","","","",
"CONFIRMED","N/A","Executed","","N","N","1683","42130593_2","M.BANK","S42130593_2","","Buy","42130593","11-Aug-2026 01:09:39 AM","161005850","USD","11-Aug-2026 01:10:18 AM","11-Aug-2027","0","USD","EQACC","EQACC","11-Aug-2026","TAUTO42130593_2","","Cancel","","","","","","","GOOG.O","M","11-Aug-2026","STP","","","","","C-MWIRE","","","","","","","","",
"CONFIRMED","N/A","Executed","11-Aug-2026 at 01:09:46 AM EDT - SWMatcher -  ' Matched Fields are Trade Signature, Cpty Trade Id & Account Id. Status updated to Confirmed '|","N","N","1683","42130584_2","M.BANK","42130592","","Pay Equity,Rec Interest","42130584","11-Aug-2026 01:01:38 AM","","AUD","11-Aug-2026 01:09:46 AM","15-Aug-2028","3246633836280","AUD","EQS","EQS","11-Aug-2026","TAUTO42130592_1","","Cancel","","","","","7860","","QAN.AX","M","11-Aug-2026","STP","","","Qty 480555630","","C-MWIRE","","","","","","","","",
"CONFIRMED","N/A","Executed","","N","N","1683","42130593_1","M.BANK","S42130593_1","","Buy","42130593","11-Aug-2026 01:08:12 AM","161005850","USD","11-Aug-2026 01:09:19 AM","11-Aug-2027","0","USD","EQACC","EQACC","11-Aug-2026","TAUTO42130593_1","","New","","","","","","","GOOG.O","M","11-Aug-2026","STP","","","","","C-MWIRE","","","","","","","","",
"CONFIRMED","N/A","Executed","","N","N","1683","42130589_2","M.BANK","S42130589_2","","Buy","42130589","11-Aug-2026 01:06:48 AM","","USD","11-Aug-2026 01:07:24 AM","","35000","USD","VOL","VOL","11-Aug-2026","TAUTO42130589_2","","Cancel","","","","","6000","","GOOGLUSD.S","M","11-Aug-2026","STP","","13","","C-MWIRE","","","","","","","","",
"CONFIRMED","N/A","Executed","","N","N","1683","42130590_1","M.BANK","S42130590_1","","Sell","42130590","11-Aug-2026 01:05:58 AM","1000","USD","11-Aug-2026 01:07:07 AM","15-Sep-2026","0","USD","EQO","EQO","11-Aug-2026","TAUTO42130590_1","","New","","","","0","1000","",".SPXAV10P","M","11-Aug-2026","STP","","1","Qty 504328270","","C-MWIRE","","0","0","","","0","0","",
"CPTY ALLEGED","N/A","Doc(s) Req'd","","N","N","MWMF_FUND1","42130588_2","M.BANK","","Americas Master EQ IN OP","Buy","42130588","11-Aug-2026 01:06:25 AM","24574025750","USD","11-Aug-2026 01:06:33 AM","15-Sep-2027","0","USD","EQO","EQO","11-Aug-2026","A42130588_1_2_08112026_E","","F.Exer","","","","0","0","",".SPXAV10P","","11-Aug-2026","STP","two-way","15","Qty 982961030","","","1","0","0","","","0","0","",
"CONFIRMED","N/A","Executed","","N","N","1683","42130589_1","M.BANK","S42130589_1","","Buy","42130589","11-Aug-2026 01:05:18 AM","","USD","11-Aug-2026 01:06:25 AM","","35000","USD","VOL","VOL","11-Aug-2026","TAUTO42130589_1","","New","","","","","6000","","GOOGLUSD.S","M","11-Aug-2026","STP","","13","","C-MWIRE","","","","","","","","",
"CONFIRMED","N/A","Executed","11-Aug-2026 at 01:06:24 AM EDT - SWMatcher -  ' Matched Fields are Trade Signature, Cpty Trade Id & Account Id. Status updated to Confirmed '|","N","N","1683","42130584_1","M.BANK","42130584","","Rec Equity,Pay Interest","42130584","11-Aug-2026 01:01:38 AM","0","USD","11-Aug-2026 01:06:25 AM","15-Aug-2028","3246633836280","USD","EQS","EQS","11-Aug-2026","TAUTO42130584_1","","New","","","","0","7860","","QAN.AX","M","11-Aug-2026","STP","","","Qty 480555630","","C-MWIRE","","0","0","","","0","0","",
"CONFIRMED","N/A","Executed","","N","N","1683","42130588_1","M.BANK","S42130588_1","","Sell","42130588","11-Aug-2026 01:04:57 AM","24574025750","USD","11-Aug-2026 01:06:04 AM","15-Sep-2027","0","USD","EQO","EQO","11-Aug-2026","TAUTO42130588_1","","New","","","","0","0","",".SPXAV10P","M","11-Aug-2026","STP","","15","Qty 982961030","","C-MWIRE","1","0","0","","","0","0","",
"CONFIRMED","N/A","Executed","","N","N","1683","42130585_2","M.BANK","S42130586_1","","Pay Equity,Rec Interest","42130585","11-Aug-2026 01:01:41 AM","0","AUD","11-Aug-2026 01:05:17 AM","15-Aug-2028","3751078075440","AUD","EQS","EQS","11-Aug-2026","TAUTO42130586_1","","Cancel","","","","0","7860","","QAN.AX","M","11-Aug-2026","STP","","","Qty 555221740","","C-MWIRE","","0","0","","","0","0","",
"CONFIRMED","N/A","Executed","","N","N","1683","42130582_2","M.BANK","S42130582_2","","Sell","42130582","11-Aug-2026 01:03:38 AM","54210","USD","11-Aug-2026 01:04:22 AM","10-Aug-2028","0","USD","EQO","EQO","11-Aug-2026","TAUTO42130582_2","","Exer","","","","0","5000","","","M","11-Aug-2026","STP","","11","Qty 4170","","C-MWIRE","","0","0","","","0","0","",
"CONFIRMED","N/A","Executed","","N","N","1683","42130585_1","M.BANK","S42130585_1","","Rec Equity,Pay Interest","42130585","11-Aug-2026 01:01:41 AM","0","USD","11-Aug-2026 01:03:30 AM","15-Aug-2028","3751078075440","USD","EQS","EQS","11-Aug-2026","TAUTO42130585_1","","New","","","","0","7860","","QAN.AX","M","11-Aug-2026","STP","","","Qty 555221740","","C-MWIRE","","0","0","","","0","0","",
"CONFIRMED","N/A","Executed","","N","N","1683","42130581_1","M.BANK","S42130581_1","","Sell","42130581","11-Aug-2026 01:01:36 AM","8759906400","USD","11-Aug-2026 01:03:16 AM","15-Sep-2026","0","USD","EQO","EQO","11-Aug-2026","TAUTO42130581_1","","New","","","","0","0","",".SPXAV10P","M","11-Aug-2026","STP","","10","Qty 437995320","","C-MWIRE","1","0","0","","","0","0","",
"CONFIRMED","N/A","Executed","","N","N","1683","42130582_1","M.BANK","S42130582_1","","Sell","42130582","11-Aug-2026 01:01:30 AM","54210","USD","11-Aug-2026 01:03:10 AM","10-Aug-2028","0","USD","EQO","EQO","11-Aug-2026","TAUTO42130582_1","","New","","","","","5000","","GOOG.OQ","M","11-Aug-2026","STP","","11","Qty 4170","","C-MWIRE","","","","","","","","",
"CPTY ALLEGED","N/A","Doc(s) Req'd","","N","N","MWMF_FUND1","42130579_1","M.BANK","","Global Master EQ SH SW","Pay Equity,Rec Interest","42130579","11-Aug-2026 12:56:44 AM","0","USD","11-Aug-2026 12:57:17 AM","15-Aug-2028","6440126868240","USD","EQS","EQS","11-Aug-2026","","","New","","","","0","7860","","QAN.AX","","11-Aug-2026","STP","two-way","","Qty 953245540","","","","0","0","","","0","0","",
"CPTY ALLEGED","N/A","Doc(s) Req'd","","N","N","MWMF_FUND1","42130578_1","M.BANK","","Americas Master EQ IN OP","Buy","42130578","11-Aug-2026 12:56:42 AM","8651431200","USD","11-Aug-2026 12:57:12 AM","15-Sep-2026","0","USD","EQO","EQO","11-Aug-2026","","","New","","","","0","0","",".SPXAV10P","","11-Aug-2026","STP","two-way","10","Qty 432571560","","","1","0","0","","","0","0","",
"CONFIRMED","N/A","Executed","11-Aug-2026 at 12:26:35 AM EDT - MarkitWire -  ' 1683 :Deal has been accepted '|11-Aug-2026 at 12:26:32 AM EDT - mw.demo -  ' Trade manually affirmed '|","N","N","1683","42130576_1","M.BANK","DK_BYSE_NEW04","","","42130571","","0","","11-Aug-2026 12:26:51 AM","31-Aug-2026","0","","BYSE","BYSE","11-Aug-2026","DK_BYSE_NEW04_TERM","","Term","","","","0","0","","","M","11-Aug-2026","STP","","","","","C-MWIRE","","1200","1300","3.5","","0","12","",
"CONFIRMED","N/A","Executed","11-Aug-2026 at 12:22:56 AM EDT - MarkitWire -  ' 1683 :Deal has been accepted '|11-Aug-2026 at 12:21:24 AM EDT - System -  ' Disputed Field(s): Repo Spread (bp) (Dealer : NOT PROVIDED),Floating Rate Index (Dealer : NOT PROVIDED),Initial Margin (%) (Dealer : NOT PROVIDED),Security Quantity (Units) (Dealer : 12),Extension Style (Dealer : NOT PROVIDED),Calling Party (De(...) '|","N","N","1683","42130571_1","M.BANK","DK_BYSE_NEW04","","","42130571","","","","11-Aug-2026 12:23:04 AM","31-Aug-2026","0","","BYSE","BYSE","11-Aug-2026","DK_BYSE_NEW04","","New","","","","","","","","M","11-Aug-2026","STP","","","","","C-MWIRE","","1200","1300","3.5","","","12","",
"AFFIRMED","N/A","Doc(s) Req'd","","N","N","1683","42130569_1","M.BANK","DK_BYSE_NEW03","","","42130569","","","","11-Aug-2026 12:15:39 AM","31-Aug-2026","0","","BYSE","BYSE","11-Aug-2026","DK_BYSE_NEW03","","New","","","","","","","","M","11-Aug-2026","","","","","","","","1000","","","10","","100","",
